2025-03-23 23:44:50,091 [INFO] Loading spaCy model: en_core_web_md
2025-03-23 23:44:52,676 [INFO] spaCy model loaded successfully.
2025-03-23 23:44:54,029 [INFO] Loading spaCy model: en_core_web_md
2025-03-23 23:44:56,252 [INFO] spaCy model loaded successfully.
2025-03-23 23:44:56,495 [DEBUG] Using selector: EpollSelector
2025-03-23 23:45:05,356 [INFO] Loaded 16 snippets from data/CORZ_financial-information.json
2025-03-23 23:45:05,356 [INFO] Processing snippet #1 / 16
2025-03-23 23:45:05,357 [DEBUG] Starting construct_event_json function.
2025-03-23 23:45:05,357 [DEBUG] html_element length=2893
2025-03-23 23:45:05,357 [DEBUG] equity_ticker=CORZ, geography=US, periodicity=non-periodic
2025-03-23 23:45:05,357 [DEBUG] 

2025-03-23 23:45:05,357 [DEBUG] Original Snippet Text: 
          <div class="col-md-4 results-info">
        <h3>FY 2024</h3>
                <div class="date">Fiscal Year Ended Dec 31, 2024</div>
                        
      </div>
    
    <div class="col-md-8">     
    

    <div class="result-line">
                        <a href="https://investors.corescientific.com/news-events/press-releases/detail/109/core-scientific-announces-fiscal-fourth-quarter-and-full-fiscal-year-2024-results" class="headline-link" aria-label="Earnings Release FY 2024">
                <span class="headline">Earnings Release</span>
                <span class="result-link link" aria-hidden="true"><span class="eqicon-HTML"></span>HTML</span>
            </a>
            <a href="https://d1io3yog0oux5.cloudfront.net/_1809aef3bf74227ab43f8f02a5800c1a/corescientific/news/2025-02-26_Core_Scientific_Announces_Fiscal_Fourth_Quarter_109.pdf" class="result-link link" target="_blank" rel="noopener" aria-label="Earnings Release FY 2024 PDF" title="Opens in a new window"><span class="eqicon-PDF"></span>PDF</a>
                </div>

<div class="result-line">
    <a href="https://event.choruscall.com/mediaframe/webcast.html?webcastid=ymDjLEm1" target="_blank" rel="noopener" class="headline-link" aria-label="Earnings Webcast FY 2024 Audio" title="Opens in a new window">
        <span class="headline">Earnings Webcast</span>
        <span class="result-link link" aria-hidden="true"><span class="eqicon-MP3"></span>Audio</span>
    </a>
</div>
<div class="result-line">
    <a href="https://d1io3yog0oux5.cloudfront.net/_1809aef3bf74227ab43f8f02a5800c1a/corescientific/db/946/9334/presentation/CORZ+Earnings+Presentation+Q4+2024.pdf" class="headline-link" target="_blank" rel="noopener" aria-label="Presentation FY 2024 PDF" title="Opens in a new window">
        <span class="headline">Presentation</span>
        <span class="result-link link" aria-hidden="true"><span class="eqicon-PDF"></span>PDF</span>
    </a>
</div><div class="result-line">
    <a href="/sec-filings/all-sec-filings/content/0001628280-25-008302/core-20241231.htm" class="headline-link" aria-label="10-K FY 2024" target="_blank" rel="noopener" title="Opens in a new window">
        <span class="headline">10-K</span>
        <span class="result-link link" aria-hidden="true"><span class="eqicon-HTML"></span>HTML</span>
    </a>
    <a href="/sec-filings/all-sec-filings/content/0001628280-25-008302/0001628280-25-008302.pdf" class="result-link link" aria-label="10-K FY 2024 PDF" target="_blank" rel="noopener" title="Opens in a new window"><span class="eqicon-PDF"></span>PDF</a>
    <a href="/sec-filings/all-sec-filings/content/0001628280-25-008302/0001628280-25-008302-xbrl.zip" aria-label="Download Raw XBRL Zip Files of 10-K FY 2024" class="link" target="_blank" rel="noopener" title="Opens in a new window"><span class="eqicon-ZIP"></span>XBRL Zip</a>
</div>    </div>
  
2025-03-23 23:45:05,361 [DEBUG] Original Snippet Text: FY 2024 Fiscal Year Ended Dec 31, 2024 Earnings Release HTML PDF Earnings Webcast Audio Presentation PDF 10-K HTML PDF XBRL Zip
2025-03-23 23:45:05,393 [DEBUG] Analyzing Sentence: 'FY 2024 Fiscal Year Ended Dec 31, 2024 Earnings Release HTML PDF Earnings Webcast Audio Presentation PDF 10-K HTML PDF XBRL Zip'
2025-03-23 23:45:05,404 [DEBUG] Match found! Token='Fiscal' ~ Concept='fiscal report' (sim=0.88)
2025-03-23 23:45:05,404 [DEBUG] Cleaning up sentence: 'FY 2024 Fiscal Year Ended Dec 31, 2024 Earnings Release HTML PDF Earnings Webcast Audio Presentation PDF 10-K HTML PDF XBRL Zip'
2025-03-23 23:45:05,405 [DEBUG] Final Extracted Event Name: FY 2024 Fiscal Year Ended Dec 31, 2024 Earnings Release Earnings Webcast Presentation 10-K
2025-03-23 23:45:05,405 [DEBUG] Extracted event_name=FY 2024 Fiscal Year Ended Dec 31, 2024 Earnings Release Earnings Webcast Presentation 10-K
2025-03-23 23:45:05,491 [DEBUG] /etc/timezone found, contents:
 Asia/Karachi

2025-03-23 23:45:05,492 [DEBUG] /etc/localtime found
2025-03-23 23:45:05,493 [DEBUG] 2 found:
 {'/etc/timezone': 'Asia/Karachi', '/etc/localtime is a symlink to': 'Asia/Karachi'}
2025-03-23 23:45:05,499 [DEBUG] Extracted published_date=2024-12-31
2025-03-23 23:45:05,499 [DEBUG] 
----------------------------------------------------
2025-03-23 23:45:05,499 [DEBUG] Raw HTML Snippet (truncated):

          <div class="col-md-4 results-info">
        <h3>FY 2024</h3>
                <div class="date">Fiscal Year Ended Dec 31, 2024</div>
                        
      </div>
    
    <div class="col-md-8">     
    

    <div class="result-line">
                        <a href="https://inves...
2025-03-23 23:45:05,500 [DEBUG] ----------------------------------------------------
2025-03-23 23:45:05,502 [DEBUG] Extracted Text:
FY 2024 Fiscal Year Ended Dec 31, 2024 Earnings Release HTML PDF Earnings Webcast Audio Presentation PDF 10-K HTML PDF XBRL Zip Earnings Release HTML https://investors.corescientific.com/news-events/press-releases/detail/109/core-scientific-announces-fiscal-fourth-quarter-and-full-fiscal-year-2024-results PDF https://d1io3yog0oux5.cloudfront.net/_1809aef3bf74227ab43f8f02a5800c1a/corescientific/news/2025-02-26_Core_Scientific_Announces_Fiscal_Fourth_Quarter_109.pdf Earnings Webcast Audio https://event.choruscall.com/mediaframe/webcast.html?webcastid=ymDjLEm1 Presentation PDF https://d1io3yog0oux5.cloudfront.net/_1809aef3bf74227ab43f8f02a5800c1a/corescientific/db/946/9334/presentation/CORZ+Earnings+Presentation+Q4+2024.pdf 10-K HTML /sec-filings/all-sec-filings/content/0001628280-25-008302/core-20241231.htm PDF /sec-filings/all-sec-filings/content/0001628280-25-008302/0001628280-25-008302.pdf XBRL Zip /sec-filings/all-sec-filings/content/0001628280-25-008302/0001628280-25-008302-xbrl.zip

2025-03-23 23:45:05,505 [DEBUG] [DICT] Found dictionary-based content types: {'webcast', 'sec_filing', 'financial_filing', 'presentation', '10-K'}
2025-03-23 23:45:05,761 [DEBUG] [SIM] Found similarity-based content types: {'webcast', 'presentation'}
2025-03-23 23:45:05,761 [DEBUG] [UNION] Final content types = {'webcast', 'sec_filing', 'financial_filing', 'presentation', '10-K'}
2025-03-23 23:45:05,761 [DEBUG] Extracted content_type=['webcast', 'sec_filing', 'financial_filing', 'presentation', '10-K']
2025-03-23 23:45:05,765 [DEBUG] Starting new HTTPS connection (1): investors.corescientific.com:443
2025-03-23 23:45:06,126 [DEBUG] https://investors.corescientific.com:443 "GET /news-events/press-releases/detail/109/core-scientific-announces-fiscal-fourth-quarter-and-full-fiscal-year-2024-results HTTP/1.1" 200 27409
2025-03-23 23:45:06,333 [DEBUG] Changing event name from creating-client-class.iot-data to creating-client-class.iot-data-plane
2025-03-23 23:45:06,345 [DEBUG] Changing event name from before-call.apigateway to before-call.api-gateway
2025-03-23 23:45:06,353 [DEBUG] Changing event name from request-created.machinelearning.Predict to request-created.machine-learning.Predict
2025-03-23 23:45:06,363 [DEBUG] Changing event name from before-parameter-build.autoscaling.CreateLaunchConfiguration to before-parameter-build.auto-scaling.CreateLaunchConfiguration
2025-03-23 23:45:06,365 [DEBUG] Changing event name from before-parameter-build.route53 to before-parameter-build.route-53
2025-03-23 23:45:06,370 [DEBUG] Changing event name from request-created.cloudsearchdomain.Search to request-created.cloudsearch-domain.Search
2025-03-23 23:45:06,375 [DEBUG] Changing event name from docs.*.autoscaling.CreateLaunchConfiguration.complete-section to docs.*.auto-scaling.CreateLaunchConfiguration.complete-section
2025-03-23 23:45:06,393 [DEBUG] Changing event name from before-parameter-build.logs.CreateExportTask to before-parameter-build.cloudwatch-logs.CreateExportTask
2025-03-23 23:45:06,394 [DEBUG] Changing event name from docs.*.logs.CreateExportTask.complete-section to docs.*.cloudwatch-logs.CreateExportTask.complete-section
2025-03-23 23:45:06,395 [DEBUG] Changing event name from before-parameter-build.cloudsearchdomain.Search to before-parameter-build.cloudsearch-domain.Search
2025-03-23 23:45:06,396 [DEBUG] Changing event name from docs.*.cloudsearchdomain.Search.complete-section to docs.*.cloudsearch-domain.Search.complete-section
2025-03-23 23:45:06,408 [DEBUG] Loading JSON file: /home/syed-hassan-ul-haq/repos/fin_scraper/venv/lib/python3.12/site-packages/botocore/data/endpoints.json
2025-03-23 23:45:06,537 [DEBUG] Loading JSON file: /home/syed-hassan-ul-haq/repos/fin_scraper/venv/lib/python3.12/site-packages/botocore/data/sdk-default-configuration.json
2025-03-23 23:45:06,539 [DEBUG] Event choose-service-name: calling handler <function handle_service_name_alias at 0x7e639f144b80>
2025-03-23 23:45:06,587 [DEBUG] Loading JSON file: /home/syed-hassan-ul-haq/repos/fin_scraper/venv/lib/python3.12/site-packages/botocore/data/s3/2006-03-01/service-2.json.gz
2025-03-23 23:45:06,609 [DEBUG] Loading JSON file: /home/syed-hassan-ul-haq/repos/fin_scraper/venv/lib/python3.12/site-packages/botocore/data/s3/2006-03-01/service-2.sdk-extras.json
2025-03-23 23:45:06,639 [DEBUG] Loading JSON file: /home/syed-hassan-ul-haq/repos/fin_scraper/venv/lib/python3.12/site-packages/botocore/data/s3/2006-03-01/endpoint-rule-set-1.json.gz
2025-03-23 23:45:06,647 [DEBUG] Loading JSON file: /home/syed-hassan-ul-haq/repos/fin_scraper/venv/lib/python3.12/site-packages/botocore/data/partitions.json
2025-03-23 23:45:06,650 [DEBUG] Event creating-client-class.s3: calling handler <function add_generate_presigned_post at 0x7e639f2d2700>
2025-03-23 23:45:06,651 [DEBUG] Event creating-client-class.s3: calling handler <function lazy_call.<locals>._handler at 0x7e639ed42520>
2025-03-23 23:45:06,699 [DEBUG] Event creating-client-class.s3: calling handler <function add_generate_presigned_url at 0x7e639f2d2480>
2025-03-23 23:45:06,703 [DEBUG] Setting s3 timeout as (60, 60)
2025-03-23 23:45:06,708 [DEBUG] Loading JSON file: /home/syed-hassan-ul-haq/repos/fin_scraper/venv/lib/python3.12/site-packages/botocore/data/_retry.json
2025-03-23 23:45:06,709 [DEBUG] Registering retry handlers for service: s3
2025-03-23 23:45:06,710 [DEBUG] Registering S3 region redirector handler
2025-03-23 23:45:06,711 [DEBUG] Registering S3Express Identity Resolver
2025-03-23 23:45:06,713 [DEBUG] Event before-parameter-build.s3.PutObject: calling handler <function validate_ascii_metadata at 0x7e639f1476a0>
2025-03-23 23:45:06,714 [DEBUG] Event before-parameter-build.s3.PutObject: calling handler <function sse_md5 at 0x7e639f146980>
2025-03-23 23:45:06,714 [DEBUG] Event before-parameter-build.s3.PutObject: calling handler <function convert_body_to_file_like_object at 0x7e639f16c0e0>
2025-03-23 23:45:06,714 [DEBUG] Event before-parameter-build.s3.PutObject: calling handler <function validate_bucket_name at 0x7e639f1468e0>
2025-03-23 23:45:06,714 [DEBUG] Event before-parameter-build.s3.PutObject: calling handler <function remove_bucket_from_url_paths_from_model at 0x7e639f16cae0>
2025-03-23 23:45:06,714 [DEBUG] Event before-parameter-build.s3.PutObject: calling handler <bound method S3RegionRedirectorv2.annotate_request_context of <botocore.utils.S3RegionRedirectorv2 object at 0x7e639e2a5370>>
2025-03-23 23:45:06,715 [DEBUG] Event before-parameter-build.s3.PutObject: calling handler <bound method ClientCreator._inject_s3_input_parameters of <botocore.client.ClientCreator object at 0x7e63ab060f80>>
2025-03-23 23:45:06,715 [DEBUG] Event before-parameter-build.s3.PutObject: calling handler <function generate_idempotent_uuid at 0x7e639f146700>
2025-03-23 23:45:06,715 [DEBUG] Event before-parameter-build.s3.PutObject: calling handler <function _handle_request_validation_mode_member at 0x7e639f16d260>
2025-03-23 23:45:06,716 [DEBUG] Event before-endpoint-resolution.s3: calling handler <function customize_endpoint_resolver_builtins at 0x7e639f16ccc0>
2025-03-23 23:45:06,716 [DEBUG] Event before-endpoint-resolution.s3: calling handler <bound method S3RegionRedirectorv2.redirect_from_cache of <botocore.utils.S3RegionRedirectorv2 object at 0x7e639e2a5370>>
2025-03-23 23:45:06,717 [DEBUG] Calling endpoint provider with parameters: {'Bucket': 'fin-scraping-bucket', 'Region': 'us-east-1', 'UseFIPS': False, 'UseDualStack': False, 'Endpoint': 'https://3c5636b6cfe0011ec1887ff62b057097.r2.cloudflarestorage.com', 'ForcePathStyle': True, 'Accelerate': False, 'UseGlobalEndpoint': True, 'Key': 'CORZ/2024-12-31/core-scientific-announces-fiscal-fourth-quarter-and-full-fiscal-year-2024-results/core-scientific-announces-fiscal-fourth-quarter-and-full-fiscal-year-2024-results', 'DisableMultiRegionAccessPoints': False, 'UseArnRegion': True}
2025-03-23 23:45:06,719 [DEBUG] Endpoint provider result: https://3c5636b6cfe0011ec1887ff62b057097.r2.cloudflarestorage.com/fin-scraping-bucket
2025-03-23 23:45:06,719 [DEBUG] Selecting from endpoint provider's list of auth schemes: "sigv4". User selected auth scheme is: "None"
2025-03-23 23:45:06,719 [DEBUG] Selected auth type "v4" as "v4" with signing context params: {'region': 'us-east-1', 'signing_name': 's3', 'disableDoubleEncoding': True}
2025-03-23 23:45:06,720 [DEBUG] Event before-call.s3.PutObject: calling handler <function add_expect_header at 0x7e639f146ca0>
2025-03-23 23:45:06,721 [DEBUG] Adding expect 100 continue header to request.
2025-03-23 23:45:06,721 [DEBUG] Event before-call.s3.PutObject: calling handler <bound method S3ExpressIdentityResolver.apply_signing_cache_key of <botocore.utils.S3ExpressIdentityResolver object at 0x7e639e2df470>>
2025-03-23 23:45:06,721 [DEBUG] Event before-call.s3.PutObject: calling handler <function add_recursion_detection_header at 0x7e639f145b20>
2025-03-23 23:45:06,721 [DEBUG] Event before-call.s3.PutObject: calling handler <function add_query_compatibility_header at 0x7e639f16d1c0>
2025-03-23 23:45:06,722 [DEBUG] Event before-call.s3.PutObject: calling handler <function inject_api_version_header_if_needed at 0x7e639f16c220>
2025-03-23 23:45:06,722 [DEBUG] Making request for OperationModel(name=PutObject) with params: {'url_path': '/CORZ/2024-12-31/core-scientific-announces-fiscal-fourth-quarter-and-full-fiscal-year-2024-results/core-scientific-announces-fiscal-fourth-quarter-and-full-fiscal-year-2024-results', 'query_string': {}, 'method': 'PUT', 'headers': {'User-Agent': 'Boto3/1.37.16 md/Botocore#1.37.17 ua/2.1 os/linux#6.11.0-19-generic md/arch#x86_64 lang/python#3.12.3 md/pyimpl#CPython m/N cfg/retry-mode#legacy Botocore/1.37.17', 'Expect': '100-continue', 'Transfer-Encoding': 'chunked', 'Content-Encoding': 'aws-chunked', 'X-Amz-Trailer': 'x-amz-checksum-crc32', 'X-Amz-Decoded-Content-Length': '348796', 'x-amz-sdk-checksum-algorithm': 'CRC32'}, 'body': <botocore.httpchecksum.AwsChunkedWrapper object at 0x7e639e2dfd10>, 'auth_path': '/fin-scraping-bucket/CORZ/2024-12-31/core-scientific-announces-fiscal-fourth-quarter-and-full-fiscal-year-2024-results/core-scientific-announces-fiscal-fourth-quarter-and-full-fiscal-year-2024-results', 'url': 'https://3c5636b6cfe0011ec1887ff62b057097.r2.cloudflarestorage.com/fin-scraping-bucket/CORZ/2024-12-31/core-scientific-announces-fiscal-fourth-quarter-and-full-fiscal-year-2024-results/core-scientific-announces-fiscal-fourth-quarter-and-full-fiscal-year-2024-results', 'context': {'client_region': 'us-east-1', 'client_config': <botocore.config.Config object at 0x7e639e3c43e0>, 'has_streaming_input': True, 'auth_type': 'v4', 'unsigned_payload': None, 's3_redirect': {'redirected': False, 'bucket': 'fin-scraping-bucket', 'params': {'Bucket': 'fin-scraping-bucket', 'Key': 'CORZ/2024-12-31/core-scientific-announces-fiscal-fourth-quarter-and-full-fiscal-year-2024-results/core-scientific-announces-fiscal-fourth-quarter-and-full-fiscal-year-2024-results', 'Body': <_io.BufferedReader name='downloads/core-scientific-announces-fiscal-fourth-quarter-and-full-fiscal-year-2024-results'>}}, 'input_params': {'Bucket': 'fin-scraping-bucket', 'Key': 'CORZ/2024-12-31/core-scientific-announces-fiscal-fourth-quarter-and-full-fiscal-year-2024-results/core-scientific-announces-fiscal-fourth-quarter-and-full-fiscal-year-2024-results'}, 'signing': {'region': 'us-east-1', 'signing_name': 's3', 'disableDoubleEncoding': True}, 'endpoint_properties': {'authSchemes': [{'disableDoubleEncoding': True, 'name': 'sigv4', 'signingName': 's3', 'signingRegion': 'us-east-1'}]}, 'checksum': {'request_algorithm_header': {'name': 'x-amz-sdk-checksum-algorithm', 'value': 'CRC32'}, 'request_algorithm': {'algorithm': 'crc32', 'in': 'trailer', 'name': 'x-amz-checksum-crc32'}}}}
2025-03-23 23:45:06,723 [DEBUG] Event request-created.s3.PutObject: calling handler <bound method RequestSigner.handler of <botocore.signers.RequestSigner object at 0x7e639f12daf0>>
2025-03-23 23:45:06,724 [DEBUG] Event choose-signer.s3.PutObject: calling handler <bound method ClientCreator._default_s3_presign_to_sigv2 of <botocore.client.ClientCreator object at 0x7e63ab060f80>>
2025-03-23 23:45:06,724 [DEBUG] Event choose-signer.s3.PutObject: calling handler <function set_operation_specific_signer at 0x7e639f146520>
2025-03-23 23:45:06,724 [DEBUG] Event before-sign.s3.PutObject: calling handler <function remove_arn_from_signing_path at 0x7e639f16cc20>
2025-03-23 23:45:06,725 [DEBUG] Event before-sign.s3.PutObject: calling handler <function _set_extra_headers_for_unsigned_request at 0x7e639f16d300>
2025-03-23 23:45:06,725 [DEBUG] Event before-sign.s3.PutObject: calling handler <bound method S3ExpressIdentityResolver.resolve_s3express_identity of <botocore.utils.S3ExpressIdentityResolver object at 0x7e639e2df470>>
2025-03-23 23:45:06,726 [DEBUG] Calculating signature using v4 auth.
2025-03-23 23:45:06,726 [DEBUG] CanonicalRequest:
PUT
/fin-scraping-bucket/CORZ/2024-12-31/core-scientific-announces-fiscal-fourth-quarter-and-full-fiscal-year-2024-results/core-scientific-announces-fiscal-fourth-quarter-and-full-fiscal-year-2024-results

content-encoding:aws-chunked
host:3c5636b6cfe0011ec1887ff62b057097.r2.cloudflarestorage.com
x-amz-content-sha256:STREAMING-UNSIGNED-PAYLOAD-TRAILER
x-amz-date:20250323T184506Z
x-amz-decoded-content-length:348796
x-amz-sdk-checksum-algorithm:CRC32
x-amz-trailer:x-amz-checksum-crc32

content-encoding;host;x-amz-content-sha256;x-amz-date;x-amz-decoded-content-length;x-amz-sdk-checksum-algorithm;x-amz-trailer
STREAMING-UNSIGNED-PAYLOAD-TRAILER
2025-03-23 23:45:06,726 [DEBUG] StringToSign:
AWS4-HMAC-SHA256
20250323T184506Z
20250323/us-east-1/s3/aws4_request
1fbc771ba9c7b5c8c671f1b9da455773d104bbded408cd45e016db087c2bc9bc
2025-03-23 23:45:06,727 [DEBUG] Signature:
37fcaf897e6532782c53e499d43fe6dac217e1ef639875d4042b67f1b2600dfc
2025-03-23 23:45:06,727 [DEBUG] Event request-created.s3.PutObject: calling handler <bound method UserAgentString.rebuild_and_replace_user_agent_handler of <botocore.useragent.UserAgentString object at 0x7e639e3c45f0>>
2025-03-23 23:45:06,728 [DEBUG] Event request-created.s3.PutObject: calling handler <function add_retry_headers at 0x7e639f16ca40>
2025-03-23 23:45:06,728 [DEBUG] Sending http request: <AWSPreparedRequest stream_output=False, method=PUT, url=https://3c5636b6cfe0011ec1887ff62b057097.r2.cloudflarestorage.com/fin-scraping-bucket/CORZ/2024-12-31/core-scientific-announces-fiscal-fourth-quarter-and-full-fiscal-year-2024-results/core-scientific-announces-fiscal-fourth-quarter-and-full-fiscal-year-2024-results, headers={'User-Agent': b'Boto3/1.37.16 md/Botocore#1.37.17 ua/2.1 os/linux#6.11.0-19-generic md/arch#x86_64 lang/python#3.12.3 md/pyimpl#CPython m/N cfg/retry-mode#legacy Botocore/1.37.17', 'Expect': b'100-continue', 'Transfer-Encoding': b'chunked', 'Content-Encoding': b'aws-chunked', 'X-Amz-Trailer': b'x-amz-checksum-crc32', 'X-Amz-Decoded-Content-Length': b'348796', 'x-amz-sdk-checksum-algorithm': b'CRC32', 'X-Amz-Date': b'20250323T184506Z', 'X-Amz-Content-SHA256': b'STREAMING-UNSIGNED-PAYLOAD-TRAILER', 'Authorization': b'AWS4-HMAC-SHA256 Credential=f1ac1dc043a240f996be558cfba72868/20250323/us-east-1/s3/aws4_request, SignedHeaders=content-encoding;host;x-amz-content-sha256;x-amz-date;x-amz-decoded-content-length;x-amz-sdk-checksum-algorithm;x-amz-trailer, Signature=37fcaf897e6532782c53e499d43fe6dac217e1ef639875d4042b67f1b2600dfc', 'amz-sdk-invocation-id': b'cf01e7f4-73b3-4707-be5c-d775c2f230ec', 'amz-sdk-request': b'attempt=1'}>
2025-03-23 23:45:06,730 [DEBUG] Certificate path: /home/syed-hassan-ul-haq/repos/fin_scraper/venv/lib/python3.12/site-packages/certifi/cacert.pem
2025-03-23 23:45:06,731 [DEBUG] Starting new HTTPS connection (1): 3c5636b6cfe0011ec1887ff62b057097.r2.cloudflarestorage.com:443
2025-03-23 23:45:07,168 [DEBUG] Waiting for 100 Continue response.
2025-03-23 23:45:07,175 [DEBUG] 100 Continue response seen, now sending request body.
2025-03-23 23:45:09,657 [DEBUG] https://3c5636b6cfe0011ec1887ff62b057097.r2.cloudflarestorage.com:443 "PUT /fin-scraping-bucket/CORZ/2024-12-31/core-scientific-announces-fiscal-fourth-quarter-and-full-fiscal-year-2024-results/core-scientific-announces-fiscal-fourth-quarter-and-full-fiscal-year-2024-results HTTP/1.1" 200 0
2025-03-23 23:45:09,658 [DEBUG] Event before-parse.s3.PutObject: calling handler <function _handle_200_error at 0x7e639f16cfe0>
2025-03-23 23:45:09,659 [DEBUG] Event before-parse.s3.PutObject: calling handler <function handle_expires_header at 0x7e639f16ce00>
2025-03-23 23:45:09,659 [DEBUG] Response headers: {'Date': 'Sun, 23 Mar 2025 18:45:09 GMT', 'Content-Type': 'text/plain;charset=UTF-8', 'Content-Length': '0', 'Connection': 'keep-alive', 'ETag': '"36e540651d6830d612265e7f38b98476"', 'x-amz-checksum-crc32': 'Ekv1HQ==', 'x-amz-version-id': '7e6a3bad5237b8392d11ccb0bb601330', 'Vary': 'Accept-Encoding', 'Server': 'cloudflare', 'CF-RAY': '9250157fb8f021e4-KHI'}
2025-03-23 23:45:09,660 [DEBUG] Response body:
b''
2025-03-23 23:45:09,662 [DEBUG] Event needs-retry.s3.PutObject: calling handler <function _update_status_code at 0x7e639f16d120>
2025-03-23 23:45:09,662 [DEBUG] Event needs-retry.s3.PutObject: calling handler <botocore.retryhandler.RetryHandler object at 0x7e639e2df3e0>
2025-03-23 23:45:09,662 [DEBUG] No retry needed.
2025-03-23 23:45:09,663 [DEBUG] Event needs-retry.s3.PutObject: calling handler <bound method S3RegionRedirectorv2.redirect_from_error of <botocore.utils.S3RegionRedirectorv2 object at 0x7e639e2a5370>>
2025-03-23 23:45:09,669 [DEBUG] Constructed data object: {'file_name': 'core-scientific-announces-fiscal-fourth-quarter-and-full-fiscal-year-2024-results', 'file_type': 'html', 'published_date': '2024-12-31', 'url': 'https://3c5636b6cfe0011ec1887ff62b057097.r2.cloudflarestorage.com/fin-scraping-bucket/CORZ/2024-12-31/core-scientific-announces-fiscal-fourth-quarter-and-full-fiscal-year-2024-results/core-scientific-announces-fiscal-fourth-quarter-and-full-fiscal-year-2024-results', 'content_type': ['webcast', 'sec_filing', 'financial_filing', 'presentation', '10-K']}
2025-03-23 23:45:09,676 [DEBUG] Starting new HTTPS connection (1): d1io3yog0oux5.cloudfront.net:443
2025-03-23 23:45:09,773 [DEBUG] https://d1io3yog0oux5.cloudfront.net:443 "GET /_1809aef3bf74227ab43f8f02a5800c1a/corescientific/news/2025-02-26_Core_Scientific_Announces_Fiscal_Fourth_Quarter_109.pdf HTTP/1.1" 200 109109
2025-03-23 23:45:09,835 [DEBUG] Changing event name from creating-client-class.iot-data to creating-client-class.iot-data-plane
2025-03-23 23:45:09,848 [DEBUG] Changing event name from before-call.apigateway to before-call.api-gateway
2025-03-23 23:45:09,855 [DEBUG] Changing event name from request-created.machinelearning.Predict to request-created.machine-learning.Predict
2025-03-23 23:45:09,865 [DEBUG] Changing event name from before-parameter-build.autoscaling.CreateLaunchConfiguration to before-parameter-build.auto-scaling.CreateLaunchConfiguration
2025-03-23 23:45:09,866 [DEBUG] Changing event name from before-parameter-build.route53 to before-parameter-build.route-53
2025-03-23 23:45:09,871 [DEBUG] Changing event name from request-created.cloudsearchdomain.Search to request-created.cloudsearch-domain.Search
2025-03-23 23:45:09,877 [DEBUG] Changing event name from docs.*.autoscaling.CreateLaunchConfiguration.complete-section to docs.*.auto-scaling.CreateLaunchConfiguration.complete-section
2025-03-23 23:45:09,897 [DEBUG] Changing event name from before-parameter-build.logs.CreateExportTask to before-parameter-build.cloudwatch-logs.CreateExportTask
2025-03-23 23:45:09,898 [DEBUG] Changing event name from docs.*.logs.CreateExportTask.complete-section to docs.*.cloudwatch-logs.CreateExportTask.complete-section
2025-03-23 23:45:09,899 [DEBUG] Changing event name from before-parameter-build.cloudsearchdomain.Search to before-parameter-build.cloudsearch-domain.Search
2025-03-23 23:45:09,900 [DEBUG] Changing event name from docs.*.cloudsearchdomain.Search.complete-section to docs.*.cloudsearch-domain.Search.complete-section
2025-03-23 23:45:09,911 [DEBUG] Loading JSON file: /home/syed-hassan-ul-haq/repos/fin_scraper/venv/lib/python3.12/site-packages/botocore/data/endpoints.json
2025-03-23 23:45:10,027 [DEBUG] Loading JSON file: /home/syed-hassan-ul-haq/repos/fin_scraper/venv/lib/python3.12/site-packages/botocore/data/sdk-default-configuration.json
2025-03-23 23:45:10,028 [DEBUG] Event choose-service-name: calling handler <function handle_service_name_alias at 0x7e639f144b80>
2025-03-23 23:45:10,070 [DEBUG] Loading JSON file: /home/syed-hassan-ul-haq/repos/fin_scraper/venv/lib/python3.12/site-packages/botocore/data/s3/2006-03-01/service-2.json.gz
2025-03-23 23:45:10,088 [DEBUG] Loading JSON file: /home/syed-hassan-ul-haq/repos/fin_scraper/venv/lib/python3.12/site-packages/botocore/data/s3/2006-03-01/service-2.sdk-extras.json
2025-03-23 23:45:10,115 [DEBUG] Loading JSON file: /home/syed-hassan-ul-haq/repos/fin_scraper/venv/lib/python3.12/site-packages/botocore/data/s3/2006-03-01/endpoint-rule-set-1.json.gz
2025-03-23 23:45:10,123 [DEBUG] Loading JSON file: /home/syed-hassan-ul-haq/repos/fin_scraper/venv/lib/python3.12/site-packages/botocore/data/partitions.json
2025-03-23 23:45:10,127 [DEBUG] Event creating-client-class.s3: calling handler <function add_generate_presigned_post at 0x7e639f2d2700>
2025-03-23 23:45:10,127 [DEBUG] Event creating-client-class.s3: calling handler <function lazy_call.<locals>._handler at 0x7e639e2c1120>
2025-03-23 23:45:10,127 [DEBUG] Event creating-client-class.s3: calling handler <function add_generate_presigned_url at 0x7e639f2d2480>
2025-03-23 23:45:10,130 [DEBUG] Setting s3 timeout as (60, 60)
2025-03-23 23:45:10,134 [DEBUG] Loading JSON file: /home/syed-hassan-ul-haq/repos/fin_scraper/venv/lib/python3.12/site-packages/botocore/data/_retry.json
2025-03-23 23:45:10,134 [DEBUG] Registering retry handlers for service: s3
2025-03-23 23:45:10,135 [DEBUG] Registering S3 region redirector handler
2025-03-23 23:45:10,136 [DEBUG] Registering S3Express Identity Resolver
2025-03-23 23:45:10,137 [DEBUG] Event before-parameter-build.s3.PutObject: calling handler <function validate_ascii_metadata at 0x7e639f1476a0>
2025-03-23 23:45:10,137 [DEBUG] Event before-parameter-build.s3.PutObject: calling handler <function sse_md5 at 0x7e639f146980>
2025-03-23 23:45:10,138 [DEBUG] Event before-parameter-build.s3.PutObject: calling handler <function convert_body_to_file_like_object at 0x7e639f16c0e0>
2025-03-23 23:45:10,138 [DEBUG] Event before-parameter-build.s3.PutObject: calling handler <function validate_bucket_name at 0x7e639f1468e0>
2025-03-23 23:45:10,138 [DEBUG] Event before-parameter-build.s3.PutObject: calling handler <function remove_bucket_from_url_paths_from_model at 0x7e639f16cae0>
2025-03-23 23:45:10,138 [DEBUG] Event before-parameter-build.s3.PutObject: calling handler <bound method S3RegionRedirectorv2.annotate_request_context of <botocore.utils.S3RegionRedirectorv2 object at 0x7e639d896c60>>
2025-03-23 23:45:10,138 [DEBUG] Event before-parameter-build.s3.PutObject: calling handler <bound method ClientCreator._inject_s3_input_parameters of <botocore.client.ClientCreator object at 0x7e639dce1d90>>
2025-03-23 23:45:10,138 [DEBUG] Event before-parameter-build.s3.PutObject: calling handler <function generate_idempotent_uuid at 0x7e639f146700>
2025-03-23 23:45:10,139 [DEBUG] Event before-parameter-build.s3.PutObject: calling handler <function _handle_request_validation_mode_member at 0x7e639f16d260>
2025-03-23 23:45:10,139 [DEBUG] Event before-endpoint-resolution.s3: calling handler <function customize_endpoint_resolver_builtins at 0x7e639f16ccc0>
2025-03-23 23:45:10,139 [DEBUG] Event before-endpoint-resolution.s3: calling handler <bound method S3RegionRedirectorv2.redirect_from_cache of <botocore.utils.S3RegionRedirectorv2 object at 0x7e639d896c60>>
2025-03-23 23:45:10,140 [DEBUG] Calling endpoint provider with parameters: {'Bucket': 'fin-scraping-bucket', 'Region': 'us-east-1', 'UseFIPS': False, 'UseDualStack': False, 'Endpoint': 'https://3c5636b6cfe0011ec1887ff62b057097.r2.cloudflarestorage.com', 'ForcePathStyle': True, 'Accelerate': False, 'UseGlobalEndpoint': True, 'Key': 'CORZ/2024-12-31/2025-02-26_Core_Scientific_Announces_Fiscal_Fourth_Quarter_109.pdf/2025-02-26_Core_Scientific_Announces_Fiscal_Fourth_Quarter_109.pdf', 'DisableMultiRegionAccessPoints': False, 'UseArnRegion': True}
2025-03-23 23:45:10,141 [DEBUG] Endpoint provider result: https://3c5636b6cfe0011ec1887ff62b057097.r2.cloudflarestorage.com/fin-scraping-bucket
2025-03-23 23:45:10,141 [DEBUG] Selecting from endpoint provider's list of auth schemes: "sigv4". User selected auth scheme is: "None"
2025-03-23 23:45:10,142 [DEBUG] Selected auth type "v4" as "v4" with signing context params: {'region': 'us-east-1', 'signing_name': 's3', 'disableDoubleEncoding': True}
2025-03-23 23:45:10,143 [DEBUG] Event before-call.s3.PutObject: calling handler <function add_expect_header at 0x7e639f146ca0>
2025-03-23 23:45:10,143 [DEBUG] Adding expect 100 continue header to request.
2025-03-23 23:45:10,143 [DEBUG] Event before-call.s3.PutObject: calling handler <bound method S3ExpressIdentityResolver.apply_signing_cache_key of <botocore.utils.S3ExpressIdentityResolver object at 0x7e639d897290>>
2025-03-23 23:45:10,143 [DEBUG] Event before-call.s3.PutObject: calling handler <function add_recursion_detection_header at 0x7e639f145b20>
2025-03-23 23:45:10,143 [DEBUG] Event before-call.s3.PutObject: calling handler <function add_query_compatibility_header at 0x7e639f16d1c0>
2025-03-23 23:45:10,144 [DEBUG] Event before-call.s3.PutObject: calling handler <function inject_api_version_header_if_needed at 0x7e639f16c220>
2025-03-23 23:45:10,144 [DEBUG] Making request for OperationModel(name=PutObject) with params: {'url_path': '/CORZ/2024-12-31/2025-02-26_Core_Scientific_Announces_Fiscal_Fourth_Quarter_109.pdf/2025-02-26_Core_Scientific_Announces_Fiscal_Fourth_Quarter_109.pdf', 'query_string': {}, 'method': 'PUT', 'headers': {'User-Agent': 'Boto3/1.37.16 md/Botocore#1.37.17 ua/2.1 os/linux#6.11.0-19-generic md/arch#x86_64 lang/python#3.12.3 md/pyimpl#CPython m/N cfg/retry-mode#legacy Botocore/1.37.17', 'Expect': '100-continue', 'Transfer-Encoding': 'chunked', 'Content-Encoding': 'aws-chunked', 'X-Amz-Trailer': 'x-amz-checksum-crc32', 'X-Amz-Decoded-Content-Length': '109109', 'x-amz-sdk-checksum-algorithm': 'CRC32'}, 'body': <botocore.httpchecksum.AwsChunkedWrapper object at 0x7e639d897b30>, 'auth_path': '/fin-scraping-bucket/CORZ/2024-12-31/2025-02-26_Core_Scientific_Announces_Fiscal_Fourth_Quarter_109.pdf/2025-02-26_Core_Scientific_Announces_Fiscal_Fourth_Quarter_109.pdf', 'url': 'https://3c5636b6cfe0011ec1887ff62b057097.r2.cloudflarestorage.com/fin-scraping-bucket/CORZ/2024-12-31/2025-02-26_Core_Scientific_Announces_Fiscal_Fourth_Quarter_109.pdf/2025-02-26_Core_Scientific_Announces_Fiscal_Fourth_Quarter_109.pdf', 'context': {'client_region': 'us-east-1', 'client_config': <botocore.config.Config object at 0x7e639d85f8c0>, 'has_streaming_input': True, 'auth_type': 'v4', 'unsigned_payload': None, 's3_redirect': {'redirected': False, 'bucket': 'fin-scraping-bucket', 'params': {'Bucket': 'fin-scraping-bucket', 'Key': 'CORZ/2024-12-31/2025-02-26_Core_Scientific_Announces_Fiscal_Fourth_Quarter_109.pdf/2025-02-26_Core_Scientific_Announces_Fiscal_Fourth_Quarter_109.pdf', 'Body': <_io.BufferedReader name='downloads/2025-02-26_Core_Scientific_Announces_Fiscal_Fourth_Quarter_109.pdf'>}}, 'input_params': {'Bucket': 'fin-scraping-bucket', 'Key': 'CORZ/2024-12-31/2025-02-26_Core_Scientific_Announces_Fiscal_Fourth_Quarter_109.pdf/2025-02-26_Core_Scientific_Announces_Fiscal_Fourth_Quarter_109.pdf'}, 'signing': {'region': 'us-east-1', 'signing_name': 's3', 'disableDoubleEncoding': True}, 'endpoint_properties': {'authSchemes': [{'disableDoubleEncoding': True, 'name': 'sigv4', 'signingName': 's3', 'signingRegion': 'us-east-1'}]}, 'checksum': {'request_algorithm_header': {'name': 'x-amz-sdk-checksum-algorithm', 'value': 'CRC32'}, 'request_algorithm': {'algorithm': 'crc32', 'in': 'trailer', 'name': 'x-amz-checksum-crc32'}}}}
2025-03-23 23:45:10,145 [DEBUG] Event request-created.s3.PutObject: calling handler <bound method RequestSigner.handler of <botocore.signers.RequestSigner object at 0x7e639d85f890>>
2025-03-23 23:45:10,145 [DEBUG] Event choose-signer.s3.PutObject: calling handler <bound method ClientCreator._default_s3_presign_to_sigv2 of <botocore.client.ClientCreator object at 0x7e639dce1d90>>
2025-03-23 23:45:10,146 [DEBUG] Event choose-signer.s3.PutObject: calling handler <function set_operation_specific_signer at 0x7e639f146520>
2025-03-23 23:45:10,146 [DEBUG] Event before-sign.s3.PutObject: calling handler <function remove_arn_from_signing_path at 0x7e639f16cc20>
2025-03-23 23:45:10,146 [DEBUG] Event before-sign.s3.PutObject: calling handler <function _set_extra_headers_for_unsigned_request at 0x7e639f16d300>
2025-03-23 23:45:10,146 [DEBUG] Event before-sign.s3.PutObject: calling handler <bound method S3ExpressIdentityResolver.resolve_s3express_identity of <botocore.utils.S3ExpressIdentityResolver object at 0x7e639d897290>>
2025-03-23 23:45:10,166 [DEBUG] Calculating signature using v4 auth.
2025-03-23 23:45:10,166 [DEBUG] CanonicalRequest:
PUT
/fin-scraping-bucket/CORZ/2024-12-31/2025-02-26_Core_Scientific_Announces_Fiscal_Fourth_Quarter_109.pdf/2025-02-26_Core_Scientific_Announces_Fiscal_Fourth_Quarter_109.pdf

content-encoding:aws-chunked
host:3c5636b6cfe0011ec1887ff62b057097.r2.cloudflarestorage.com
x-amz-content-sha256:STREAMING-UNSIGNED-PAYLOAD-TRAILER
x-amz-date:20250323T184510Z
x-amz-decoded-content-length:109109
x-amz-sdk-checksum-algorithm:CRC32
x-amz-trailer:x-amz-checksum-crc32

content-encoding;host;x-amz-content-sha256;x-amz-date;x-amz-decoded-content-length;x-amz-sdk-checksum-algorithm;x-amz-trailer
STREAMING-UNSIGNED-PAYLOAD-TRAILER
2025-03-23 23:45:10,166 [DEBUG] StringToSign:
AWS4-HMAC-SHA256
20250323T184510Z
20250323/us-east-1/s3/aws4_request
45f02a850de893e13814b5198d81efd2c9bc4bcbdff68281fcf03ba6584fa9ef
2025-03-23 23:45:10,167 [DEBUG] Signature:
f575b6cf4a2692f26bb89d13297e8cf010973175e1b91ece3aa3681a9c339374
2025-03-23 23:45:10,167 [DEBUG] Event request-created.s3.PutObject: calling handler <bound method UserAgentString.rebuild_and_replace_user_agent_handler of <botocore.useragent.UserAgentString object at 0x7e639d896c00>>
2025-03-23 23:45:10,168 [DEBUG] Event request-created.s3.PutObject: calling handler <function add_retry_headers at 0x7e639f16ca40>
2025-03-23 23:45:10,168 [DEBUG] Sending http request: <AWSPreparedRequest stream_output=False, method=PUT, url=https://3c5636b6cfe0011ec1887ff62b057097.r2.cloudflarestorage.com/fin-scraping-bucket/CORZ/2024-12-31/2025-02-26_Core_Scientific_Announces_Fiscal_Fourth_Quarter_109.pdf/2025-02-26_Core_Scientific_Announces_Fiscal_Fourth_Quarter_109.pdf, headers={'User-Agent': b'Boto3/1.37.16 md/Botocore#1.37.17 ua/2.1 os/linux#6.11.0-19-generic md/arch#x86_64 lang/python#3.12.3 md/pyimpl#CPython m/N cfg/retry-mode#legacy Botocore/1.37.17', 'Expect': b'100-continue', 'Transfer-Encoding': b'chunked', 'Content-Encoding': b'aws-chunked', 'X-Amz-Trailer': b'x-amz-checksum-crc32', 'X-Amz-Decoded-Content-Length': b'109109', 'x-amz-sdk-checksum-algorithm': b'CRC32', 'X-Amz-Date': b'20250323T184510Z', 'X-Amz-Content-SHA256': b'STREAMING-UNSIGNED-PAYLOAD-TRAILER', 'Authorization': b'AWS4-HMAC-SHA256 Credential=f1ac1dc043a240f996be558cfba72868/20250323/us-east-1/s3/aws4_request, SignedHeaders=content-encoding;host;x-amz-content-sha256;x-amz-date;x-amz-decoded-content-length;x-amz-sdk-checksum-algorithm;x-amz-trailer, Signature=f575b6cf4a2692f26bb89d13297e8cf010973175e1b91ece3aa3681a9c339374', 'amz-sdk-invocation-id': b'fc7104ad-8f86-448c-9960-661e996ca90a', 'amz-sdk-request': b'attempt=1'}>
2025-03-23 23:45:10,170 [DEBUG] Certificate path: /home/syed-hassan-ul-haq/repos/fin_scraper/venv/lib/python3.12/site-packages/certifi/cacert.pem
2025-03-23 23:45:10,171 [DEBUG] Starting new HTTPS connection (1): 3c5636b6cfe0011ec1887ff62b057097.r2.cloudflarestorage.com:443
2025-03-23 23:45:10,277 [DEBUG] Waiting for 100 Continue response.
2025-03-23 23:45:10,282 [DEBUG] 100 Continue response seen, now sending request body.
2025-03-23 23:45:13,271 [DEBUG] https://3c5636b6cfe0011ec1887ff62b057097.r2.cloudflarestorage.com:443 "PUT /fin-scraping-bucket/CORZ/2024-12-31/2025-02-26_Core_Scientific_Announces_Fiscal_Fourth_Quarter_109.pdf/2025-02-26_Core_Scientific_Announces_Fiscal_Fourth_Quarter_109.pdf HTTP/1.1" 200 0
2025-03-23 23:45:13,272 [DEBUG] Event before-parse.s3.PutObject: calling handler <function _handle_200_error at 0x7e639f16cfe0>
2025-03-23 23:45:13,272 [DEBUG] Event before-parse.s3.PutObject: calling handler <function handle_expires_header at 0x7e639f16ce00>
2025-03-23 23:45:13,273 [DEBUG] Response headers: {'Date': 'Sun, 23 Mar 2025 18:45:13 GMT', 'Content-Type': 'text/plain;charset=UTF-8', 'Content-Length': '0', 'Connection': 'keep-alive', 'ETag': '"5a66e60701eb5c7e6232c86d8a9b1d2d"', 'x-amz-checksum-crc32': 'yxbcgg==', 'x-amz-version-id': '7e6a3bad4665a3fd02bd75fd420b1cbe', 'Vary': 'Accept-Encoding', 'Server': 'cloudflare', 'CF-RAY': '925015932c8f21ee-KHI'}
2025-03-23 23:45:13,273 [DEBUG] Response body:
b''
2025-03-23 23:45:13,275 [DEBUG] Event needs-retry.s3.PutObject: calling handler <function _update_status_code at 0x7e639f16d120>
2025-03-23 23:45:13,275 [DEBUG] Event needs-retry.s3.PutObject: calling handler <botocore.retryhandler.RetryHandler object at 0x7e639d897200>
2025-03-23 23:45:13,275 [DEBUG] No retry needed.
2025-03-23 23:45:13,276 [DEBUG] Event needs-retry.s3.PutObject: calling handler <bound method S3RegionRedirectorv2.redirect_from_error of <botocore.utils.S3RegionRedirectorv2 object at 0x7e639d896c60>>
2025-03-23 23:45:13,282 [DEBUG] Constructed data object: {'file_name': '2025-02-26_Core_Scientific_Announces_Fiscal_Fourth_Quarter_109.pdf', 'file_type': 'pdf', 'published_date': '2024-12-31', 'url': 'https://3c5636b6cfe0011ec1887ff62b057097.r2.cloudflarestorage.com/fin-scraping-bucket/CORZ/2024-12-31/2025-02-26_Core_Scientific_Announces_Fiscal_Fourth_Quarter_109.pdf/2025-02-26_Core_Scientific_Announces_Fiscal_Fourth_Quarter_109.pdf', 'content_type': ['webcast', 'sec_filing', 'financial_filing', 'presentation', '10-K']}
2025-03-23 23:45:13,286 [DEBUG] Starting new HTTPS connection (1): event.choruscall.com:443
2025-03-23 23:45:14,503 [DEBUG] https://event.choruscall.com:443 "GET /mediaframe/webcast.html?webcastid=ymDjLEm1 HTTP/1.1" 200 None
2025-03-23 23:45:14,510 [DEBUG] Changing event name from creating-client-class.iot-data to creating-client-class.iot-data-plane
2025-03-23 23:45:14,519 [DEBUG] Changing event name from before-call.apigateway to before-call.api-gateway
2025-03-23 23:45:14,522 [DEBUG] Changing event name from request-created.machinelearning.Predict to request-created.machine-learning.Predict
2025-03-23 23:45:14,530 [DEBUG] Changing event name from before-parameter-build.autoscaling.CreateLaunchConfiguration to before-parameter-build.auto-scaling.CreateLaunchConfiguration
2025-03-23 23:45:14,531 [DEBUG] Changing event name from before-parameter-build.route53 to before-parameter-build.route-53
2025-03-23 23:45:14,535 [DEBUG] Changing event name from request-created.cloudsearchdomain.Search to request-created.cloudsearch-domain.Search
2025-03-23 23:45:14,539 [DEBUG] Changing event name from docs.*.autoscaling.CreateLaunchConfiguration.complete-section to docs.*.auto-scaling.CreateLaunchConfiguration.complete-section
2025-03-23 23:45:14,553 [DEBUG] Changing event name from before-parameter-build.logs.CreateExportTask to before-parameter-build.cloudwatch-logs.CreateExportTask
2025-03-23 23:45:14,554 [DEBUG] Changing event name from docs.*.logs.CreateExportTask.complete-section to docs.*.cloudwatch-logs.CreateExportTask.complete-section
2025-03-23 23:45:14,555 [DEBUG] Changing event name from before-parameter-build.cloudsearchdomain.Search to before-parameter-build.cloudsearch-domain.Search
2025-03-23 23:45:14,556 [DEBUG] Changing event name from docs.*.cloudsearchdomain.Search.complete-section to docs.*.cloudsearch-domain.Search.complete-section
2025-03-23 23:45:14,565 [DEBUG] Loading JSON file: /home/syed-hassan-ul-haq/repos/fin_scraper/venv/lib/python3.12/site-packages/botocore/data/endpoints.json
2025-03-23 23:45:14,660 [DEBUG] Loading JSON file: /home/syed-hassan-ul-haq/repos/fin_scraper/venv/lib/python3.12/site-packages/botocore/data/sdk-default-configuration.json
2025-03-23 23:45:14,660 [DEBUG] Event choose-service-name: calling handler <function handle_service_name_alias at 0x7e639f144b80>
2025-03-23 23:45:14,700 [DEBUG] Loading JSON file: /home/syed-hassan-ul-haq/repos/fin_scraper/venv/lib/python3.12/site-packages/botocore/data/s3/2006-03-01/service-2.json.gz
2025-03-23 23:45:14,729 [DEBUG] Loading JSON file: /home/syed-hassan-ul-haq/repos/fin_scraper/venv/lib/python3.12/site-packages/botocore/data/s3/2006-03-01/service-2.sdk-extras.json
2025-03-23 23:45:14,767 [DEBUG] Loading JSON file: /home/syed-hassan-ul-haq/repos/fin_scraper/venv/lib/python3.12/site-packages/botocore/data/s3/2006-03-01/endpoint-rule-set-1.json.gz
2025-03-23 23:45:14,776 [DEBUG] Loading JSON file: /home/syed-hassan-ul-haq/repos/fin_scraper/venv/lib/python3.12/site-packages/botocore/data/partitions.json
2025-03-23 23:45:14,779 [DEBUG] Event creating-client-class.s3: calling handler <function add_generate_presigned_post at 0x7e639f2d2700>
2025-03-23 23:45:14,780 [DEBUG] Event creating-client-class.s3: calling handler <function lazy_call.<locals>._handler at 0x7e639e3af740>
2025-03-23 23:45:14,780 [DEBUG] Event creating-client-class.s3: calling handler <function add_generate_presigned_url at 0x7e639f2d2480>
2025-03-23 23:45:14,784 [DEBUG] Setting s3 timeout as (60, 60)
2025-03-23 23:45:14,789 [DEBUG] Loading JSON file: /home/syed-hassan-ul-haq/repos/fin_scraper/venv/lib/python3.12/site-packages/botocore/data/_retry.json
2025-03-23 23:45:14,791 [DEBUG] Registering retry handlers for service: s3
2025-03-23 23:45:14,791 [DEBUG] Registering S3 region redirector handler
2025-03-23 23:45:14,793 [DEBUG] Registering S3Express Identity Resolver
2025-03-23 23:45:14,795 [DEBUG] Event before-parameter-build.s3.PutObject: calling handler <function validate_ascii_metadata at 0x7e639f1476a0>
2025-03-23 23:45:14,795 [DEBUG] Event before-parameter-build.s3.PutObject: calling handler <function sse_md5 at 0x7e639f146980>
2025-03-23 23:45:14,795 [DEBUG] Event before-parameter-build.s3.PutObject: calling handler <function convert_body_to_file_like_object at 0x7e639f16c0e0>
2025-03-23 23:45:14,796 [DEBUG] Event before-parameter-build.s3.PutObject: calling handler <function validate_bucket_name at 0x7e639f1468e0>
2025-03-23 23:45:14,796 [DEBUG] Event before-parameter-build.s3.PutObject: calling handler <function remove_bucket_from_url_paths_from_model at 0x7e639f16cae0>
2025-03-23 23:45:14,796 [DEBUG] Event before-parameter-build.s3.PutObject: calling handler <bound method S3RegionRedirectorv2.annotate_request_context of <botocore.utils.S3RegionRedirectorv2 object at 0x7e639ce13b90>>
2025-03-23 23:45:14,796 [DEBUG] Event before-parameter-build.s3.PutObject: calling handler <bound method ClientCreator._inject_s3_input_parameters of <botocore.client.ClientCreator object at 0x7e639d24ab40>>
2025-03-23 23:45:14,796 [DEBUG] Event before-parameter-build.s3.PutObject: calling handler <function generate_idempotent_uuid at 0x7e639f146700>
2025-03-23 23:45:14,797 [DEBUG] Event before-parameter-build.s3.PutObject: calling handler <function _handle_request_validation_mode_member at 0x7e639f16d260>
2025-03-23 23:45:14,797 [DEBUG] Event before-endpoint-resolution.s3: calling handler <function customize_endpoint_resolver_builtins at 0x7e639f16ccc0>
2025-03-23 23:45:14,797 [DEBUG] Event before-endpoint-resolution.s3: calling handler <bound method S3RegionRedirectorv2.redirect_from_cache of <botocore.utils.S3RegionRedirectorv2 object at 0x7e639ce13b90>>
2025-03-23 23:45:14,798 [DEBUG] Calling endpoint provider with parameters: {'Bucket': 'fin-scraping-bucket', 'Region': 'us-east-1', 'UseFIPS': False, 'UseDualStack': False, 'Endpoint': 'https://3c5636b6cfe0011ec1887ff62b057097.r2.cloudflarestorage.com', 'ForcePathStyle': True, 'Accelerate': False, 'UseGlobalEndpoint': True, 'Key': 'CORZ/2024-12-31/webcast.html?webcastid=ymDjLEm1/webcast.html?webcastid=ymDjLEm1', 'DisableMultiRegionAccessPoints': False, 'UseArnRegion': True}
2025-03-23 23:45:14,799 [DEBUG] Endpoint provider result: https://3c5636b6cfe0011ec1887ff62b057097.r2.cloudflarestorage.com/fin-scraping-bucket
2025-03-23 23:45:14,799 [DEBUG] Selecting from endpoint provider's list of auth schemes: "sigv4". User selected auth scheme is: "None"
2025-03-23 23:45:14,799 [DEBUG] Selected auth type "v4" as "v4" with signing context params: {'region': 'us-east-1', 'signing_name': 's3', 'disableDoubleEncoding': True}
2025-03-23 23:45:14,800 [DEBUG] Event before-call.s3.PutObject: calling handler <function add_expect_header at 0x7e639f146ca0>
2025-03-23 23:45:14,800 [DEBUG] Adding expect 100 continue header to request.
2025-03-23 23:45:14,801 [DEBUG] Event before-call.s3.PutObject: calling handler <bound method S3ExpressIdentityResolver.apply_signing_cache_key of <botocore.utils.S3ExpressIdentityResolver object at 0x7e639ce1c200>>
2025-03-23 23:45:14,801 [DEBUG] Event before-call.s3.PutObject: calling handler <function add_recursion_detection_header at 0x7e639f145b20>
2025-03-23 23:45:14,801 [DEBUG] Event before-call.s3.PutObject: calling handler <function add_query_compatibility_header at 0x7e639f16d1c0>
2025-03-23 23:45:14,801 [DEBUG] Event before-call.s3.PutObject: calling handler <function inject_api_version_header_if_needed at 0x7e639f16c220>
2025-03-23 23:45:14,801 [DEBUG] Making request for OperationModel(name=PutObject) with params: {'url_path': '/CORZ/2024-12-31/webcast.html%3Fwebcastid%3DymDjLEm1/webcast.html%3Fwebcastid%3DymDjLEm1', 'query_string': {}, 'method': 'PUT', 'headers': {'User-Agent': 'Boto3/1.37.16 md/Botocore#1.37.17 ua/2.1 os/linux#6.11.0-19-generic md/arch#x86_64 lang/python#3.12.3 md/pyimpl#CPython m/N cfg/retry-mode#legacy Botocore/1.37.17', 'Expect': '100-continue', 'Transfer-Encoding': 'chunked', 'Content-Encoding': 'aws-chunked', 'X-Amz-Trailer': 'x-amz-checksum-crc32', 'X-Amz-Decoded-Content-Length': '26131', 'x-amz-sdk-checksum-algorithm': 'CRC32'}, 'body': <botocore.httpchecksum.AwsChunkedWrapper object at 0x7e639ce1cce0>, 'auth_path': '/fin-scraping-bucket/CORZ/2024-12-31/webcast.html%3Fwebcastid%3DymDjLEm1/webcast.html%3Fwebcastid%3DymDjLEm1', 'url': 'https://3c5636b6cfe0011ec1887ff62b057097.r2.cloudflarestorage.com/fin-scraping-bucket/CORZ/2024-12-31/webcast.html%3Fwebcastid%3DymDjLEm1/webcast.html%3Fwebcastid%3DymDjLEm1', 'context': {'client_region': 'us-east-1', 'client_config': <botocore.config.Config object at 0x7e639cff0680>, 'has_streaming_input': True, 'auth_type': 'v4', 'unsigned_payload': None, 's3_redirect': {'redirected': False, 'bucket': 'fin-scraping-bucket', 'params': {'Bucket': 'fin-scraping-bucket', 'Key': 'CORZ/2024-12-31/webcast.html?webcastid=ymDjLEm1/webcast.html?webcastid=ymDjLEm1', 'Body': <_io.BufferedReader name='downloads/webcast.html?webcastid=ymDjLEm1'>}}, 'input_params': {'Bucket': 'fin-scraping-bucket', 'Key': 'CORZ/2024-12-31/webcast.html?webcastid=ymDjLEm1/webcast.html?webcastid=ymDjLEm1'}, 'signing': {'region': 'us-east-1', 'signing_name': 's3', 'disableDoubleEncoding': True}, 'endpoint_properties': {'authSchemes': [{'disableDoubleEncoding': True, 'name': 'sigv4', 'signingName': 's3', 'signingRegion': 'us-east-1'}]}, 'checksum': {'request_algorithm_header': {'name': 'x-amz-sdk-checksum-algorithm', 'value': 'CRC32'}, 'request_algorithm': {'algorithm': 'crc32', 'in': 'trailer', 'name': 'x-amz-checksum-crc32'}}}}
2025-03-23 23:45:14,802 [DEBUG] Event request-created.s3.PutObject: calling handler <bound method RequestSigner.handler of <botocore.signers.RequestSigner object at 0x7e639cff0650>>
2025-03-23 23:45:14,803 [DEBUG] Event choose-signer.s3.PutObject: calling handler <bound method ClientCreator._default_s3_presign_to_sigv2 of <botocore.client.ClientCreator object at 0x7e639d24ab40>>
2025-03-23 23:45:14,803 [DEBUG] Event choose-signer.s3.PutObject: calling handler <function set_operation_specific_signer at 0x7e639f146520>
2025-03-23 23:45:14,804 [DEBUG] Event before-sign.s3.PutObject: calling handler <function remove_arn_from_signing_path at 0x7e639f16cc20>
2025-03-23 23:45:14,804 [DEBUG] Event before-sign.s3.PutObject: calling handler <function _set_extra_headers_for_unsigned_request at 0x7e639f16d300>
2025-03-23 23:45:14,804 [DEBUG] Event before-sign.s3.PutObject: calling handler <bound method S3ExpressIdentityResolver.resolve_s3express_identity of <botocore.utils.S3ExpressIdentityResolver object at 0x7e639ce1c200>>
2025-03-23 23:45:14,805 [DEBUG] Calculating signature using v4 auth.
2025-03-23 23:45:14,805 [DEBUG] CanonicalRequest:
PUT
/fin-scraping-bucket/CORZ/2024-12-31/webcast.html%3Fwebcastid%3DymDjLEm1/webcast.html%3Fwebcastid%3DymDjLEm1

content-encoding:aws-chunked
host:3c5636b6cfe0011ec1887ff62b057097.r2.cloudflarestorage.com
x-amz-content-sha256:STREAMING-UNSIGNED-PAYLOAD-TRAILER
x-amz-date:20250323T184514Z
x-amz-decoded-content-length:26131
x-amz-sdk-checksum-algorithm:CRC32
x-amz-trailer:x-amz-checksum-crc32

content-encoding;host;x-amz-content-sha256;x-amz-date;x-amz-decoded-content-length;x-amz-sdk-checksum-algorithm;x-amz-trailer
STREAMING-UNSIGNED-PAYLOAD-TRAILER
2025-03-23 23:45:14,805 [DEBUG] StringToSign:
AWS4-HMAC-SHA256
20250323T184514Z
20250323/us-east-1/s3/aws4_request
930acce9fa45c959e5b82271edd59458a8361c9f739d45b67ce9746fd5198117
2025-03-23 23:45:14,806 [DEBUG] Signature:
301d65ff41a88144f117ad737b682424a3744ff03eb408c56d675e2ac8d4d71c
2025-03-23 23:45:14,806 [DEBUG] Event request-created.s3.PutObject: calling handler <bound method UserAgentString.rebuild_and_replace_user_agent_handler of <botocore.useragent.UserAgentString object at 0x7e639ce13b30>>
2025-03-23 23:45:14,807 [DEBUG] Event request-created.s3.PutObject: calling handler <function add_retry_headers at 0x7e639f16ca40>
2025-03-23 23:45:14,807 [DEBUG] Sending http request: <AWSPreparedRequest stream_output=False, method=PUT, url=https://3c5636b6cfe0011ec1887ff62b057097.r2.cloudflarestorage.com/fin-scraping-bucket/CORZ/2024-12-31/webcast.html%3Fwebcastid%3DymDjLEm1/webcast.html%3Fwebcastid%3DymDjLEm1, headers={'User-Agent': b'Boto3/1.37.16 md/Botocore#1.37.17 ua/2.1 os/linux#6.11.0-19-generic md/arch#x86_64 lang/python#3.12.3 md/pyimpl#CPython m/N cfg/retry-mode#legacy Botocore/1.37.17', 'Expect': b'100-continue', 'Transfer-Encoding': b'chunked', 'Content-Encoding': b'aws-chunked', 'X-Amz-Trailer': b'x-amz-checksum-crc32', 'X-Amz-Decoded-Content-Length': b'26131', 'x-amz-sdk-checksum-algorithm': b'CRC32', 'X-Amz-Date': b'20250323T184514Z', 'X-Amz-Content-SHA256': b'STREAMING-UNSIGNED-PAYLOAD-TRAILER', 'Authorization': b'AWS4-HMAC-SHA256 Credential=f1ac1dc043a240f996be558cfba72868/20250323/us-east-1/s3/aws4_request, SignedHeaders=content-encoding;host;x-amz-content-sha256;x-amz-date;x-amz-decoded-content-length;x-amz-sdk-checksum-algorithm;x-amz-trailer, Signature=301d65ff41a88144f117ad737b682424a3744ff03eb408c56d675e2ac8d4d71c', 'amz-sdk-invocation-id': b'06bec9bb-ac56-4879-9c68-85e8d82b5148', 'amz-sdk-request': b'attempt=1'}>
2025-03-23 23:45:14,808 [DEBUG] Certificate path: /home/syed-hassan-ul-haq/repos/fin_scraper/venv/lib/python3.12/site-packages/certifi/cacert.pem
2025-03-23 23:45:14,809 [DEBUG] Starting new HTTPS connection (1): 3c5636b6cfe0011ec1887ff62b057097.r2.cloudflarestorage.com:443
2025-03-23 23:45:14,925 [DEBUG] Waiting for 100 Continue response.
2025-03-23 23:45:14,934 [DEBUG] 100 Continue response seen, now sending request body.
2025-03-23 23:45:16,805 [DEBUG] https://3c5636b6cfe0011ec1887ff62b057097.r2.cloudflarestorage.com:443 "PUT /fin-scraping-bucket/CORZ/2024-12-31/webcast.html%3Fwebcastid%3DymDjLEm1/webcast.html%3Fwebcastid%3DymDjLEm1 HTTP/1.1" 200 0
2025-03-23 23:45:16,806 [DEBUG] Event before-parse.s3.PutObject: calling handler <function _handle_200_error at 0x7e639f16cfe0>
2025-03-23 23:45:16,807 [DEBUG] Event before-parse.s3.PutObject: calling handler <function handle_expires_header at 0x7e639f16ce00>
2025-03-23 23:45:16,807 [DEBUG] Response headers: {'Date': 'Sun, 23 Mar 2025 18:45:16 GMT', 'Content-Type': 'text/plain;charset=UTF-8', 'Content-Length': '0', 'Connection': 'keep-alive', 'ETag': '"51de91d6eb65d4cfebc1b095f58fd2c2"', 'x-amz-checksum-crc32': '/drpzA==', 'x-amz-version-id': '7e6a3bad3438da21dd6d0f0a4c7dac00', 'Vary': 'Accept-Encoding', 'Server': 'cloudflare', 'CF-RAY': '925015b039aa21f5-KHI'}
2025-03-23 23:45:16,808 [DEBUG] Response body:
b''
2025-03-23 23:45:16,809 [DEBUG] Event needs-retry.s3.PutObject: calling handler <function _update_status_code at 0x7e639f16d120>
2025-03-23 23:45:16,809 [DEBUG] Event needs-retry.s3.PutObject: calling handler <botocore.retryhandler.RetryHandler object at 0x7e639ce1c170>
2025-03-23 23:45:16,810 [DEBUG] No retry needed.
2025-03-23 23:45:16,810 [DEBUG] Event needs-retry.s3.PutObject: calling handler <bound method S3RegionRedirectorv2.redirect_from_error of <botocore.utils.S3RegionRedirectorv2 object at 0x7e639ce13b90>>
2025-03-23 23:45:16,816 [DEBUG] Constructed data object: {'file_name': 'webcast.html?webcastid=ymDjLEm1', 'file_type': 'html', 'published_date': '2024-12-31', 'url': 'https://3c5636b6cfe0011ec1887ff62b057097.r2.cloudflarestorage.com/fin-scraping-bucket/CORZ/2024-12-31/webcast.html?webcastid=ymDjLEm1/webcast.html?webcastid=ymDjLEm1', 'content_type': ['webcast', 'sec_filing', 'financial_filing', 'presentation', '10-K']}
2025-03-23 23:45:16,822 [DEBUG] Starting new HTTPS connection (1): d1io3yog0oux5.cloudfront.net:443
2025-03-23 23:45:16,906 [DEBUG] https://d1io3yog0oux5.cloudfront.net:443 "GET /_1809aef3bf74227ab43f8f02a5800c1a/corescientific/db/946/9334/presentation/CORZ+Earnings+Presentation+Q4+2024.pdf HTTP/1.1" 200 2109749
2025-03-23 23:45:17,452 [DEBUG] Changing event name from creating-client-class.iot-data to creating-client-class.iot-data-plane
2025-03-23 23:45:17,461 [DEBUG] Changing event name from before-call.apigateway to before-call.api-gateway
2025-03-23 23:45:17,465 [DEBUG] Changing event name from request-created.machinelearning.Predict to request-created.machine-learning.Predict
2025-03-23 23:45:17,474 [DEBUG] Changing event name from before-parameter-build.autoscaling.CreateLaunchConfiguration to before-parameter-build.auto-scaling.CreateLaunchConfiguration
2025-03-23 23:45:17,475 [DEBUG] Changing event name from before-parameter-build.route53 to before-parameter-build.route-53
2025-03-23 23:45:17,479 [DEBUG] Changing event name from request-created.cloudsearchdomain.Search to request-created.cloudsearch-domain.Search
2025-03-23 23:45:17,483 [DEBUG] Changing event name from docs.*.autoscaling.CreateLaunchConfiguration.complete-section to docs.*.auto-scaling.CreateLaunchConfiguration.complete-section
2025-03-23 23:45:17,505 [DEBUG] Changing event name from before-parameter-build.logs.CreateExportTask to before-parameter-build.cloudwatch-logs.CreateExportTask
2025-03-23 23:45:17,507 [DEBUG] Changing event name from docs.*.logs.CreateExportTask.complete-section to docs.*.cloudwatch-logs.CreateExportTask.complete-section
2025-03-23 23:45:17,507 [DEBUG] Changing event name from before-parameter-build.cloudsearchdomain.Search to before-parameter-build.cloudsearch-domain.Search
2025-03-23 23:45:17,508 [DEBUG] Changing event name from docs.*.cloudsearchdomain.Search.complete-section to docs.*.cloudsearch-domain.Search.complete-section
2025-03-23 23:45:17,517 [DEBUG] Loading JSON file: /home/syed-hassan-ul-haq/repos/fin_scraper/venv/lib/python3.12/site-packages/botocore/data/endpoints.json
2025-03-23 23:45:17,635 [DEBUG] Loading JSON file: /home/syed-hassan-ul-haq/repos/fin_scraper/venv/lib/python3.12/site-packages/botocore/data/sdk-default-configuration.json
2025-03-23 23:45:17,636 [DEBUG] Event choose-service-name: calling handler <function handle_service_name_alias at 0x7e639f144b80>
2025-03-23 23:45:17,703 [DEBUG] Loading JSON file: /home/syed-hassan-ul-haq/repos/fin_scraper/venv/lib/python3.12/site-packages/botocore/data/s3/2006-03-01/service-2.json.gz
2025-03-23 23:45:17,723 [DEBUG] Loading JSON file: /home/syed-hassan-ul-haq/repos/fin_scraper/venv/lib/python3.12/site-packages/botocore/data/s3/2006-03-01/service-2.sdk-extras.json
2025-03-23 23:45:17,752 [DEBUG] Loading JSON file: /home/syed-hassan-ul-haq/repos/fin_scraper/venv/lib/python3.12/site-packages/botocore/data/s3/2006-03-01/endpoint-rule-set-1.json.gz
2025-03-23 23:45:17,811 [DEBUG] Loading JSON file: /home/syed-hassan-ul-haq/repos/fin_scraper/venv/lib/python3.12/site-packages/botocore/data/partitions.json
2025-03-23 23:45:17,813 [DEBUG] Event creating-client-class.s3: calling handler <function add_generate_presigned_post at 0x7e639f2d2700>
2025-03-23 23:45:17,813 [DEBUG] Event creating-client-class.s3: calling handler <function lazy_call.<locals>._handler at 0x7e639ed418a0>
2025-03-23 23:45:17,813 [DEBUG] Event creating-client-class.s3: calling handler <function add_generate_presigned_url at 0x7e639f2d2480>
2025-03-23 23:45:17,815 [DEBUG] Setting s3 timeout as (60, 60)
2025-03-23 23:45:17,819 [DEBUG] Loading JSON file: /home/syed-hassan-ul-haq/repos/fin_scraper/venv/lib/python3.12/site-packages/botocore/data/_retry.json
2025-03-23 23:45:17,820 [DEBUG] Registering retry handlers for service: s3
2025-03-23 23:45:17,821 [DEBUG] Registering S3 region redirector handler
2025-03-23 23:45:17,822 [DEBUG] Registering S3Express Identity Resolver
2025-03-23 23:45:17,824 [DEBUG] Event before-parameter-build.s3.PutObject: calling handler <function validate_ascii_metadata at 0x7e639f1476a0>
2025-03-23 23:45:17,824 [DEBUG] Event before-parameter-build.s3.PutObject: calling handler <function sse_md5 at 0x7e639f146980>
2025-03-23 23:45:17,825 [DEBUG] Event before-parameter-build.s3.PutObject: calling handler <function convert_body_to_file_like_object at 0x7e639f16c0e0>
2025-03-23 23:45:17,825 [DEBUG] Event before-parameter-build.s3.PutObject: calling handler <function validate_bucket_name at 0x7e639f1468e0>
2025-03-23 23:45:17,825 [DEBUG] Event before-parameter-build.s3.PutObject: calling handler <function remove_bucket_from_url_paths_from_model at 0x7e639f16cae0>
2025-03-23 23:45:17,825 [DEBUG] Event before-parameter-build.s3.PutObject: calling handler <bound method S3RegionRedirectorv2.annotate_request_context of <botocore.utils.S3RegionRedirectorv2 object at 0x7e639d8961b0>>
2025-03-23 23:45:17,825 [DEBUG] Event before-parameter-build.s3.PutObject: calling handler <bound method ClientCreator._inject_s3_input_parameters of <botocore.client.ClientCreator object at 0x7e639c9ea390>>
2025-03-23 23:45:17,826 [DEBUG] Event before-parameter-build.s3.PutObject: calling handler <function generate_idempotent_uuid at 0x7e639f146700>
2025-03-23 23:45:17,826 [DEBUG] Event before-parameter-build.s3.PutObject: calling handler <function _handle_request_validation_mode_member at 0x7e639f16d260>
2025-03-23 23:45:17,826 [DEBUG] Event before-endpoint-resolution.s3: calling handler <function customize_endpoint_resolver_builtins at 0x7e639f16ccc0>
2025-03-23 23:45:17,827 [DEBUG] Event before-endpoint-resolution.s3: calling handler <bound method S3RegionRedirectorv2.redirect_from_cache of <botocore.utils.S3RegionRedirectorv2 object at 0x7e639d8961b0>>
2025-03-23 23:45:17,827 [DEBUG] Calling endpoint provider with parameters: {'Bucket': 'fin-scraping-bucket', 'Region': 'us-east-1', 'UseFIPS': False, 'UseDualStack': False, 'Endpoint': 'https://3c5636b6cfe0011ec1887ff62b057097.r2.cloudflarestorage.com', 'ForcePathStyle': True, 'Accelerate': False, 'UseGlobalEndpoint': True, 'Key': 'CORZ/2024-12-31/CORZ+Earnings+Presentation+Q4+2024.pdf/CORZ+Earnings+Presentation+Q4+2024.pdf', 'DisableMultiRegionAccessPoints': False, 'UseArnRegion': True}
2025-03-23 23:45:17,829 [DEBUG] Endpoint provider result: https://3c5636b6cfe0011ec1887ff62b057097.r2.cloudflarestorage.com/fin-scraping-bucket
2025-03-23 23:45:17,829 [DEBUG] Selecting from endpoint provider's list of auth schemes: "sigv4". User selected auth scheme is: "None"
2025-03-23 23:45:17,829 [DEBUG] Selected auth type "v4" as "v4" with signing context params: {'region': 'us-east-1', 'signing_name': 's3', 'disableDoubleEncoding': True}
2025-03-23 23:45:17,831 [DEBUG] Event before-call.s3.PutObject: calling handler <function add_expect_header at 0x7e639f146ca0>
2025-03-23 23:45:17,831 [DEBUG] Adding expect 100 continue header to request.
2025-03-23 23:45:17,831 [DEBUG] Event before-call.s3.PutObject: calling handler <bound method S3ExpressIdentityResolver.apply_signing_cache_key of <botocore.utils.S3ExpressIdentityResolver object at 0x7e639d895b50>>
2025-03-23 23:45:17,831 [DEBUG] Event before-call.s3.PutObject: calling handler <function add_recursion_detection_header at 0x7e639f145b20>
2025-03-23 23:45:17,832 [DEBUG] Event before-call.s3.PutObject: calling handler <function add_query_compatibility_header at 0x7e639f16d1c0>
2025-03-23 23:45:17,832 [DEBUG] Event before-call.s3.PutObject: calling handler <function inject_api_version_header_if_needed at 0x7e639f16c220>
2025-03-23 23:45:17,832 [DEBUG] Making request for OperationModel(name=PutObject) with params: {'url_path': '/CORZ/2024-12-31/CORZ%2BEarnings%2BPresentation%2BQ4%2B2024.pdf/CORZ%2BEarnings%2BPresentation%2BQ4%2B2024.pdf', 'query_string': {}, 'method': 'PUT', 'headers': {'User-Agent': 'Boto3/1.37.16 md/Botocore#1.37.17 ua/2.1 os/linux#6.11.0-19-generic md/arch#x86_64 lang/python#3.12.3 md/pyimpl#CPython m/N cfg/retry-mode#legacy Botocore/1.37.17', 'Expect': '100-continue', 'Transfer-Encoding': 'chunked', 'Content-Encoding': 'aws-chunked', 'X-Amz-Trailer': 'x-amz-checksum-crc32', 'X-Amz-Decoded-Content-Length': '2109749', 'x-amz-sdk-checksum-algorithm': 'CRC32'}, 'body': <botocore.httpchecksum.AwsChunkedWrapper object at 0x7e639d895310>, 'auth_path': '/fin-scraping-bucket/CORZ/2024-12-31/CORZ%2BEarnings%2BPresentation%2BQ4%2B2024.pdf/CORZ%2BEarnings%2BPresentation%2BQ4%2B2024.pdf', 'url': 'https://3c5636b6cfe0011ec1887ff62b057097.r2.cloudflarestorage.com/fin-scraping-bucket/CORZ/2024-12-31/CORZ%2BEarnings%2BPresentation%2BQ4%2B2024.pdf/CORZ%2BEarnings%2BPresentation%2BQ4%2B2024.pdf', 'context': {'client_region': 'us-east-1', 'client_config': <botocore.config.Config object at 0x7e639ce1c500>, 'has_streaming_input': True, 'auth_type': 'v4', 'unsigned_payload': None, 's3_redirect': {'redirected': False, 'bucket': 'fin-scraping-bucket', 'params': {'Bucket': 'fin-scraping-bucket', 'Key': 'CORZ/2024-12-31/CORZ+Earnings+Presentation+Q4+2024.pdf/CORZ+Earnings+Presentation+Q4+2024.pdf', 'Body': <_io.BufferedReader name='downloads/CORZ+Earnings+Presentation+Q4+2024.pdf'>}}, 'input_params': {'Bucket': 'fin-scraping-bucket', 'Key': 'CORZ/2024-12-31/CORZ+Earnings+Presentation+Q4+2024.pdf/CORZ+Earnings+Presentation+Q4+2024.pdf'}, 'signing': {'region': 'us-east-1', 'signing_name': 's3', 'disableDoubleEncoding': True}, 'endpoint_properties': {'authSchemes': [{'disableDoubleEncoding': True, 'name': 'sigv4', 'signingName': 's3', 'signingRegion': 'us-east-1'}]}, 'checksum': {'request_algorithm_header': {'name': 'x-amz-sdk-checksum-algorithm', 'value': 'CRC32'}, 'request_algorithm': {'algorithm': 'crc32', 'in': 'trailer', 'name': 'x-amz-checksum-crc32'}}}}
2025-03-23 23:45:17,834 [DEBUG] Event request-created.s3.PutObject: calling handler <bound method RequestSigner.handler of <botocore.signers.RequestSigner object at 0x7e639ce1c530>>
2025-03-23 23:45:17,834 [DEBUG] Event choose-signer.s3.PutObject: calling handler <bound method ClientCreator._default_s3_presign_to_sigv2 of <botocore.client.ClientCreator object at 0x7e639c9ea390>>
2025-03-23 23:45:17,834 [DEBUG] Event choose-signer.s3.PutObject: calling handler <function set_operation_specific_signer at 0x7e639f146520>
2025-03-23 23:45:17,835 [DEBUG] Event before-sign.s3.PutObject: calling handler <function remove_arn_from_signing_path at 0x7e639f16cc20>
2025-03-23 23:45:17,835 [DEBUG] Event before-sign.s3.PutObject: calling handler <function _set_extra_headers_for_unsigned_request at 0x7e639f16d300>
2025-03-23 23:45:17,835 [DEBUG] Event before-sign.s3.PutObject: calling handler <bound method S3ExpressIdentityResolver.resolve_s3express_identity of <botocore.utils.S3ExpressIdentityResolver object at 0x7e639d895b50>>
2025-03-23 23:45:17,836 [DEBUG] Calculating signature using v4 auth.
2025-03-23 23:45:17,836 [DEBUG] CanonicalRequest:
PUT
/fin-scraping-bucket/CORZ/2024-12-31/CORZ%2BEarnings%2BPresentation%2BQ4%2B2024.pdf/CORZ%2BEarnings%2BPresentation%2BQ4%2B2024.pdf

content-encoding:aws-chunked
host:3c5636b6cfe0011ec1887ff62b057097.r2.cloudflarestorage.com
x-amz-content-sha256:STREAMING-UNSIGNED-PAYLOAD-TRAILER
x-amz-date:20250323T184517Z
x-amz-decoded-content-length:2109749
x-amz-sdk-checksum-algorithm:CRC32
x-amz-trailer:x-amz-checksum-crc32

content-encoding;host;x-amz-content-sha256;x-amz-date;x-amz-decoded-content-length;x-amz-sdk-checksum-algorithm;x-amz-trailer
STREAMING-UNSIGNED-PAYLOAD-TRAILER
2025-03-23 23:45:17,836 [DEBUG] StringToSign:
AWS4-HMAC-SHA256
20250323T184517Z
20250323/us-east-1/s3/aws4_request
68c2291d1ab568751a823508045b08063f1690b25320521480426f55ffb10af7
2025-03-23 23:45:17,837 [DEBUG] Signature:
3e95134fb8cf655e30a3548c78ff6916249a9676d9bb4d4ca442e5b31a0eec49
2025-03-23 23:45:17,837 [DEBUG] Event request-created.s3.PutObject: calling handler <bound method UserAgentString.rebuild_and_replace_user_agent_handler of <botocore.useragent.UserAgentString object at 0x7e639d8961e0>>
2025-03-23 23:45:17,838 [DEBUG] Event request-created.s3.PutObject: calling handler <function add_retry_headers at 0x7e639f16ca40>
2025-03-23 23:45:17,838 [DEBUG] Sending http request: <AWSPreparedRequest stream_output=False, method=PUT, url=https://3c5636b6cfe0011ec1887ff62b057097.r2.cloudflarestorage.com/fin-scraping-bucket/CORZ/2024-12-31/CORZ%2BEarnings%2BPresentation%2BQ4%2B2024.pdf/CORZ%2BEarnings%2BPresentation%2BQ4%2B2024.pdf, headers={'User-Agent': b'Boto3/1.37.16 md/Botocore#1.37.17 ua/2.1 os/linux#6.11.0-19-generic md/arch#x86_64 lang/python#3.12.3 md/pyimpl#CPython m/N cfg/retry-mode#legacy Botocore/1.37.17', 'Expect': b'100-continue', 'Transfer-Encoding': b'chunked', 'Content-Encoding': b'aws-chunked', 'X-Amz-Trailer': b'x-amz-checksum-crc32', 'X-Amz-Decoded-Content-Length': b'2109749', 'x-amz-sdk-checksum-algorithm': b'CRC32', 'X-Amz-Date': b'20250323T184517Z', 'X-Amz-Content-SHA256': b'STREAMING-UNSIGNED-PAYLOAD-TRAILER', 'Authorization': b'AWS4-HMAC-SHA256 Credential=f1ac1dc043a240f996be558cfba72868/20250323/us-east-1/s3/aws4_request, SignedHeaders=content-encoding;host;x-amz-content-sha256;x-amz-date;x-amz-decoded-content-length;x-amz-sdk-checksum-algorithm;x-amz-trailer, Signature=3e95134fb8cf655e30a3548c78ff6916249a9676d9bb4d4ca442e5b31a0eec49', 'amz-sdk-invocation-id': b'5c56d590-6511-4057-837e-32e12bfcf4ac', 'amz-sdk-request': b'attempt=1'}>
2025-03-23 23:45:17,839 [DEBUG] Certificate path: /home/syed-hassan-ul-haq/repos/fin_scraper/venv/lib/python3.12/site-packages/certifi/cacert.pem
2025-03-23 23:45:17,840 [DEBUG] Starting new HTTPS connection (1): 3c5636b6cfe0011ec1887ff62b057097.r2.cloudflarestorage.com:443
2025-03-23 23:45:17,941 [DEBUG] Waiting for 100 Continue response.
2025-03-23 23:45:17,946 [DEBUG] 100 Continue response seen, now sending request body.
2025-03-23 23:45:21,026 [DEBUG] https://3c5636b6cfe0011ec1887ff62b057097.r2.cloudflarestorage.com:443 "PUT /fin-scraping-bucket/CORZ/2024-12-31/CORZ%2BEarnings%2BPresentation%2BQ4%2B2024.pdf/CORZ%2BEarnings%2BPresentation%2BQ4%2B2024.pdf HTTP/1.1" 200 0
2025-03-23 23:45:21,027 [DEBUG] Event before-parse.s3.PutObject: calling handler <function _handle_200_error at 0x7e639f16cfe0>
2025-03-23 23:45:21,027 [DEBUG] Event before-parse.s3.PutObject: calling handler <function handle_expires_header at 0x7e639f16ce00>
2025-03-23 23:45:21,028 [DEBUG] Response headers: {'Date': 'Sun, 23 Mar 2025 18:45:21 GMT', 'Content-Type': 'text/plain;charset=UTF-8', 'Content-Length': '0', 'Connection': 'keep-alive', 'ETag': '"9d20e0917b4f8982bcbf5bd7abe2ef59"', 'x-amz-checksum-crc32': 'nr0GcA==', 'x-amz-version-id': '7e6a3bad284cc48412b43993a8c4ee23', 'Vary': 'Accept-Encoding', 'Server': 'cloudflare', 'CF-RAY': '925015c3188921f5-KHI'}
2025-03-23 23:45:21,028 [DEBUG] Response body:
b''
2025-03-23 23:45:21,030 [DEBUG] Event needs-retry.s3.PutObject: calling handler <function _update_status_code at 0x7e639f16d120>
2025-03-23 23:45:21,030 [DEBUG] Event needs-retry.s3.PutObject: calling handler <botocore.retryhandler.RetryHandler object at 0x7e639d895bb0>
2025-03-23 23:45:21,030 [DEBUG] No retry needed.
2025-03-23 23:45:21,031 [DEBUG] Event needs-retry.s3.PutObject: calling handler <bound method S3RegionRedirectorv2.redirect_from_error of <botocore.utils.S3RegionRedirectorv2 object at 0x7e639d8961b0>>
2025-03-23 23:45:21,036 [DEBUG] Constructed data object: {'file_name': 'CORZ+Earnings+Presentation+Q4+2024.pdf', 'file_type': 'pdf', 'published_date': '2024-12-31', 'url': 'https://3c5636b6cfe0011ec1887ff62b057097.r2.cloudflarestorage.com/fin-scraping-bucket/CORZ/2024-12-31/CORZ+Earnings+Presentation+Q4+2024.pdf/CORZ+Earnings+Presentation+Q4+2024.pdf', 'content_type': ['webcast', 'sec_filing', 'financial_filing', 'presentation', '10-K']}
2025-03-23 23:45:21,041 [DEBUG] Starting new HTTPS connection (1): www.pvh.com:443
2025-03-23 23:45:21,798 [DEBUG] https://www.pvh.com:443 "GET /sec-filings/all-sec-filings/content/0001628280-25-008302/core-20241231.htm HTTP/1.1" 404 1245
2025-03-23 23:45:21,802 [DEBUG] Changing event name from creating-client-class.iot-data to creating-client-class.iot-data-plane
2025-03-23 23:45:21,812 [DEBUG] Changing event name from before-call.apigateway to before-call.api-gateway
2025-03-23 23:45:21,817 [DEBUG] Changing event name from request-created.machinelearning.Predict to request-created.machine-learning.Predict
2025-03-23 23:45:21,826 [DEBUG] Changing event name from before-parameter-build.autoscaling.CreateLaunchConfiguration to before-parameter-build.auto-scaling.CreateLaunchConfiguration
2025-03-23 23:45:21,827 [DEBUG] Changing event name from before-parameter-build.route53 to before-parameter-build.route-53
2025-03-23 23:45:21,831 [DEBUG] Changing event name from request-created.cloudsearchdomain.Search to request-created.cloudsearch-domain.Search
2025-03-23 23:45:21,836 [DEBUG] Changing event name from docs.*.autoscaling.CreateLaunchConfiguration.complete-section to docs.*.auto-scaling.CreateLaunchConfiguration.complete-section
2025-03-23 23:45:21,855 [DEBUG] Changing event name from before-parameter-build.logs.CreateExportTask to before-parameter-build.cloudwatch-logs.CreateExportTask
2025-03-23 23:45:21,856 [DEBUG] Changing event name from docs.*.logs.CreateExportTask.complete-section to docs.*.cloudwatch-logs.CreateExportTask.complete-section
2025-03-23 23:45:21,857 [DEBUG] Changing event name from before-parameter-build.cloudsearchdomain.Search to before-parameter-build.cloudsearch-domain.Search
2025-03-23 23:45:21,857 [DEBUG] Changing event name from docs.*.cloudsearchdomain.Search.complete-section to docs.*.cloudsearch-domain.Search.complete-section
2025-03-23 23:45:21,866 [DEBUG] Loading JSON file: /home/syed-hassan-ul-haq/repos/fin_scraper/venv/lib/python3.12/site-packages/botocore/data/endpoints.json
2025-03-23 23:45:21,958 [DEBUG] Loading JSON file: /home/syed-hassan-ul-haq/repos/fin_scraper/venv/lib/python3.12/site-packages/botocore/data/sdk-default-configuration.json
2025-03-23 23:45:21,958 [DEBUG] Event choose-service-name: calling handler <function handle_service_name_alias at 0x7e639f144b80>
2025-03-23 23:45:21,997 [DEBUG] Loading JSON file: /home/syed-hassan-ul-haq/repos/fin_scraper/venv/lib/python3.12/site-packages/botocore/data/s3/2006-03-01/service-2.json.gz
2025-03-23 23:45:22,017 [DEBUG] Loading JSON file: /home/syed-hassan-ul-haq/repos/fin_scraper/venv/lib/python3.12/site-packages/botocore/data/s3/2006-03-01/service-2.sdk-extras.json
2025-03-23 23:45:22,049 [DEBUG] Loading JSON file: /home/syed-hassan-ul-haq/repos/fin_scraper/venv/lib/python3.12/site-packages/botocore/data/s3/2006-03-01/endpoint-rule-set-1.json.gz
2025-03-23 23:45:22,061 [DEBUG] Loading JSON file: /home/syed-hassan-ul-haq/repos/fin_scraper/venv/lib/python3.12/site-packages/botocore/data/partitions.json
2025-03-23 23:45:22,063 [DEBUG] Event creating-client-class.s3: calling handler <function add_generate_presigned_post at 0x7e639f2d2700>
2025-03-23 23:45:22,064 [DEBUG] Event creating-client-class.s3: calling handler <function lazy_call.<locals>._handler at 0x7e639e3ad440>
2025-03-23 23:45:22,064 [DEBUG] Event creating-client-class.s3: calling handler <function add_generate_presigned_url at 0x7e639f2d2480>
2025-03-23 23:45:22,066 [DEBUG] Setting s3 timeout as (60, 60)
2025-03-23 23:45:22,069 [DEBUG] Loading JSON file: /home/syed-hassan-ul-haq/repos/fin_scraper/venv/lib/python3.12/site-packages/botocore/data/_retry.json
2025-03-23 23:45:22,070 [DEBUG] Registering retry handlers for service: s3
2025-03-23 23:45:22,071 [DEBUG] Registering S3 region redirector handler
2025-03-23 23:45:22,072 [DEBUG] Registering S3Express Identity Resolver
2025-03-23 23:45:32,075 [DEBUG] Constructed data object: {'file_name': 'core-20241231.htm', 'file_type': 'html', 'published_date': '2024-12-31', 'url': None, 'content_type': ['webcast', 'sec_filing', 'financial_filing', 'presentation', '10-K']}
2025-03-23 23:45:32,078 [DEBUG] Starting new HTTPS connection (1): www.pvh.com:443
2025-03-23 23:45:32,785 [DEBUG] https://www.pvh.com:443 "GET /sec-filings/all-sec-filings/content/0001628280-25-008302/0001628280-25-008302.pdf HTTP/1.1" 404 1245
2025-03-23 23:45:32,788 [DEBUG] Changing event name from creating-client-class.iot-data to creating-client-class.iot-data-plane
2025-03-23 23:45:32,797 [DEBUG] Changing event name from before-call.apigateway to before-call.api-gateway
2025-03-23 23:45:32,800 [DEBUG] Changing event name from request-created.machinelearning.Predict to request-created.machine-learning.Predict
2025-03-23 23:45:32,807 [DEBUG] Changing event name from before-parameter-build.autoscaling.CreateLaunchConfiguration to before-parameter-build.auto-scaling.CreateLaunchConfiguration
2025-03-23 23:45:32,808 [DEBUG] Changing event name from before-parameter-build.route53 to before-parameter-build.route-53
2025-03-23 23:45:32,812 [DEBUG] Changing event name from request-created.cloudsearchdomain.Search to request-created.cloudsearch-domain.Search
2025-03-23 23:45:32,817 [DEBUG] Changing event name from docs.*.autoscaling.CreateLaunchConfiguration.complete-section to docs.*.auto-scaling.CreateLaunchConfiguration.complete-section
2025-03-23 23:45:32,834 [DEBUG] Changing event name from before-parameter-build.logs.CreateExportTask to before-parameter-build.cloudwatch-logs.CreateExportTask
2025-03-23 23:45:32,836 [DEBUG] Changing event name from docs.*.logs.CreateExportTask.complete-section to docs.*.cloudwatch-logs.CreateExportTask.complete-section
2025-03-23 23:45:32,837 [DEBUG] Changing event name from before-parameter-build.cloudsearchdomain.Search to before-parameter-build.cloudsearch-domain.Search
2025-03-23 23:45:32,838 [DEBUG] Changing event name from docs.*.cloudsearchdomain.Search.complete-section to docs.*.cloudsearch-domain.Search.complete-section
2025-03-23 23:45:32,846 [DEBUG] Loading JSON file: /home/syed-hassan-ul-haq/repos/fin_scraper/venv/lib/python3.12/site-packages/botocore/data/endpoints.json
2025-03-23 23:45:32,969 [DEBUG] Loading JSON file: /home/syed-hassan-ul-haq/repos/fin_scraper/venv/lib/python3.12/site-packages/botocore/data/sdk-default-configuration.json
2025-03-23 23:45:32,969 [DEBUG] Event choose-service-name: calling handler <function handle_service_name_alias at 0x7e639f144b80>
2025-03-23 23:45:33,009 [DEBUG] Loading JSON file: /home/syed-hassan-ul-haq/repos/fin_scraper/venv/lib/python3.12/site-packages/botocore/data/s3/2006-03-01/service-2.json.gz
2025-03-23 23:45:33,028 [DEBUG] Loading JSON file: /home/syed-hassan-ul-haq/repos/fin_scraper/venv/lib/python3.12/site-packages/botocore/data/s3/2006-03-01/service-2.sdk-extras.json
2025-03-23 23:45:33,058 [DEBUG] Loading JSON file: /home/syed-hassan-ul-haq/repos/fin_scraper/venv/lib/python3.12/site-packages/botocore/data/s3/2006-03-01/endpoint-rule-set-1.json.gz
2025-03-23 23:45:33,066 [DEBUG] Loading JSON file: /home/syed-hassan-ul-haq/repos/fin_scraper/venv/lib/python3.12/site-packages/botocore/data/partitions.json
2025-03-23 23:45:33,067 [DEBUG] Event creating-client-class.s3: calling handler <function add_generate_presigned_post at 0x7e639f2d2700>
2025-03-23 23:45:33,067 [DEBUG] Event creating-client-class.s3: calling handler <function lazy_call.<locals>._handler at 0x7e639d385620>
2025-03-23 23:45:33,068 [DEBUG] Event creating-client-class.s3: calling handler <function add_generate_presigned_url at 0x7e639f2d2480>
2025-03-23 23:45:33,071 [DEBUG] Setting s3 timeout as (60, 60)
2025-03-23 23:45:33,076 [DEBUG] Loading JSON file: /home/syed-hassan-ul-haq/repos/fin_scraper/venv/lib/python3.12/site-packages/botocore/data/_retry.json
2025-03-23 23:45:33,077 [DEBUG] Registering retry handlers for service: s3
2025-03-23 23:45:33,078 [DEBUG] Registering S3 region redirector handler
2025-03-23 23:45:33,079 [DEBUG] Registering S3Express Identity Resolver
2025-03-23 23:45:43,082 [DEBUG] Constructed data object: {'file_name': '0001628280-25-008302.pdf', 'file_type': 'html', 'published_date': '2024-12-31', 'url': None, 'content_type': ['webcast', 'sec_filing', 'financial_filing', 'presentation', '10-K']}
2025-03-23 23:45:43,086 [DEBUG] Starting new HTTPS connection (1): www.pvh.com:443
2025-03-23 23:45:43,642 [DEBUG] https://www.pvh.com:443 "GET /sec-filings/all-sec-filings/content/0001628280-25-008302/0001628280-25-008302-xbrl.zip HTTP/1.1" 404 1245
2025-03-23 23:45:43,646 [DEBUG] Changing event name from creating-client-class.iot-data to creating-client-class.iot-data-plane
2025-03-23 23:45:43,660 [DEBUG] Changing event name from before-call.apigateway to before-call.api-gateway
2025-03-23 23:45:43,666 [DEBUG] Changing event name from request-created.machinelearning.Predict to request-created.machine-learning.Predict
2025-03-23 23:45:43,679 [DEBUG] Changing event name from before-parameter-build.autoscaling.CreateLaunchConfiguration to before-parameter-build.auto-scaling.CreateLaunchConfiguration
2025-03-23 23:45:43,681 [DEBUG] Changing event name from before-parameter-build.route53 to before-parameter-build.route-53
2025-03-23 23:45:43,686 [DEBUG] Changing event name from request-created.cloudsearchdomain.Search to request-created.cloudsearch-domain.Search
2025-03-23 23:45:43,692 [DEBUG] Changing event name from docs.*.autoscaling.CreateLaunchConfiguration.complete-section to docs.*.auto-scaling.CreateLaunchConfiguration.complete-section
2025-03-23 23:45:43,710 [DEBUG] Changing event name from before-parameter-build.logs.CreateExportTask to before-parameter-build.cloudwatch-logs.CreateExportTask
2025-03-23 23:45:43,711 [DEBUG] Changing event name from docs.*.logs.CreateExportTask.complete-section to docs.*.cloudwatch-logs.CreateExportTask.complete-section
2025-03-23 23:45:43,712 [DEBUG] Changing event name from before-parameter-build.cloudsearchdomain.Search to before-parameter-build.cloudsearch-domain.Search
2025-03-23 23:45:43,714 [DEBUG] Changing event name from docs.*.cloudsearchdomain.Search.complete-section to docs.*.cloudsearch-domain.Search.complete-section
2025-03-23 23:45:43,724 [DEBUG] Loading JSON file: /home/syed-hassan-ul-haq/repos/fin_scraper/venv/lib/python3.12/site-packages/botocore/data/endpoints.json
2025-03-23 23:45:43,814 [DEBUG] Loading JSON file: /home/syed-hassan-ul-haq/repos/fin_scraper/venv/lib/python3.12/site-packages/botocore/data/sdk-default-configuration.json
2025-03-23 23:45:43,815 [DEBUG] Event choose-service-name: calling handler <function handle_service_name_alias at 0x7e639f144b80>
2025-03-23 23:45:43,876 [DEBUG] Loading JSON file: /home/syed-hassan-ul-haq/repos/fin_scraper/venv/lib/python3.12/site-packages/botocore/data/s3/2006-03-01/service-2.json.gz
2025-03-23 23:45:43,892 [DEBUG] Loading JSON file: /home/syed-hassan-ul-haq/repos/fin_scraper/venv/lib/python3.12/site-packages/botocore/data/s3/2006-03-01/service-2.sdk-extras.json
2025-03-23 23:45:43,917 [DEBUG] Loading JSON file: /home/syed-hassan-ul-haq/repos/fin_scraper/venv/lib/python3.12/site-packages/botocore/data/s3/2006-03-01/endpoint-rule-set-1.json.gz
2025-03-23 23:45:43,925 [DEBUG] Loading JSON file: /home/syed-hassan-ul-haq/repos/fin_scraper/venv/lib/python3.12/site-packages/botocore/data/partitions.json
2025-03-23 23:45:43,927 [DEBUG] Event creating-client-class.s3: calling handler <function add_generate_presigned_post at 0x7e639f2d2700>
2025-03-23 23:45:43,928 [DEBUG] Event creating-client-class.s3: calling handler <function lazy_call.<locals>._handler at 0x7e639ec47a60>
2025-03-23 23:45:43,928 [DEBUG] Event creating-client-class.s3: calling handler <function add_generate_presigned_url at 0x7e639f2d2480>
2025-03-23 23:45:43,931 [DEBUG] Setting s3 timeout as (60, 60)
2025-03-23 23:45:43,956 [DEBUG] Loading JSON file: /home/syed-hassan-ul-haq/repos/fin_scraper/venv/lib/python3.12/site-packages/botocore/data/_retry.json
2025-03-23 23:45:43,957 [DEBUG] Registering retry handlers for service: s3
2025-03-23 23:45:43,957 [DEBUG] Registering S3 region redirector handler
2025-03-23 23:45:43,958 [DEBUG] Registering S3Express Identity Resolver
2025-03-23 23:45:53,961 [DEBUG] Constructed data object: {'file_name': '0001628280-25-008302-xbrl.zip', 'file_type': 'html', 'published_date': '2024-12-31', 'url': None, 'content_type': ['webcast', 'sec_filing', 'financial_filing', 'presentation', '10-K']}
2025-03-23 23:45:53,965 [DEBUG] Constructed final JSON: {'event_name': 'FY 2024 Fiscal Year Ended Dec 31, 2024 Earnings Release Earnings Webcast Presentation 10-K', 'equity_ticker': 'CORZ', 'geography': 'US', 'periodicity': 'non-periodic', 'data': [{'file_name': 'core-scientific-announces-fiscal-fourth-quarter-and-full-fiscal-year-2024-results', 'file_type': 'html', 'published_date': '2024-12-31', 'url': 'https://3c5636b6cfe0011ec1887ff62b057097.r2.cloudflarestorage.com/fin-scraping-bucket/CORZ/2024-12-31/core-scientific-announces-fiscal-fourth-quarter-and-full-fiscal-year-2024-results/core-scientific-announces-fiscal-fourth-quarter-and-full-fiscal-year-2024-results', 'content_type': ['webcast', 'sec_filing', 'financial_filing', 'presentation', '10-K']}, {'file_name': '2025-02-26_Core_Scientific_Announces_Fiscal_Fourth_Quarter_109.pdf', 'file_type': 'pdf', 'published_date': '2024-12-31', 'url': 'https://3c5636b6cfe0011ec1887ff62b057097.r2.cloudflarestorage.com/fin-scraping-bucket/CORZ/2024-12-31/2025-02-26_Core_Scientific_Announces_Fiscal_Fourth_Quarter_109.pdf/2025-02-26_Core_Scientific_Announces_Fiscal_Fourth_Quarter_109.pdf', 'content_type': ['webcast', 'sec_filing', 'financial_filing', 'presentation', '10-K']}, {'file_name': 'webcast.html?webcastid=ymDjLEm1', 'file_type': 'html', 'published_date': '2024-12-31', 'url': 'https://3c5636b6cfe0011ec1887ff62b057097.r2.cloudflarestorage.com/fin-scraping-bucket/CORZ/2024-12-31/webcast.html?webcastid=ymDjLEm1/webcast.html?webcastid=ymDjLEm1', 'content_type': ['webcast', 'sec_filing', 'financial_filing', 'presentation', '10-K']}, {'file_name': 'CORZ+Earnings+Presentation+Q4+2024.pdf', 'file_type': 'pdf', 'published_date': '2024-12-31', 'url': 'https://3c5636b6cfe0011ec1887ff62b057097.r2.cloudflarestorage.com/fin-scraping-bucket/CORZ/2024-12-31/CORZ+Earnings+Presentation+Q4+2024.pdf/CORZ+Earnings+Presentation+Q4+2024.pdf', 'content_type': ['webcast', 'sec_filing', 'financial_filing', 'presentation', '10-K']}, {'file_name': 'core-20241231.htm', 'file_type': 'html', 'published_date': '2024-12-31', 'url': None, 'content_type': ['webcast', 'sec_filing', 'financial_filing', 'presentation', '10-K']}, {'file_name': '0001628280-25-008302.pdf', 'file_type': 'html', 'published_date': '2024-12-31', 'url': None, 'content_type': ['webcast', 'sec_filing', 'financial_filing', 'presentation', '10-K']}, {'file_name': '0001628280-25-008302-xbrl.zip', 'file_type': 'html', 'published_date': '2024-12-31', 'url': None, 'content_type': ['webcast', 'sec_filing', 'financial_filing', 'presentation', '10-K']}]}
2025-03-23 23:45:53,965 [DEBUG] Returning constructed JSON.
2025-03-23 23:45:53,966 [INFO] Snippet #1 -> Event JSON created.
2025-03-23 23:45:53,966 [INFO] Processing snippet #2 / 16
2025-03-23 23:45:53,966 [DEBUG] Starting construct_event_json function.
2025-03-23 23:45:53,966 [DEBUG] html_element length=2875
2025-03-23 23:45:53,967 [DEBUG] equity_ticker=CORZ, geography=US, periodicity=non-periodic
2025-03-23 23:45:53,967 [DEBUG] 

2025-03-23 23:45:53,967 [DEBUG] Original Snippet Text: 
          <div class="col-md-4 results-info">
        <h3>Q3 2024</h3>
                <div class="date">Quarter Ended Sep 30, 2024</div>
                        
      </div>
    
    <div class="col-md-8">     
    

    <div class="result-line">
                        <a href="https://investors.corescientific.com/news-events/press-releases/detail/98/core-scientific-announces-fiscal-third-quarter-2024-results" class="headline-link" aria-label="Earnings Release Q3 2024">
                <span class="headline">Earnings Release</span>
                <span class="result-link link" aria-hidden="true"><span class="eqicon-HTML"></span>HTML</span>
            </a>
            <a href="https://d1io3yog0oux5.cloudfront.net/_1809aef3bf74227ab43f8f02a5800c1a/corescientific/news/2024-11-06_Core_Scientific_Announces_Fiscal_Third_Quarter_98.pdf" class="result-link link" target="_blank" rel="noopener" aria-label="Earnings Release Q3 2024 PDF" title="Opens in a new window"><span class="eqicon-PDF"></span>PDF</a>
                </div>

<div class="result-line">
    <a href="https://event.choruscall.com/mediaframe/webcast.html?webcastid=HW5MvP6u" target="_blank" rel="noopener" class="headline-link" aria-label="Earnings Webcast Q3 2024 Audio" title="Opens in a new window">
        <span class="headline">Earnings Webcast</span>
        <span class="result-link link" aria-hidden="true"><span class="eqicon-MP3"></span>Audio</span>
    </a>
</div>
<div class="result-line">
    <a href="https://d1io3yog0oux5.cloudfront.net/_1809aef3bf74227ab43f8f02a5800c1a/corescientific/db/946/9319/presentation/Core+Scientific+Q3+2024+Earnings+Presentation.pdf" class="headline-link" target="_blank" rel="noopener" aria-label="Presentation Q3 2024 PDF" title="Opens in a new window">
        <span class="headline">Presentation</span>
        <span class="result-link link" aria-hidden="true"><span class="eqicon-PDF"></span>PDF</span>
    </a>
</div><div class="result-line">
    <a href="/sec-filings/all-sec-filings/content/0001628280-24-045811/core-20240930.htm" class="headline-link" aria-label="10-Q Q3 2024" target="_blank" rel="noopener" title="Opens in a new window">
        <span class="headline">10-Q</span>
        <span class="result-link link" aria-hidden="true"><span class="eqicon-HTML"></span>HTML</span>
    </a>
    <a href="/sec-filings/all-sec-filings/content/0001628280-24-045811/0001628280-24-045811.pdf" class="result-link link" aria-label="10-Q Q3 2024 PDF" target="_blank" rel="noopener" title="Opens in a new window"><span class="eqicon-PDF"></span>PDF</a>
    <a href="/sec-filings/all-sec-filings/content/0001628280-24-045811/0001628280-24-045811-xbrl.zip" aria-label="Download Raw XBRL Zip Files of 10-Q Q3 2024" class="link" target="_blank" rel="noopener" title="Opens in a new window"><span class="eqicon-ZIP"></span>XBRL Zip</a>
</div>    </div>
  
2025-03-23 23:45:53,977 [DEBUG] Original Snippet Text: Q3 2024 Quarter Ended Sep 30, 2024 Earnings Release HTML PDF Earnings Webcast Audio Presentation PDF 10-Q HTML PDF XBRL Zip
2025-03-23 23:45:54,024 [DEBUG] Analyzing Sentence: 'Q3 2024 Quarter Ended Sep 30, 2024 Earnings Release HTML PDF Earnings Webcast Audio Presentation PDF 10-Q HTML PDF XBRL Zip'
2025-03-23 23:45:54,030 [DEBUG] Match found! Token='Quarter' ~ Concept='acquisition' (sim=0.73)
2025-03-23 23:45:54,031 [DEBUG] Cleaning up sentence: 'Q3 2024 Quarter Ended Sep 30, 2024 Earnings Release HTML PDF Earnings Webcast Audio Presentation PDF 10-Q HTML PDF XBRL Zip'
2025-03-23 23:45:54,031 [DEBUG] Final Extracted Event Name: Q3 2024 Quarter Ended Sep 30, 2024 Earnings Release Earnings Webcast Presentation 10-Q
2025-03-23 23:45:54,032 [DEBUG] Extracted event_name=Q3 2024 Quarter Ended Sep 30, 2024 Earnings Release Earnings Webcast Presentation 10-Q
2025-03-23 23:45:54,064 [DEBUG] Extracted published_date=2024-09-30
2025-03-23 23:45:54,065 [DEBUG] 
----------------------------------------------------
2025-03-23 23:45:54,065 [DEBUG] Raw HTML Snippet (truncated):

          <div class="col-md-4 results-info">
        <h3>Q3 2024</h3>
                <div class="date">Quarter Ended Sep 30, 2024</div>
                        
      </div>
    
    <div class="col-md-8">     
    

    <div class="result-line">
                        <a href="https://investors...
2025-03-23 23:45:54,066 [DEBUG] ----------------------------------------------------
2025-03-23 23:45:54,076 [DEBUG] Extracted Text:
Q3 2024 Quarter Ended Sep 30, 2024 Earnings Release HTML PDF Earnings Webcast Audio Presentation PDF 10-Q HTML PDF XBRL Zip Earnings Release HTML https://investors.corescientific.com/news-events/press-releases/detail/98/core-scientific-announces-fiscal-third-quarter-2024-results PDF https://d1io3yog0oux5.cloudfront.net/_1809aef3bf74227ab43f8f02a5800c1a/corescientific/news/2024-11-06_Core_Scientific_Announces_Fiscal_Third_Quarter_98.pdf Earnings Webcast Audio https://event.choruscall.com/mediaframe/webcast.html?webcastid=HW5MvP6u Presentation PDF https://d1io3yog0oux5.cloudfront.net/_1809aef3bf74227ab43f8f02a5800c1a/corescientific/db/946/9319/presentation/Core+Scientific+Q3+2024+Earnings+Presentation.pdf 10-Q HTML /sec-filings/all-sec-filings/content/0001628280-24-045811/core-20240930.htm PDF /sec-filings/all-sec-filings/content/0001628280-24-045811/0001628280-24-045811.pdf XBRL Zip /sec-filings/all-sec-filings/content/0001628280-24-045811/0001628280-24-045811-xbrl.zip

2025-03-23 23:45:54,078 [DEBUG] [DICT] Found dictionary-based content types: {'webcast', 'sec_filing', 'financial_filing', 'presentation', '10-Q', 'three-month-results'}
2025-03-23 23:45:54,301 [DEBUG] [SIM] Found similarity-based content types: {'webcast', 'presentation'}
2025-03-23 23:45:54,301 [DEBUG] [UNION] Final content types = {'webcast', 'sec_filing', 'financial_filing', 'presentation', '10-Q', 'three-month-results'}
2025-03-23 23:45:54,301 [DEBUG] Extracted content_type=['webcast', 'sec_filing', 'financial_filing', 'presentation', '10-Q', 'three-month-results']
2025-03-23 23:45:54,305 [DEBUG] Starting new HTTPS connection (1): investors.corescientific.com:443
2025-03-23 23:45:54,675 [DEBUG] https://investors.corescientific.com:443 "GET /news-events/press-releases/detail/98/core-scientific-announces-fiscal-third-quarter-2024-results HTTP/1.1" 200 26242
2025-03-23 23:45:54,846 [DEBUG] Changing event name from creating-client-class.iot-data to creating-client-class.iot-data-plane
2025-03-23 23:45:54,855 [DEBUG] Changing event name from before-call.apigateway to before-call.api-gateway
2025-03-23 23:45:54,859 [DEBUG] Changing event name from request-created.machinelearning.Predict to request-created.machine-learning.Predict
2025-03-23 23:45:54,868 [DEBUG] Changing event name from before-parameter-build.autoscaling.CreateLaunchConfiguration to before-parameter-build.auto-scaling.CreateLaunchConfiguration
2025-03-23 23:45:54,870 [DEBUG] Changing event name from before-parameter-build.route53 to before-parameter-build.route-53
2025-03-23 23:45:54,874 [DEBUG] Changing event name from request-created.cloudsearchdomain.Search to request-created.cloudsearch-domain.Search
2025-03-23 23:45:54,879 [DEBUG] Changing event name from docs.*.autoscaling.CreateLaunchConfiguration.complete-section to docs.*.auto-scaling.CreateLaunchConfiguration.complete-section
2025-03-23 23:45:54,894 [DEBUG] Changing event name from before-parameter-build.logs.CreateExportTask to before-parameter-build.cloudwatch-logs.CreateExportTask
2025-03-23 23:45:54,895 [DEBUG] Changing event name from docs.*.logs.CreateExportTask.complete-section to docs.*.cloudwatch-logs.CreateExportTask.complete-section
2025-03-23 23:45:54,896 [DEBUG] Changing event name from before-parameter-build.cloudsearchdomain.Search to before-parameter-build.cloudsearch-domain.Search
2025-03-23 23:45:54,896 [DEBUG] Changing event name from docs.*.cloudsearchdomain.Search.complete-section to docs.*.cloudsearch-domain.Search.complete-section
2025-03-23 23:45:54,905 [DEBUG] Loading JSON file: /home/syed-hassan-ul-haq/repos/fin_scraper/venv/lib/python3.12/site-packages/botocore/data/endpoints.json
2025-03-23 23:45:55,015 [DEBUG] Loading JSON file: /home/syed-hassan-ul-haq/repos/fin_scraper/venv/lib/python3.12/site-packages/botocore/data/sdk-default-configuration.json
2025-03-23 23:45:55,016 [DEBUG] Event choose-service-name: calling handler <function handle_service_name_alias at 0x7e639f144b80>
2025-03-23 23:45:55,073 [DEBUG] Loading JSON file: /home/syed-hassan-ul-haq/repos/fin_scraper/venv/lib/python3.12/site-packages/botocore/data/s3/2006-03-01/service-2.json.gz
2025-03-23 23:45:55,093 [DEBUG] Loading JSON file: /home/syed-hassan-ul-haq/repos/fin_scraper/venv/lib/python3.12/site-packages/botocore/data/s3/2006-03-01/service-2.sdk-extras.json
2025-03-23 23:45:55,122 [DEBUG] Loading JSON file: /home/syed-hassan-ul-haq/repos/fin_scraper/venv/lib/python3.12/site-packages/botocore/data/s3/2006-03-01/endpoint-rule-set-1.json.gz
2025-03-23 23:45:55,130 [DEBUG] Loading JSON file: /home/syed-hassan-ul-haq/repos/fin_scraper/venv/lib/python3.12/site-packages/botocore/data/partitions.json
2025-03-23 23:45:55,133 [DEBUG] Event creating-client-class.s3: calling handler <function add_generate_presigned_post at 0x7e639f2d2700>
2025-03-23 23:45:55,133 [DEBUG] Event creating-client-class.s3: calling handler <function lazy_call.<locals>._handler at 0x7e639ec47e20>
2025-03-23 23:45:55,133 [DEBUG] Event creating-client-class.s3: calling handler <function add_generate_presigned_url at 0x7e639f2d2480>
2025-03-23 23:45:55,136 [DEBUG] Setting s3 timeout as (60, 60)
2025-03-23 23:45:55,139 [DEBUG] Loading JSON file: /home/syed-hassan-ul-haq/repos/fin_scraper/venv/lib/python3.12/site-packages/botocore/data/_retry.json
2025-03-23 23:45:55,140 [DEBUG] Registering retry handlers for service: s3
2025-03-23 23:45:55,140 [DEBUG] Registering S3 region redirector handler
2025-03-23 23:45:55,141 [DEBUG] Registering S3Express Identity Resolver
2025-03-23 23:45:55,143 [DEBUG] Event before-parameter-build.s3.PutObject: calling handler <function validate_ascii_metadata at 0x7e639f1476a0>
2025-03-23 23:45:55,144 [DEBUG] Event before-parameter-build.s3.PutObject: calling handler <function sse_md5 at 0x7e639f146980>
2025-03-23 23:45:55,144 [DEBUG] Event before-parameter-build.s3.PutObject: calling handler <function convert_body_to_file_like_object at 0x7e639f16c0e0>
2025-03-23 23:45:55,144 [DEBUG] Event before-parameter-build.s3.PutObject: calling handler <function validate_bucket_name at 0x7e639f1468e0>
2025-03-23 23:45:55,144 [DEBUG] Event before-parameter-build.s3.PutObject: calling handler <function remove_bucket_from_url_paths_from_model at 0x7e639f16cae0>
2025-03-23 23:45:55,144 [DEBUG] Event before-parameter-build.s3.PutObject: calling handler <bound method S3RegionRedirectorv2.annotate_request_context of <botocore.utils.S3RegionRedirectorv2 object at 0x7e639b2c5f70>>
2025-03-23 23:45:55,144 [DEBUG] Event before-parameter-build.s3.PutObject: calling handler <bound method ClientCreator._inject_s3_input_parameters of <botocore.client.ClientCreator object at 0x7e639b5066c0>>
2025-03-23 23:45:55,144 [DEBUG] Event before-parameter-build.s3.PutObject: calling handler <function generate_idempotent_uuid at 0x7e639f146700>
2025-03-23 23:45:55,145 [DEBUG] Event before-parameter-build.s3.PutObject: calling handler <function _handle_request_validation_mode_member at 0x7e639f16d260>
2025-03-23 23:45:55,145 [DEBUG] Event before-endpoint-resolution.s3: calling handler <function customize_endpoint_resolver_builtins at 0x7e639f16ccc0>
2025-03-23 23:45:55,145 [DEBUG] Event before-endpoint-resolution.s3: calling handler <bound method S3RegionRedirectorv2.redirect_from_cache of <botocore.utils.S3RegionRedirectorv2 object at 0x7e639b2c5f70>>
2025-03-23 23:45:55,146 [DEBUG] Calling endpoint provider with parameters: {'Bucket': 'fin-scraping-bucket', 'Region': 'us-east-1', 'UseFIPS': False, 'UseDualStack': False, 'Endpoint': 'https://3c5636b6cfe0011ec1887ff62b057097.r2.cloudflarestorage.com', 'ForcePathStyle': True, 'Accelerate': False, 'UseGlobalEndpoint': True, 'Key': 'CORZ/2024-09-30/core-scientific-announces-fiscal-third-quarter-2024-results/core-scientific-announces-fiscal-third-quarter-2024-results', 'DisableMultiRegionAccessPoints': False, 'UseArnRegion': True}
2025-03-23 23:45:55,147 [DEBUG] Endpoint provider result: https://3c5636b6cfe0011ec1887ff62b057097.r2.cloudflarestorage.com/fin-scraping-bucket
2025-03-23 23:45:55,147 [DEBUG] Selecting from endpoint provider's list of auth schemes: "sigv4". User selected auth scheme is: "None"
2025-03-23 23:45:55,147 [DEBUG] Selected auth type "v4" as "v4" with signing context params: {'region': 'us-east-1', 'signing_name': 's3', 'disableDoubleEncoding': True}
2025-03-23 23:45:55,148 [DEBUG] Event before-call.s3.PutObject: calling handler <function add_expect_header at 0x7e639f146ca0>
2025-03-23 23:45:55,149 [DEBUG] Adding expect 100 continue header to request.
2025-03-23 23:45:55,149 [DEBUG] Event before-call.s3.PutObject: calling handler <bound method S3ExpressIdentityResolver.apply_signing_cache_key of <botocore.utils.S3ExpressIdentityResolver object at 0x7e639b2c65a0>>
2025-03-23 23:45:55,149 [DEBUG] Event before-call.s3.PutObject: calling handler <function add_recursion_detection_header at 0x7e639f145b20>
2025-03-23 23:45:55,150 [DEBUG] Event before-call.s3.PutObject: calling handler <function add_query_compatibility_header at 0x7e639f16d1c0>
2025-03-23 23:45:55,150 [DEBUG] Event before-call.s3.PutObject: calling handler <function inject_api_version_header_if_needed at 0x7e639f16c220>
2025-03-23 23:45:55,150 [DEBUG] Making request for OperationModel(name=PutObject) with params: {'url_path': '/CORZ/2024-09-30/core-scientific-announces-fiscal-third-quarter-2024-results/core-scientific-announces-fiscal-third-quarter-2024-results', 'query_string': {}, 'method': 'PUT', 'headers': {'User-Agent': 'Boto3/1.37.16 md/Botocore#1.37.17 ua/2.1 os/linux#6.11.0-19-generic md/arch#x86_64 lang/python#3.12.3 md/pyimpl#CPython m/N cfg/retry-mode#legacy Botocore/1.37.17', 'Expect': '100-continue', 'Transfer-Encoding': 'chunked', 'Content-Encoding': 'aws-chunked', 'X-Amz-Trailer': 'x-amz-checksum-crc32', 'X-Amz-Decoded-Content-Length': '297166', 'x-amz-sdk-checksum-algorithm': 'CRC32'}, 'body': <botocore.httpchecksum.AwsChunkedWrapper object at 0x7e639d5ab470>, 'auth_path': '/fin-scraping-bucket/CORZ/2024-09-30/core-scientific-announces-fiscal-third-quarter-2024-results/core-scientific-announces-fiscal-third-quarter-2024-results', 'url': 'https://3c5636b6cfe0011ec1887ff62b057097.r2.cloudflarestorage.com/fin-scraping-bucket/CORZ/2024-09-30/core-scientific-announces-fiscal-third-quarter-2024-results/core-scientific-announces-fiscal-third-quarter-2024-results', 'context': {'client_region': 'us-east-1', 'client_config': <botocore.config.Config object at 0x7e639b287110>, 'has_streaming_input': True, 'auth_type': 'v4', 'unsigned_payload': None, 's3_redirect': {'redirected': False, 'bucket': 'fin-scraping-bucket', 'params': {'Bucket': 'fin-scraping-bucket', 'Key': 'CORZ/2024-09-30/core-scientific-announces-fiscal-third-quarter-2024-results/core-scientific-announces-fiscal-third-quarter-2024-results', 'Body': <_io.BufferedReader name='downloads/core-scientific-announces-fiscal-third-quarter-2024-results'>}}, 'input_params': {'Bucket': 'fin-scraping-bucket', 'Key': 'CORZ/2024-09-30/core-scientific-announces-fiscal-third-quarter-2024-results/core-scientific-announces-fiscal-third-quarter-2024-results'}, 'signing': {'region': 'us-east-1', 'signing_name': 's3', 'disableDoubleEncoding': True}, 'endpoint_properties': {'authSchemes': [{'disableDoubleEncoding': True, 'name': 'sigv4', 'signingName': 's3', 'signingRegion': 'us-east-1'}]}, 'checksum': {'request_algorithm_header': {'name': 'x-amz-sdk-checksum-algorithm', 'value': 'CRC32'}, 'request_algorithm': {'algorithm': 'crc32', 'in': 'trailer', 'name': 'x-amz-checksum-crc32'}}}}
2025-03-23 23:45:55,151 [DEBUG] Event request-created.s3.PutObject: calling handler <bound method RequestSigner.handler of <botocore.signers.RequestSigner object at 0x7e639b2870e0>>
2025-03-23 23:45:55,152 [DEBUG] Event choose-signer.s3.PutObject: calling handler <bound method ClientCreator._default_s3_presign_to_sigv2 of <botocore.client.ClientCreator object at 0x7e639b5066c0>>
2025-03-23 23:45:55,152 [DEBUG] Event choose-signer.s3.PutObject: calling handler <function set_operation_specific_signer at 0x7e639f146520>
2025-03-23 23:45:55,152 [DEBUG] Event before-sign.s3.PutObject: calling handler <function remove_arn_from_signing_path at 0x7e639f16cc20>
2025-03-23 23:45:55,153 [DEBUG] Event before-sign.s3.PutObject: calling handler <function _set_extra_headers_for_unsigned_request at 0x7e639f16d300>
2025-03-23 23:45:55,153 [DEBUG] Event before-sign.s3.PutObject: calling handler <bound method S3ExpressIdentityResolver.resolve_s3express_identity of <botocore.utils.S3ExpressIdentityResolver object at 0x7e639b2c65a0>>
2025-03-23 23:45:55,154 [DEBUG] Calculating signature using v4 auth.
2025-03-23 23:45:55,154 [DEBUG] CanonicalRequest:
PUT
/fin-scraping-bucket/CORZ/2024-09-30/core-scientific-announces-fiscal-third-quarter-2024-results/core-scientific-announces-fiscal-third-quarter-2024-results

content-encoding:aws-chunked
host:3c5636b6cfe0011ec1887ff62b057097.r2.cloudflarestorage.com
x-amz-content-sha256:STREAMING-UNSIGNED-PAYLOAD-TRAILER
x-amz-date:20250323T184555Z
x-amz-decoded-content-length:297166
x-amz-sdk-checksum-algorithm:CRC32
x-amz-trailer:x-amz-checksum-crc32

content-encoding;host;x-amz-content-sha256;x-amz-date;x-amz-decoded-content-length;x-amz-sdk-checksum-algorithm;x-amz-trailer
STREAMING-UNSIGNED-PAYLOAD-TRAILER
2025-03-23 23:45:55,155 [DEBUG] StringToSign:
AWS4-HMAC-SHA256
20250323T184555Z
20250323/us-east-1/s3/aws4_request
0268c8bbc4d7e2e7dfc95b243a2e1e5ad40bc451d7e8890c3b8464518413d780
2025-03-23 23:45:55,155 [DEBUG] Signature:
c4dc64d789057c642b2714cdb0b572a7823b9631e68be0e1226f118adcf5a5df
2025-03-23 23:45:55,156 [DEBUG] Event request-created.s3.PutObject: calling handler <bound method UserAgentString.rebuild_and_replace_user_agent_handler of <botocore.useragent.UserAgentString object at 0x7e639b2c5f10>>
2025-03-23 23:45:55,156 [DEBUG] Event request-created.s3.PutObject: calling handler <function add_retry_headers at 0x7e639f16ca40>
2025-03-23 23:45:55,157 [DEBUG] Sending http request: <AWSPreparedRequest stream_output=False, method=PUT, url=https://3c5636b6cfe0011ec1887ff62b057097.r2.cloudflarestorage.com/fin-scraping-bucket/CORZ/2024-09-30/core-scientific-announces-fiscal-third-quarter-2024-results/core-scientific-announces-fiscal-third-quarter-2024-results, headers={'User-Agent': b'Boto3/1.37.16 md/Botocore#1.37.17 ua/2.1 os/linux#6.11.0-19-generic md/arch#x86_64 lang/python#3.12.3 md/pyimpl#CPython m/N cfg/retry-mode#legacy Botocore/1.37.17', 'Expect': b'100-continue', 'Transfer-Encoding': b'chunked', 'Content-Encoding': b'aws-chunked', 'X-Amz-Trailer': b'x-amz-checksum-crc32', 'X-Amz-Decoded-Content-Length': b'297166', 'x-amz-sdk-checksum-algorithm': b'CRC32', 'X-Amz-Date': b'20250323T184555Z', 'X-Amz-Content-SHA256': b'STREAMING-UNSIGNED-PAYLOAD-TRAILER', 'Authorization': b'AWS4-HMAC-SHA256 Credential=f1ac1dc043a240f996be558cfba72868/20250323/us-east-1/s3/aws4_request, SignedHeaders=content-encoding;host;x-amz-content-sha256;x-amz-date;x-amz-decoded-content-length;x-amz-sdk-checksum-algorithm;x-amz-trailer, Signature=c4dc64d789057c642b2714cdb0b572a7823b9631e68be0e1226f118adcf5a5df', 'amz-sdk-invocation-id': b'b9ab459c-4d52-48f1-9d9b-2ab31f377971', 'amz-sdk-request': b'attempt=1'}>
2025-03-23 23:45:55,158 [DEBUG] Certificate path: /home/syed-hassan-ul-haq/repos/fin_scraper/venv/lib/python3.12/site-packages/certifi/cacert.pem
2025-03-23 23:45:55,159 [DEBUG] Starting new HTTPS connection (1): 3c5636b6cfe0011ec1887ff62b057097.r2.cloudflarestorage.com:443
2025-03-23 23:45:55,246 [DEBUG] Waiting for 100 Continue response.
2025-03-23 23:45:55,256 [DEBUG] 100 Continue response seen, now sending request body.
2025-03-23 23:45:57,403 [DEBUG] https://3c5636b6cfe0011ec1887ff62b057097.r2.cloudflarestorage.com:443 "PUT /fin-scraping-bucket/CORZ/2024-09-30/core-scientific-announces-fiscal-third-quarter-2024-results/core-scientific-announces-fiscal-third-quarter-2024-results HTTP/1.1" 200 0
2025-03-23 23:45:57,405 [DEBUG] Event before-parse.s3.PutObject: calling handler <function _handle_200_error at 0x7e639f16cfe0>
2025-03-23 23:45:57,405 [DEBUG] Event before-parse.s3.PutObject: calling handler <function handle_expires_header at 0x7e639f16ce00>
2025-03-23 23:45:57,406 [DEBUG] Response headers: {'Date': 'Sun, 23 Mar 2025 18:45:57 GMT', 'Content-Type': 'text/plain;charset=UTF-8', 'Content-Length': '0', 'Connection': 'keep-alive', 'ETag': '"156b23b7234ff3bff378822f699ff73d"', 'x-amz-checksum-crc32': 'qKMP0g==', 'x-amz-version-id': '7e6a3bac96b2f629595e9658917a9f71', 'Vary': 'Accept-Encoding', 'Server': 'cloudflare', 'CF-RAY': '925016ac48f621ee-KHI'}
2025-03-23 23:45:57,406 [DEBUG] Response body:
b''
2025-03-23 23:45:57,408 [DEBUG] Event needs-retry.s3.PutObject: calling handler <function _update_status_code at 0x7e639f16d120>
2025-03-23 23:45:57,408 [DEBUG] Event needs-retry.s3.PutObject: calling handler <botocore.retryhandler.RetryHandler object at 0x7e639b2c6510>
2025-03-23 23:45:57,409 [DEBUG] No retry needed.
2025-03-23 23:45:57,409 [DEBUG] Event needs-retry.s3.PutObject: calling handler <bound method S3RegionRedirectorv2.redirect_from_error of <botocore.utils.S3RegionRedirectorv2 object at 0x7e639b2c5f70>>
2025-03-23 23:45:57,416 [DEBUG] Constructed data object: {'file_name': 'core-scientific-announces-fiscal-third-quarter-2024-results', 'file_type': 'html', 'published_date': '2024-09-30', 'url': 'https://3c5636b6cfe0011ec1887ff62b057097.r2.cloudflarestorage.com/fin-scraping-bucket/CORZ/2024-09-30/core-scientific-announces-fiscal-third-quarter-2024-results/core-scientific-announces-fiscal-third-quarter-2024-results', 'content_type': ['webcast', 'sec_filing', 'financial_filing', 'presentation', '10-Q', 'three-month-results']}
2025-03-23 23:45:57,422 [DEBUG] Starting new HTTPS connection (1): d1io3yog0oux5.cloudfront.net:443
2025-03-23 23:45:57,574 [DEBUG] https://d1io3yog0oux5.cloudfront.net:443 "GET /_1809aef3bf74227ab43f8f02a5800c1a/corescientific/news/2024-11-06_Core_Scientific_Announces_Fiscal_Third_Quarter_98.pdf HTTP/1.1" 200 237846
2025-03-23 23:45:57,686 [DEBUG] Changing event name from creating-client-class.iot-data to creating-client-class.iot-data-plane
2025-03-23 23:45:57,700 [DEBUG] Changing event name from before-call.apigateway to before-call.api-gateway
2025-03-23 23:45:57,705 [DEBUG] Changing event name from request-created.machinelearning.Predict to request-created.machine-learning.Predict
2025-03-23 23:45:57,716 [DEBUG] Changing event name from before-parameter-build.autoscaling.CreateLaunchConfiguration to before-parameter-build.auto-scaling.CreateLaunchConfiguration
2025-03-23 23:45:57,718 [DEBUG] Changing event name from before-parameter-build.route53 to before-parameter-build.route-53
2025-03-23 23:45:57,727 [DEBUG] Changing event name from request-created.cloudsearchdomain.Search to request-created.cloudsearch-domain.Search
2025-03-23 23:45:57,731 [DEBUG] Changing event name from docs.*.autoscaling.CreateLaunchConfiguration.complete-section to docs.*.auto-scaling.CreateLaunchConfiguration.complete-section
2025-03-23 23:45:57,748 [DEBUG] Changing event name from before-parameter-build.logs.CreateExportTask to before-parameter-build.cloudwatch-logs.CreateExportTask
2025-03-23 23:45:57,750 [DEBUG] Changing event name from docs.*.logs.CreateExportTask.complete-section to docs.*.cloudwatch-logs.CreateExportTask.complete-section
2025-03-23 23:45:57,752 [DEBUG] Changing event name from before-parameter-build.cloudsearchdomain.Search to before-parameter-build.cloudsearch-domain.Search
2025-03-23 23:45:57,755 [DEBUG] Changing event name from docs.*.cloudsearchdomain.Search.complete-section to docs.*.cloudsearch-domain.Search.complete-section
2025-03-23 23:45:57,764 [DEBUG] Loading JSON file: /home/syed-hassan-ul-haq/repos/fin_scraper/venv/lib/python3.12/site-packages/botocore/data/endpoints.json
2025-03-23 23:45:57,906 [DEBUG] Loading JSON file: /home/syed-hassan-ul-haq/repos/fin_scraper/venv/lib/python3.12/site-packages/botocore/data/sdk-default-configuration.json
2025-03-23 23:45:57,907 [DEBUG] Event choose-service-name: calling handler <function handle_service_name_alias at 0x7e639f144b80>
2025-03-23 23:45:57,941 [DEBUG] Loading JSON file: /home/syed-hassan-ul-haq/repos/fin_scraper/venv/lib/python3.12/site-packages/botocore/data/s3/2006-03-01/service-2.json.gz
2025-03-23 23:45:58,226 [DEBUG] Loading JSON file: /home/syed-hassan-ul-haq/repos/fin_scraper/venv/lib/python3.12/site-packages/botocore/data/s3/2006-03-01/service-2.sdk-extras.json
2025-03-23 23:45:58,258 [DEBUG] Loading JSON file: /home/syed-hassan-ul-haq/repos/fin_scraper/venv/lib/python3.12/site-packages/botocore/data/s3/2006-03-01/endpoint-rule-set-1.json.gz
2025-03-23 23:45:58,264 [DEBUG] Loading JSON file: /home/syed-hassan-ul-haq/repos/fin_scraper/venv/lib/python3.12/site-packages/botocore/data/partitions.json
2025-03-23 23:45:58,267 [DEBUG] Event creating-client-class.s3: calling handler <function add_generate_presigned_post at 0x7e639f2d2700>
2025-03-23 23:45:58,267 [DEBUG] Event creating-client-class.s3: calling handler <function lazy_call.<locals>._handler at 0x7e639baff1a0>
2025-03-23 23:45:58,267 [DEBUG] Event creating-client-class.s3: calling handler <function add_generate_presigned_url at 0x7e639f2d2480>
2025-03-23 23:45:58,269 [DEBUG] Setting s3 timeout as (60, 60)
2025-03-23 23:45:58,275 [DEBUG] Loading JSON file: /home/syed-hassan-ul-haq/repos/fin_scraper/venv/lib/python3.12/site-packages/botocore/data/_retry.json
2025-03-23 23:45:58,276 [DEBUG] Registering retry handlers for service: s3
2025-03-23 23:45:58,277 [DEBUG] Registering S3 region redirector handler
2025-03-23 23:45:58,278 [DEBUG] Registering S3Express Identity Resolver
2025-03-23 23:45:58,280 [DEBUG] Event before-parameter-build.s3.PutObject: calling handler <function validate_ascii_metadata at 0x7e639f1476a0>
2025-03-23 23:45:58,281 [DEBUG] Event before-parameter-build.s3.PutObject: calling handler <function sse_md5 at 0x7e639f146980>
2025-03-23 23:45:58,281 [DEBUG] Event before-parameter-build.s3.PutObject: calling handler <function convert_body_to_file_like_object at 0x7e639f16c0e0>
2025-03-23 23:45:58,281 [DEBUG] Event before-parameter-build.s3.PutObject: calling handler <function validate_bucket_name at 0x7e639f1468e0>
2025-03-23 23:45:58,281 [DEBUG] Event before-parameter-build.s3.PutObject: calling handler <function remove_bucket_from_url_paths_from_model at 0x7e639f16cae0>
2025-03-23 23:45:58,281 [DEBUG] Event before-parameter-build.s3.PutObject: calling handler <bound method S3RegionRedirectorv2.annotate_request_context of <botocore.utils.S3RegionRedirectorv2 object at 0x7e639d3664e0>>
2025-03-23 23:45:58,282 [DEBUG] Event before-parameter-build.s3.PutObject: calling handler <bound method ClientCreator._inject_s3_input_parameters of <botocore.client.ClientCreator object at 0x7e639b286e70>>
2025-03-23 23:45:58,282 [DEBUG] Event before-parameter-build.s3.PutObject: calling handler <function generate_idempotent_uuid at 0x7e639f146700>
2025-03-23 23:45:58,282 [DEBUG] Event before-parameter-build.s3.PutObject: calling handler <function _handle_request_validation_mode_member at 0x7e639f16d260>
2025-03-23 23:45:58,282 [DEBUG] Event before-endpoint-resolution.s3: calling handler <function customize_endpoint_resolver_builtins at 0x7e639f16ccc0>
2025-03-23 23:45:58,283 [DEBUG] Event before-endpoint-resolution.s3: calling handler <bound method S3RegionRedirectorv2.redirect_from_cache of <botocore.utils.S3RegionRedirectorv2 object at 0x7e639d3664e0>>
2025-03-23 23:45:58,283 [DEBUG] Calling endpoint provider with parameters: {'Bucket': 'fin-scraping-bucket', 'Region': 'us-east-1', 'UseFIPS': False, 'UseDualStack': False, 'Endpoint': 'https://3c5636b6cfe0011ec1887ff62b057097.r2.cloudflarestorage.com', 'ForcePathStyle': True, 'Accelerate': False, 'UseGlobalEndpoint': True, 'Key': 'CORZ/2024-09-30/2024-11-06_Core_Scientific_Announces_Fiscal_Third_Quarter_98.pdf/2024-11-06_Core_Scientific_Announces_Fiscal_Third_Quarter_98.pdf', 'DisableMultiRegionAccessPoints': False, 'UseArnRegion': True}
2025-03-23 23:45:58,284 [DEBUG] Endpoint provider result: https://3c5636b6cfe0011ec1887ff62b057097.r2.cloudflarestorage.com/fin-scraping-bucket
2025-03-23 23:45:58,285 [DEBUG] Selecting from endpoint provider's list of auth schemes: "sigv4". User selected auth scheme is: "None"
2025-03-23 23:45:58,285 [DEBUG] Selected auth type "v4" as "v4" with signing context params: {'region': 'us-east-1', 'signing_name': 's3', 'disableDoubleEncoding': True}
2025-03-23 23:45:58,286 [DEBUG] Event before-call.s3.PutObject: calling handler <function add_expect_header at 0x7e639f146ca0>
2025-03-23 23:45:58,286 [DEBUG] Adding expect 100 continue header to request.
2025-03-23 23:45:58,286 [DEBUG] Event before-call.s3.PutObject: calling handler <bound method S3ExpressIdentityResolver.apply_signing_cache_key of <botocore.utils.S3ExpressIdentityResolver object at 0x7e639d5662a0>>
2025-03-23 23:45:58,286 [DEBUG] Event before-call.s3.PutObject: calling handler <function add_recursion_detection_header at 0x7e639f145b20>
2025-03-23 23:45:58,287 [DEBUG] Event before-call.s3.PutObject: calling handler <function add_query_compatibility_header at 0x7e639f16d1c0>
2025-03-23 23:45:58,287 [DEBUG] Event before-call.s3.PutObject: calling handler <function inject_api_version_header_if_needed at 0x7e639f16c220>
2025-03-23 23:45:58,287 [DEBUG] Making request for OperationModel(name=PutObject) with params: {'url_path': '/CORZ/2024-09-30/2024-11-06_Core_Scientific_Announces_Fiscal_Third_Quarter_98.pdf/2024-11-06_Core_Scientific_Announces_Fiscal_Third_Quarter_98.pdf', 'query_string': {}, 'method': 'PUT', 'headers': {'User-Agent': 'Boto3/1.37.16 md/Botocore#1.37.17 ua/2.1 os/linux#6.11.0-19-generic md/arch#x86_64 lang/python#3.12.3 md/pyimpl#CPython m/N cfg/retry-mode#legacy Botocore/1.37.17', 'Expect': '100-continue', 'Transfer-Encoding': 'chunked', 'Content-Encoding': 'aws-chunked', 'X-Amz-Trailer': 'x-amz-checksum-crc32', 'X-Amz-Decoded-Content-Length': '237846', 'x-amz-sdk-checksum-algorithm': 'CRC32'}, 'body': <botocore.httpchecksum.AwsChunkedWrapper object at 0x7e639d5657c0>, 'auth_path': '/fin-scraping-bucket/CORZ/2024-09-30/2024-11-06_Core_Scientific_Announces_Fiscal_Third_Quarter_98.pdf/2024-11-06_Core_Scientific_Announces_Fiscal_Third_Quarter_98.pdf', 'url': 'https://3c5636b6cfe0011ec1887ff62b057097.r2.cloudflarestorage.com/fin-scraping-bucket/CORZ/2024-09-30/2024-11-06_Core_Scientific_Announces_Fiscal_Third_Quarter_98.pdf/2024-11-06_Core_Scientific_Announces_Fiscal_Third_Quarter_98.pdf', 'context': {'client_region': 'us-east-1', 'client_config': <botocore.config.Config object at 0x7e639d653620>, 'has_streaming_input': True, 'auth_type': 'v4', 'unsigned_payload': None, 's3_redirect': {'redirected': False, 'bucket': 'fin-scraping-bucket', 'params': {'Bucket': 'fin-scraping-bucket', 'Key': 'CORZ/2024-09-30/2024-11-06_Core_Scientific_Announces_Fiscal_Third_Quarter_98.pdf/2024-11-06_Core_Scientific_Announces_Fiscal_Third_Quarter_98.pdf', 'Body': <_io.BufferedReader name='downloads/2024-11-06_Core_Scientific_Announces_Fiscal_Third_Quarter_98.pdf'>}}, 'input_params': {'Bucket': 'fin-scraping-bucket', 'Key': 'CORZ/2024-09-30/2024-11-06_Core_Scientific_Announces_Fiscal_Third_Quarter_98.pdf/2024-11-06_Core_Scientific_Announces_Fiscal_Third_Quarter_98.pdf'}, 'signing': {'region': 'us-east-1', 'signing_name': 's3', 'disableDoubleEncoding': True}, 'endpoint_properties': {'authSchemes': [{'disableDoubleEncoding': True, 'name': 'sigv4', 'signingName': 's3', 'signingRegion': 'us-east-1'}]}, 'checksum': {'request_algorithm_header': {'name': 'x-amz-sdk-checksum-algorithm', 'value': 'CRC32'}, 'request_algorithm': {'algorithm': 'crc32', 'in': 'trailer', 'name': 'x-amz-checksum-crc32'}}}}
2025-03-23 23:45:58,288 [DEBUG] Event request-created.s3.PutObject: calling handler <bound method RequestSigner.handler of <botocore.signers.RequestSigner object at 0x7e639d653920>>
2025-03-23 23:45:58,289 [DEBUG] Event choose-signer.s3.PutObject: calling handler <bound method ClientCreator._default_s3_presign_to_sigv2 of <botocore.client.ClientCreator object at 0x7e639b286e70>>
2025-03-23 23:45:58,289 [DEBUG] Event choose-signer.s3.PutObject: calling handler <function set_operation_specific_signer at 0x7e639f146520>
2025-03-23 23:45:58,289 [DEBUG] Event before-sign.s3.PutObject: calling handler <function remove_arn_from_signing_path at 0x7e639f16cc20>
2025-03-23 23:45:58,289 [DEBUG] Event before-sign.s3.PutObject: calling handler <function _set_extra_headers_for_unsigned_request at 0x7e639f16d300>
2025-03-23 23:45:58,290 [DEBUG] Event before-sign.s3.PutObject: calling handler <bound method S3ExpressIdentityResolver.resolve_s3express_identity of <botocore.utils.S3ExpressIdentityResolver object at 0x7e639d5662a0>>
2025-03-23 23:45:58,290 [DEBUG] Calculating signature using v4 auth.
2025-03-23 23:45:58,290 [DEBUG] CanonicalRequest:
PUT
/fin-scraping-bucket/CORZ/2024-09-30/2024-11-06_Core_Scientific_Announces_Fiscal_Third_Quarter_98.pdf/2024-11-06_Core_Scientific_Announces_Fiscal_Third_Quarter_98.pdf

content-encoding:aws-chunked
host:3c5636b6cfe0011ec1887ff62b057097.r2.cloudflarestorage.com
x-amz-content-sha256:STREAMING-UNSIGNED-PAYLOAD-TRAILER
x-amz-date:20250323T184558Z
x-amz-decoded-content-length:237846
x-amz-sdk-checksum-algorithm:CRC32
x-amz-trailer:x-amz-checksum-crc32

content-encoding;host;x-amz-content-sha256;x-amz-date;x-amz-decoded-content-length;x-amz-sdk-checksum-algorithm;x-amz-trailer
STREAMING-UNSIGNED-PAYLOAD-TRAILER
2025-03-23 23:45:58,291 [DEBUG] StringToSign:
AWS4-HMAC-SHA256
20250323T184558Z
20250323/us-east-1/s3/aws4_request
6bf87bd75072788ddf345647e450d7de0dea7f71ed4c66173659b313cf395d6c
2025-03-23 23:45:58,291 [DEBUG] Signature:
ba6da5cc87b50853a9607eae3d9a31232067833df5a3824a4904a67e8508de9d
2025-03-23 23:45:58,291 [DEBUG] Event request-created.s3.PutObject: calling handler <bound method UserAgentString.rebuild_and_replace_user_agent_handler of <botocore.useragent.UserAgentString object at 0x7e639d3649b0>>
2025-03-23 23:45:58,292 [DEBUG] Event request-created.s3.PutObject: calling handler <function add_retry_headers at 0x7e639f16ca40>
2025-03-23 23:45:58,292 [DEBUG] Sending http request: <AWSPreparedRequest stream_output=False, method=PUT, url=https://3c5636b6cfe0011ec1887ff62b057097.r2.cloudflarestorage.com/fin-scraping-bucket/CORZ/2024-09-30/2024-11-06_Core_Scientific_Announces_Fiscal_Third_Quarter_98.pdf/2024-11-06_Core_Scientific_Announces_Fiscal_Third_Quarter_98.pdf, headers={'User-Agent': b'Boto3/1.37.16 md/Botocore#1.37.17 ua/2.1 os/linux#6.11.0-19-generic md/arch#x86_64 lang/python#3.12.3 md/pyimpl#CPython m/N cfg/retry-mode#legacy Botocore/1.37.17', 'Expect': b'100-continue', 'Transfer-Encoding': b'chunked', 'Content-Encoding': b'aws-chunked', 'X-Amz-Trailer': b'x-amz-checksum-crc32', 'X-Amz-Decoded-Content-Length': b'237846', 'x-amz-sdk-checksum-algorithm': b'CRC32', 'X-Amz-Date': b'20250323T184558Z', 'X-Amz-Content-SHA256': b'STREAMING-UNSIGNED-PAYLOAD-TRAILER', 'Authorization': b'AWS4-HMAC-SHA256 Credential=f1ac1dc043a240f996be558cfba72868/20250323/us-east-1/s3/aws4_request, SignedHeaders=content-encoding;host;x-amz-content-sha256;x-amz-date;x-amz-decoded-content-length;x-amz-sdk-checksum-algorithm;x-amz-trailer, Signature=ba6da5cc87b50853a9607eae3d9a31232067833df5a3824a4904a67e8508de9d', 'amz-sdk-invocation-id': b'648b5877-794f-4f72-b1a9-4cc991a20bcf', 'amz-sdk-request': b'attempt=1'}>
2025-03-23 23:45:58,293 [DEBUG] Certificate path: /home/syed-hassan-ul-haq/repos/fin_scraper/venv/lib/python3.12/site-packages/certifi/cacert.pem
2025-03-23 23:45:58,294 [DEBUG] Starting new HTTPS connection (1): 3c5636b6cfe0011ec1887ff62b057097.r2.cloudflarestorage.com:443
2025-03-23 23:45:58,387 [DEBUG] Waiting for 100 Continue response.
2025-03-23 23:45:58,393 [DEBUG] 100 Continue response seen, now sending request body.
2025-03-23 23:46:01,908 [DEBUG] https://3c5636b6cfe0011ec1887ff62b057097.r2.cloudflarestorage.com:443 "PUT /fin-scraping-bucket/CORZ/2024-09-30/2024-11-06_Core_Scientific_Announces_Fiscal_Third_Quarter_98.pdf/2024-11-06_Core_Scientific_Announces_Fiscal_Third_Quarter_98.pdf HTTP/1.1" 200 0
2025-03-23 23:46:01,910 [DEBUG] Event before-parse.s3.PutObject: calling handler <function _handle_200_error at 0x7e639f16cfe0>
2025-03-23 23:46:01,910 [DEBUG] Event before-parse.s3.PutObject: calling handler <function handle_expires_header at 0x7e639f16ce00>
2025-03-23 23:46:01,911 [DEBUG] Response headers: {'Date': 'Sun, 23 Mar 2025 18:46:01 GMT', 'Content-Type': 'text/plain;charset=UTF-8', 'Content-Length': '0', 'Connection': 'keep-alive', 'ETag': '"ea73f50d6998ad6adaa75f3c898d26e8"', 'x-amz-checksum-crc32': '+CMY5w==', 'x-amz-version-id': '7e6a3bac8a50972fe109b4e9b5502a12', 'Vary': 'Accept-Encoding', 'Server': 'cloudflare', 'CF-RAY': '925016bfea2621ee-KHI'}
2025-03-23 23:46:01,911 [DEBUG] Response body:
b''
2025-03-23 23:46:01,913 [DEBUG] Event needs-retry.s3.PutObject: calling handler <function _update_status_code at 0x7e639f16d120>
2025-03-23 23:46:01,913 [DEBUG] Event needs-retry.s3.PutObject: calling handler <botocore.retryhandler.RetryHandler object at 0x7e639d564320>
2025-03-23 23:46:01,914 [DEBUG] No retry needed.
2025-03-23 23:46:01,914 [DEBUG] Event needs-retry.s3.PutObject: calling handler <bound method S3RegionRedirectorv2.redirect_from_error of <botocore.utils.S3RegionRedirectorv2 object at 0x7e639d3664e0>>
2025-03-23 23:46:01,922 [DEBUG] Constructed data object: {'file_name': '2024-11-06_Core_Scientific_Announces_Fiscal_Third_Quarter_98.pdf', 'file_type': 'pdf', 'published_date': '2024-09-30', 'url': 'https://3c5636b6cfe0011ec1887ff62b057097.r2.cloudflarestorage.com/fin-scraping-bucket/CORZ/2024-09-30/2024-11-06_Core_Scientific_Announces_Fiscal_Third_Quarter_98.pdf/2024-11-06_Core_Scientific_Announces_Fiscal_Third_Quarter_98.pdf', 'content_type': ['webcast', 'sec_filing', 'financial_filing', 'presentation', '10-Q', 'three-month-results']}
2025-03-23 23:46:01,927 [DEBUG] Starting new HTTPS connection (1): event.choruscall.com:443
2025-03-23 23:46:02,891 [DEBUG] https://event.choruscall.com:443 "GET /mediaframe/webcast.html?webcastid=HW5MvP6u HTTP/1.1" 200 None
2025-03-23 23:46:02,900 [DEBUG] Changing event name from creating-client-class.iot-data to creating-client-class.iot-data-plane
2025-03-23 23:46:02,913 [DEBUG] Changing event name from before-call.apigateway to before-call.api-gateway
2025-03-23 23:46:02,918 [DEBUG] Changing event name from request-created.machinelearning.Predict to request-created.machine-learning.Predict
2025-03-23 23:46:02,925 [DEBUG] Changing event name from before-parameter-build.autoscaling.CreateLaunchConfiguration to before-parameter-build.auto-scaling.CreateLaunchConfiguration
2025-03-23 23:46:02,926 [DEBUG] Changing event name from before-parameter-build.route53 to before-parameter-build.route-53
2025-03-23 23:46:02,930 [DEBUG] Changing event name from request-created.cloudsearchdomain.Search to request-created.cloudsearch-domain.Search
2025-03-23 23:46:02,935 [DEBUG] Changing event name from docs.*.autoscaling.CreateLaunchConfiguration.complete-section to docs.*.auto-scaling.CreateLaunchConfiguration.complete-section
2025-03-23 23:46:02,949 [DEBUG] Changing event name from before-parameter-build.logs.CreateExportTask to before-parameter-build.cloudwatch-logs.CreateExportTask
2025-03-23 23:46:02,950 [DEBUG] Changing event name from docs.*.logs.CreateExportTask.complete-section to docs.*.cloudwatch-logs.CreateExportTask.complete-section
2025-03-23 23:46:02,951 [DEBUG] Changing event name from before-parameter-build.cloudsearchdomain.Search to before-parameter-build.cloudsearch-domain.Search
2025-03-23 23:46:02,952 [DEBUG] Changing event name from docs.*.cloudsearchdomain.Search.complete-section to docs.*.cloudsearch-domain.Search.complete-section
2025-03-23 23:46:02,964 [DEBUG] Loading JSON file: /home/syed-hassan-ul-haq/repos/fin_scraper/venv/lib/python3.12/site-packages/botocore/data/endpoints.json
2025-03-23 23:46:03,046 [DEBUG] Loading JSON file: /home/syed-hassan-ul-haq/repos/fin_scraper/venv/lib/python3.12/site-packages/botocore/data/sdk-default-configuration.json
2025-03-23 23:46:03,047 [DEBUG] Event choose-service-name: calling handler <function handle_service_name_alias at 0x7e639f144b80>
2025-03-23 23:46:03,094 [DEBUG] Loading JSON file: /home/syed-hassan-ul-haq/repos/fin_scraper/venv/lib/python3.12/site-packages/botocore/data/s3/2006-03-01/service-2.json.gz
2025-03-23 23:46:03,110 [DEBUG] Loading JSON file: /home/syed-hassan-ul-haq/repos/fin_scraper/venv/lib/python3.12/site-packages/botocore/data/s3/2006-03-01/service-2.sdk-extras.json
2025-03-23 23:46:03,138 [DEBUG] Loading JSON file: /home/syed-hassan-ul-haq/repos/fin_scraper/venv/lib/python3.12/site-packages/botocore/data/s3/2006-03-01/endpoint-rule-set-1.json.gz
2025-03-23 23:46:03,144 [DEBUG] Loading JSON file: /home/syed-hassan-ul-haq/repos/fin_scraper/venv/lib/python3.12/site-packages/botocore/data/partitions.json
2025-03-23 23:46:03,147 [DEBUG] Event creating-client-class.s3: calling handler <function add_generate_presigned_post at 0x7e639f2d2700>
2025-03-23 23:46:03,148 [DEBUG] Event creating-client-class.s3: calling handler <function lazy_call.<locals>._handler at 0x7e639cfd9120>
2025-03-23 23:46:03,148 [DEBUG] Event creating-client-class.s3: calling handler <function add_generate_presigned_url at 0x7e639f2d2480>
2025-03-23 23:46:03,151 [DEBUG] Setting s3 timeout as (60, 60)
2025-03-23 23:46:03,178 [DEBUG] Loading JSON file: /home/syed-hassan-ul-haq/repos/fin_scraper/venv/lib/python3.12/site-packages/botocore/data/_retry.json
2025-03-23 23:46:03,179 [DEBUG] Registering retry handlers for service: s3
2025-03-23 23:46:03,180 [DEBUG] Registering S3 region redirector handler
2025-03-23 23:46:03,181 [DEBUG] Registering S3Express Identity Resolver
2025-03-23 23:46:03,184 [DEBUG] Event before-parameter-build.s3.PutObject: calling handler <function validate_ascii_metadata at 0x7e639f1476a0>
2025-03-23 23:46:03,185 [DEBUG] Event before-parameter-build.s3.PutObject: calling handler <function sse_md5 at 0x7e639f146980>
2025-03-23 23:46:03,185 [DEBUG] Event before-parameter-build.s3.PutObject: calling handler <function convert_body_to_file_like_object at 0x7e639f16c0e0>
2025-03-23 23:46:03,185 [DEBUG] Event before-parameter-build.s3.PutObject: calling handler <function validate_bucket_name at 0x7e639f1468e0>
2025-03-23 23:46:03,185 [DEBUG] Event before-parameter-build.s3.PutObject: calling handler <function remove_bucket_from_url_paths_from_model at 0x7e639f16cae0>
2025-03-23 23:46:03,186 [DEBUG] Event before-parameter-build.s3.PutObject: calling handler <bound method S3RegionRedirectorv2.annotate_request_context of <botocore.utils.S3RegionRedirectorv2 object at 0x7e639bdbf020>>
2025-03-23 23:46:03,186 [DEBUG] Event before-parameter-build.s3.PutObject: calling handler <bound method ClientCreator._inject_s3_input_parameters of <botocore.client.ClientCreator object at 0x7e639ce1d0d0>>
2025-03-23 23:46:03,186 [DEBUG] Event before-parameter-build.s3.PutObject: calling handler <function generate_idempotent_uuid at 0x7e639f146700>
2025-03-23 23:46:03,186 [DEBUG] Event before-parameter-build.s3.PutObject: calling handler <function _handle_request_validation_mode_member at 0x7e639f16d260>
2025-03-23 23:46:03,187 [DEBUG] Event before-endpoint-resolution.s3: calling handler <function customize_endpoint_resolver_builtins at 0x7e639f16ccc0>
2025-03-23 23:46:03,187 [DEBUG] Event before-endpoint-resolution.s3: calling handler <bound method S3RegionRedirectorv2.redirect_from_cache of <botocore.utils.S3RegionRedirectorv2 object at 0x7e639bdbf020>>
2025-03-23 23:46:03,187 [DEBUG] Calling endpoint provider with parameters: {'Bucket': 'fin-scraping-bucket', 'Region': 'us-east-1', 'UseFIPS': False, 'UseDualStack': False, 'Endpoint': 'https://3c5636b6cfe0011ec1887ff62b057097.r2.cloudflarestorage.com', 'ForcePathStyle': True, 'Accelerate': False, 'UseGlobalEndpoint': True, 'Key': 'CORZ/2024-09-30/webcast.html?webcastid=HW5MvP6u/webcast.html?webcastid=HW5MvP6u', 'DisableMultiRegionAccessPoints': False, 'UseArnRegion': True}
2025-03-23 23:46:03,189 [DEBUG] Endpoint provider result: https://3c5636b6cfe0011ec1887ff62b057097.r2.cloudflarestorage.com/fin-scraping-bucket
2025-03-23 23:46:03,189 [DEBUG] Selecting from endpoint provider's list of auth schemes: "sigv4". User selected auth scheme is: "None"
2025-03-23 23:46:03,189 [DEBUG] Selected auth type "v4" as "v4" with signing context params: {'region': 'us-east-1', 'signing_name': 's3', 'disableDoubleEncoding': True}
2025-03-23 23:46:03,190 [DEBUG] Event before-call.s3.PutObject: calling handler <function add_expect_header at 0x7e639f146ca0>
2025-03-23 23:46:03,191 [DEBUG] Adding expect 100 continue header to request.
2025-03-23 23:46:03,191 [DEBUG] Event before-call.s3.PutObject: calling handler <bound method S3ExpressIdentityResolver.apply_signing_cache_key of <botocore.utils.S3ExpressIdentityResolver object at 0x7e639bdbf620>>
2025-03-23 23:46:03,191 [DEBUG] Event before-call.s3.PutObject: calling handler <function add_recursion_detection_header at 0x7e639f145b20>
2025-03-23 23:46:03,191 [DEBUG] Event before-call.s3.PutObject: calling handler <function add_query_compatibility_header at 0x7e639f16d1c0>
2025-03-23 23:46:03,191 [DEBUG] Event before-call.s3.PutObject: calling handler <function inject_api_version_header_if_needed at 0x7e639f16c220>
2025-03-23 23:46:03,192 [DEBUG] Making request for OperationModel(name=PutObject) with params: {'url_path': '/CORZ/2024-09-30/webcast.html%3Fwebcastid%3DHW5MvP6u/webcast.html%3Fwebcastid%3DHW5MvP6u', 'query_string': {}, 'method': 'PUT', 'headers': {'User-Agent': 'Boto3/1.37.16 md/Botocore#1.37.17 ua/2.1 os/linux#6.11.0-19-generic md/arch#x86_64 lang/python#3.12.3 md/pyimpl#CPython m/N cfg/retry-mode#legacy Botocore/1.37.17', 'Expect': '100-continue', 'Transfer-Encoding': 'chunked', 'Content-Encoding': 'aws-chunked', 'X-Amz-Trailer': 'x-amz-checksum-crc32', 'X-Amz-Decoded-Content-Length': '26125', 'x-amz-sdk-checksum-algorithm': 'CRC32'}, 'body': <botocore.httpchecksum.AwsChunkedWrapper object at 0x7e639bdbc2f0>, 'auth_path': '/fin-scraping-bucket/CORZ/2024-09-30/webcast.html%3Fwebcastid%3DHW5MvP6u/webcast.html%3Fwebcastid%3DHW5MvP6u', 'url': 'https://3c5636b6cfe0011ec1887ff62b057097.r2.cloudflarestorage.com/fin-scraping-bucket/CORZ/2024-09-30/webcast.html%3Fwebcastid%3DHW5MvP6u/webcast.html%3Fwebcastid%3DHW5MvP6u', 'context': {'client_region': 'us-east-1', 'client_config': <botocore.config.Config object at 0x7e639d8945f0>, 'has_streaming_input': True, 'auth_type': 'v4', 'unsigned_payload': None, 's3_redirect': {'redirected': False, 'bucket': 'fin-scraping-bucket', 'params': {'Bucket': 'fin-scraping-bucket', 'Key': 'CORZ/2024-09-30/webcast.html?webcastid=HW5MvP6u/webcast.html?webcastid=HW5MvP6u', 'Body': <_io.BufferedReader name='downloads/webcast.html?webcastid=HW5MvP6u'>}}, 'input_params': {'Bucket': 'fin-scraping-bucket', 'Key': 'CORZ/2024-09-30/webcast.html?webcastid=HW5MvP6u/webcast.html?webcastid=HW5MvP6u'}, 'signing': {'region': 'us-east-1', 'signing_name': 's3', 'disableDoubleEncoding': True}, 'endpoint_properties': {'authSchemes': [{'disableDoubleEncoding': True, 'name': 'sigv4', 'signingName': 's3', 'signingRegion': 'us-east-1'}]}, 'checksum': {'request_algorithm_header': {'name': 'x-amz-sdk-checksum-algorithm', 'value': 'CRC32'}, 'request_algorithm': {'algorithm': 'crc32', 'in': 'trailer', 'name': 'x-amz-checksum-crc32'}}}}
2025-03-23 23:46:03,193 [DEBUG] Event request-created.s3.PutObject: calling handler <bound method RequestSigner.handler of <botocore.signers.RequestSigner object at 0x7e639d894620>>
2025-03-23 23:46:03,193 [DEBUG] Event choose-signer.s3.PutObject: calling handler <bound method ClientCreator._default_s3_presign_to_sigv2 of <botocore.client.ClientCreator object at 0x7e639ce1d0d0>>
2025-03-23 23:46:03,194 [DEBUG] Event choose-signer.s3.PutObject: calling handler <function set_operation_specific_signer at 0x7e639f146520>
2025-03-23 23:46:03,194 [DEBUG] Event before-sign.s3.PutObject: calling handler <function remove_arn_from_signing_path at 0x7e639f16cc20>
2025-03-23 23:46:03,194 [DEBUG] Event before-sign.s3.PutObject: calling handler <function _set_extra_headers_for_unsigned_request at 0x7e639f16d300>
2025-03-23 23:46:03,195 [DEBUG] Event before-sign.s3.PutObject: calling handler <bound method S3ExpressIdentityResolver.resolve_s3express_identity of <botocore.utils.S3ExpressIdentityResolver object at 0x7e639bdbf620>>
2025-03-23 23:46:03,195 [DEBUG] Calculating signature using v4 auth.
2025-03-23 23:46:03,195 [DEBUG] CanonicalRequest:
PUT
/fin-scraping-bucket/CORZ/2024-09-30/webcast.html%3Fwebcastid%3DHW5MvP6u/webcast.html%3Fwebcastid%3DHW5MvP6u

content-encoding:aws-chunked
host:3c5636b6cfe0011ec1887ff62b057097.r2.cloudflarestorage.com
x-amz-content-sha256:STREAMING-UNSIGNED-PAYLOAD-TRAILER
x-amz-date:20250323T184603Z
x-amz-decoded-content-length:26125
x-amz-sdk-checksum-algorithm:CRC32
x-amz-trailer:x-amz-checksum-crc32

content-encoding;host;x-amz-content-sha256;x-amz-date;x-amz-decoded-content-length;x-amz-sdk-checksum-algorithm;x-amz-trailer
STREAMING-UNSIGNED-PAYLOAD-TRAILER
2025-03-23 23:46:03,195 [DEBUG] StringToSign:
AWS4-HMAC-SHA256
20250323T184603Z
20250323/us-east-1/s3/aws4_request
53c2880e92abdd423804ac61165f1bc0e86d201afccf0f7334d169cf7ee58683
2025-03-23 23:46:03,196 [DEBUG] Signature:
fd21347190a84a37ae5d705bc7e11805004813afc166d056bfdac70e4af7a615
2025-03-23 23:46:03,196 [DEBUG] Event request-created.s3.PutObject: calling handler <bound method UserAgentString.rebuild_and_replace_user_agent_handler of <botocore.useragent.UserAgentString object at 0x7e639bdbef60>>
2025-03-23 23:46:03,197 [DEBUG] Event request-created.s3.PutObject: calling handler <function add_retry_headers at 0x7e639f16ca40>
2025-03-23 23:46:03,198 [DEBUG] Sending http request: <AWSPreparedRequest stream_output=False, method=PUT, url=https://3c5636b6cfe0011ec1887ff62b057097.r2.cloudflarestorage.com/fin-scraping-bucket/CORZ/2024-09-30/webcast.html%3Fwebcastid%3DHW5MvP6u/webcast.html%3Fwebcastid%3DHW5MvP6u, headers={'User-Agent': b'Boto3/1.37.16 md/Botocore#1.37.17 ua/2.1 os/linux#6.11.0-19-generic md/arch#x86_64 lang/python#3.12.3 md/pyimpl#CPython m/N cfg/retry-mode#legacy Botocore/1.37.17', 'Expect': b'100-continue', 'Transfer-Encoding': b'chunked', 'Content-Encoding': b'aws-chunked', 'X-Amz-Trailer': b'x-amz-checksum-crc32', 'X-Amz-Decoded-Content-Length': b'26125', 'x-amz-sdk-checksum-algorithm': b'CRC32', 'X-Amz-Date': b'20250323T184603Z', 'X-Amz-Content-SHA256': b'STREAMING-UNSIGNED-PAYLOAD-TRAILER', 'Authorization': b'AWS4-HMAC-SHA256 Credential=f1ac1dc043a240f996be558cfba72868/20250323/us-east-1/s3/aws4_request, SignedHeaders=content-encoding;host;x-amz-content-sha256;x-amz-date;x-amz-decoded-content-length;x-amz-sdk-checksum-algorithm;x-amz-trailer, Signature=fd21347190a84a37ae5d705bc7e11805004813afc166d056bfdac70e4af7a615', 'amz-sdk-invocation-id': b'c678d441-1b61-427c-9ece-b9b35546d2a9', 'amz-sdk-request': b'attempt=1'}>
2025-03-23 23:46:03,199 [DEBUG] Certificate path: /home/syed-hassan-ul-haq/repos/fin_scraper/venv/lib/python3.12/site-packages/certifi/cacert.pem
2025-03-23 23:46:03,200 [DEBUG] Starting new HTTPS connection (1): 3c5636b6cfe0011ec1887ff62b057097.r2.cloudflarestorage.com:443
2025-03-23 23:46:03,515 [DEBUG] Waiting for 100 Continue response.
2025-03-23 23:46:03,606 [DEBUG] 100 Continue response seen, now sending request body.
2025-03-23 23:46:04,059 [DEBUG] https://3c5636b6cfe0011ec1887ff62b057097.r2.cloudflarestorage.com:443 "PUT /fin-scraping-bucket/CORZ/2024-09-30/webcast.html%3Fwebcastid%3DHW5MvP6u/webcast.html%3Fwebcastid%3DHW5MvP6u HTTP/1.1" 200 0
2025-03-23 23:46:04,060 [DEBUG] Event before-parse.s3.PutObject: calling handler <function _handle_200_error at 0x7e639f16cfe0>
2025-03-23 23:46:04,061 [DEBUG] Event before-parse.s3.PutObject: calling handler <function handle_expires_header at 0x7e639f16ce00>
2025-03-23 23:46:04,061 [DEBUG] Response headers: {'Date': 'Sun, 23 Mar 2025 18:46:03 GMT', 'Content-Type': 'text/plain;charset=UTF-8', 'Content-Length': '0', 'Connection': 'keep-alive', 'ETag': '"ed7d782ed73b05ed84681399f8bf0cbf"', 'x-amz-checksum-crc32': 'kAKz4Q==', 'x-amz-version-id': '7e6a3bac76cb2f9d55230b60ec52a3c5', 'Vary': 'Accept-Encoding', 'Server': 'cloudflare', 'CF-RAY': '925016e02f6ff876-SIN'}
2025-03-23 23:46:04,062 [DEBUG] Response body:
b''
2025-03-23 23:46:04,063 [DEBUG] Event needs-retry.s3.PutObject: calling handler <function _update_status_code at 0x7e639f16d120>
2025-03-23 23:46:04,063 [DEBUG] Event needs-retry.s3.PutObject: calling handler <botocore.retryhandler.RetryHandler object at 0x7e639bdbf9b0>
2025-03-23 23:46:04,064 [DEBUG] No retry needed.
2025-03-23 23:46:04,064 [DEBUG] Event needs-retry.s3.PutObject: calling handler <bound method S3RegionRedirectorv2.redirect_from_error of <botocore.utils.S3RegionRedirectorv2 object at 0x7e639bdbf020>>
2025-03-23 23:46:04,071 [DEBUG] Constructed data object: {'file_name': 'webcast.html?webcastid=HW5MvP6u', 'file_type': 'html', 'published_date': '2024-09-30', 'url': 'https://3c5636b6cfe0011ec1887ff62b057097.r2.cloudflarestorage.com/fin-scraping-bucket/CORZ/2024-09-30/webcast.html?webcastid=HW5MvP6u/webcast.html?webcastid=HW5MvP6u', 'content_type': ['webcast', 'sec_filing', 'financial_filing', 'presentation', '10-Q', 'three-month-results']}
2025-03-23 23:46:04,077 [DEBUG] Starting new HTTPS connection (1): d1io3yog0oux5.cloudfront.net:443
2025-03-23 23:46:04,213 [DEBUG] https://d1io3yog0oux5.cloudfront.net:443 "GET /_1809aef3bf74227ab43f8f02a5800c1a/corescientific/db/946/9319/presentation/Core+Scientific+Q3+2024+Earnings+Presentation.pdf HTTP/1.1" 200 8653970
2025-03-23 23:46:08,721 [DEBUG] Changing event name from creating-client-class.iot-data to creating-client-class.iot-data-plane
2025-03-23 23:46:08,732 [DEBUG] Changing event name from before-call.apigateway to before-call.api-gateway
2025-03-23 23:46:08,736 [DEBUG] Changing event name from request-created.machinelearning.Predict to request-created.machine-learning.Predict
2025-03-23 23:46:08,744 [DEBUG] Changing event name from before-parameter-build.autoscaling.CreateLaunchConfiguration to before-parameter-build.auto-scaling.CreateLaunchConfiguration
2025-03-23 23:46:08,745 [DEBUG] Changing event name from before-parameter-build.route53 to before-parameter-build.route-53
2025-03-23 23:46:08,748 [DEBUG] Changing event name from request-created.cloudsearchdomain.Search to request-created.cloudsearch-domain.Search
2025-03-23 23:46:08,753 [DEBUG] Changing event name from docs.*.autoscaling.CreateLaunchConfiguration.complete-section to docs.*.auto-scaling.CreateLaunchConfiguration.complete-section
2025-03-23 23:46:08,770 [DEBUG] Changing event name from before-parameter-build.logs.CreateExportTask to before-parameter-build.cloudwatch-logs.CreateExportTask
2025-03-23 23:46:08,771 [DEBUG] Changing event name from docs.*.logs.CreateExportTask.complete-section to docs.*.cloudwatch-logs.CreateExportTask.complete-section
2025-03-23 23:46:08,772 [DEBUG] Changing event name from before-parameter-build.cloudsearchdomain.Search to before-parameter-build.cloudsearch-domain.Search
2025-03-23 23:46:08,772 [DEBUG] Changing event name from docs.*.cloudsearchdomain.Search.complete-section to docs.*.cloudsearch-domain.Search.complete-section
2025-03-23 23:46:08,780 [DEBUG] Loading JSON file: /home/syed-hassan-ul-haq/repos/fin_scraper/venv/lib/python3.12/site-packages/botocore/data/endpoints.json
2025-03-23 23:46:08,880 [DEBUG] Loading JSON file: /home/syed-hassan-ul-haq/repos/fin_scraper/venv/lib/python3.12/site-packages/botocore/data/sdk-default-configuration.json
2025-03-23 23:46:08,881 [DEBUG] Event choose-service-name: calling handler <function handle_service_name_alias at 0x7e639f144b80>
2025-03-23 23:46:08,929 [DEBUG] Loading JSON file: /home/syed-hassan-ul-haq/repos/fin_scraper/venv/lib/python3.12/site-packages/botocore/data/s3/2006-03-01/service-2.json.gz
2025-03-23 23:46:08,948 [DEBUG] Loading JSON file: /home/syed-hassan-ul-haq/repos/fin_scraper/venv/lib/python3.12/site-packages/botocore/data/s3/2006-03-01/service-2.sdk-extras.json
2025-03-23 23:46:08,981 [DEBUG] Loading JSON file: /home/syed-hassan-ul-haq/repos/fin_scraper/venv/lib/python3.12/site-packages/botocore/data/s3/2006-03-01/endpoint-rule-set-1.json.gz
2025-03-23 23:46:08,992 [DEBUG] Loading JSON file: /home/syed-hassan-ul-haq/repos/fin_scraper/venv/lib/python3.12/site-packages/botocore/data/partitions.json
2025-03-23 23:46:08,996 [DEBUG] Event creating-client-class.s3: calling handler <function add_generate_presigned_post at 0x7e639f2d2700>
2025-03-23 23:46:08,996 [DEBUG] Event creating-client-class.s3: calling handler <function lazy_call.<locals>._handler at 0x7e639cfd9260>
2025-03-23 23:46:08,996 [DEBUG] Event creating-client-class.s3: calling handler <function add_generate_presigned_url at 0x7e639f2d2480>
2025-03-23 23:46:08,999 [DEBUG] Setting s3 timeout as (60, 60)
2025-03-23 23:46:09,004 [DEBUG] Loading JSON file: /home/syed-hassan-ul-haq/repos/fin_scraper/venv/lib/python3.12/site-packages/botocore/data/_retry.json
2025-03-23 23:46:09,005 [DEBUG] Registering retry handlers for service: s3
2025-03-23 23:46:09,006 [DEBUG] Registering S3 region redirector handler
2025-03-23 23:46:09,007 [DEBUG] Registering S3Express Identity Resolver
2025-03-23 23:46:09,009 [DEBUG] Event before-parameter-build.s3.PutObject: calling handler <function validate_ascii_metadata at 0x7e639f1476a0>
2025-03-23 23:46:09,009 [DEBUG] Event before-parameter-build.s3.PutObject: calling handler <function sse_md5 at 0x7e639f146980>
2025-03-23 23:46:09,009 [DEBUG] Event before-parameter-build.s3.PutObject: calling handler <function convert_body_to_file_like_object at 0x7e639f16c0e0>
2025-03-23 23:46:09,010 [DEBUG] Event before-parameter-build.s3.PutObject: calling handler <function validate_bucket_name at 0x7e639f1468e0>
2025-03-23 23:46:09,010 [DEBUG] Event before-parameter-build.s3.PutObject: calling handler <function remove_bucket_from_url_paths_from_model at 0x7e639f16cae0>
2025-03-23 23:46:09,010 [DEBUG] Event before-parameter-build.s3.PutObject: calling handler <bound method S3RegionRedirectorv2.annotate_request_context of <botocore.utils.S3RegionRedirectorv2 object at 0x7e639d8afaa0>>
2025-03-23 23:46:09,010 [DEBUG] Event before-parameter-build.s3.PutObject: calling handler <bound method ClientCreator._inject_s3_input_parameters of <botocore.client.ClientCreator object at 0x7e639e1042c0>>
2025-03-23 23:46:09,010 [DEBUG] Event before-parameter-build.s3.PutObject: calling handler <function generate_idempotent_uuid at 0x7e639f146700>
2025-03-23 23:46:09,011 [DEBUG] Event before-parameter-build.s3.PutObject: calling handler <function _handle_request_validation_mode_member at 0x7e639f16d260>
2025-03-23 23:46:09,011 [DEBUG] Event before-endpoint-resolution.s3: calling handler <function customize_endpoint_resolver_builtins at 0x7e639f16ccc0>
2025-03-23 23:46:09,011 [DEBUG] Event before-endpoint-resolution.s3: calling handler <bound method S3RegionRedirectorv2.redirect_from_cache of <botocore.utils.S3RegionRedirectorv2 object at 0x7e639d8afaa0>>
2025-03-23 23:46:09,012 [DEBUG] Calling endpoint provider with parameters: {'Bucket': 'fin-scraping-bucket', 'Region': 'us-east-1', 'UseFIPS': False, 'UseDualStack': False, 'Endpoint': 'https://3c5636b6cfe0011ec1887ff62b057097.r2.cloudflarestorage.com', 'ForcePathStyle': True, 'Accelerate': False, 'UseGlobalEndpoint': True, 'Key': 'CORZ/2024-09-30/Core+Scientific+Q3+2024+Earnings+Presentation.pdf/Core+Scientific+Q3+2024+Earnings+Presentation.pdf', 'DisableMultiRegionAccessPoints': False, 'UseArnRegion': True}
2025-03-23 23:46:09,013 [DEBUG] Endpoint provider result: https://3c5636b6cfe0011ec1887ff62b057097.r2.cloudflarestorage.com/fin-scraping-bucket
2025-03-23 23:46:09,013 [DEBUG] Selecting from endpoint provider's list of auth schemes: "sigv4". User selected auth scheme is: "None"
2025-03-23 23:46:09,013 [DEBUG] Selected auth type "v4" as "v4" with signing context params: {'region': 'us-east-1', 'signing_name': 's3', 'disableDoubleEncoding': True}
2025-03-23 23:46:09,015 [DEBUG] Event before-call.s3.PutObject: calling handler <function add_expect_header at 0x7e639f146ca0>
2025-03-23 23:46:09,015 [DEBUG] Adding expect 100 continue header to request.
2025-03-23 23:46:09,015 [DEBUG] Event before-call.s3.PutObject: calling handler <bound method S3ExpressIdentityResolver.apply_signing_cache_key of <botocore.utils.S3ExpressIdentityResolver object at 0x7e639d8acbc0>>
2025-03-23 23:46:09,016 [DEBUG] Event before-call.s3.PutObject: calling handler <function add_recursion_detection_header at 0x7e639f145b20>
2025-03-23 23:46:09,016 [DEBUG] Event before-call.s3.PutObject: calling handler <function add_query_compatibility_header at 0x7e639f16d1c0>
2025-03-23 23:46:09,016 [DEBUG] Event before-call.s3.PutObject: calling handler <function inject_api_version_header_if_needed at 0x7e639f16c220>
2025-03-23 23:46:09,016 [DEBUG] Making request for OperationModel(name=PutObject) with params: {'url_path': '/CORZ/2024-09-30/Core%2BScientific%2BQ3%2B2024%2BEarnings%2BPresentation.pdf/Core%2BScientific%2BQ3%2B2024%2BEarnings%2BPresentation.pdf', 'query_string': {}, 'method': 'PUT', 'headers': {'User-Agent': 'Boto3/1.37.16 md/Botocore#1.37.17 ua/2.1 os/linux#6.11.0-19-generic md/arch#x86_64 lang/python#3.12.3 md/pyimpl#CPython m/N cfg/retry-mode#legacy Botocore/1.37.17', 'Expect': '100-continue', 'Transfer-Encoding': 'chunked', 'Content-Encoding': 'aws-chunked', 'X-Amz-Trailer': 'x-amz-checksum-crc32', 'X-Amz-Decoded-Content-Length': '8653970', 'x-amz-sdk-checksum-algorithm': 'CRC32'}, 'body': <botocore.httpchecksum.AwsChunkedWrapper object at 0x7e639d8ac6b0>, 'auth_path': '/fin-scraping-bucket/CORZ/2024-09-30/Core%2BScientific%2BQ3%2B2024%2BEarnings%2BPresentation.pdf/Core%2BScientific%2BQ3%2B2024%2BEarnings%2BPresentation.pdf', 'url': 'https://3c5636b6cfe0011ec1887ff62b057097.r2.cloudflarestorage.com/fin-scraping-bucket/CORZ/2024-09-30/Core%2BScientific%2BQ3%2B2024%2BEarnings%2BPresentation.pdf/Core%2BScientific%2BQ3%2B2024%2BEarnings%2BPresentation.pdf', 'context': {'client_region': 'us-east-1', 'client_config': <botocore.config.Config object at 0x7e639bcf0710>, 'has_streaming_input': True, 'auth_type': 'v4', 'unsigned_payload': None, 's3_redirect': {'redirected': False, 'bucket': 'fin-scraping-bucket', 'params': {'Bucket': 'fin-scraping-bucket', 'Key': 'CORZ/2024-09-30/Core+Scientific+Q3+2024+Earnings+Presentation.pdf/Core+Scientific+Q3+2024+Earnings+Presentation.pdf', 'Body': <_io.BufferedReader name='downloads/Core+Scientific+Q3+2024+Earnings+Presentation.pdf'>}}, 'input_params': {'Bucket': 'fin-scraping-bucket', 'Key': 'CORZ/2024-09-30/Core+Scientific+Q3+2024+Earnings+Presentation.pdf/Core+Scientific+Q3+2024+Earnings+Presentation.pdf'}, 'signing': {'region': 'us-east-1', 'signing_name': 's3', 'disableDoubleEncoding': True}, 'endpoint_properties': {'authSchemes': [{'disableDoubleEncoding': True, 'name': 'sigv4', 'signingName': 's3', 'signingRegion': 'us-east-1'}]}, 'checksum': {'request_algorithm_header': {'name': 'x-amz-sdk-checksum-algorithm', 'value': 'CRC32'}, 'request_algorithm': {'algorithm': 'crc32', 'in': 'trailer', 'name': 'x-amz-checksum-crc32'}}}}
2025-03-23 23:46:09,017 [DEBUG] Event request-created.s3.PutObject: calling handler <bound method RequestSigner.handler of <botocore.signers.RequestSigner object at 0x7e639bcf06b0>>
2025-03-23 23:46:09,018 [DEBUG] Event choose-signer.s3.PutObject: calling handler <bound method ClientCreator._default_s3_presign_to_sigv2 of <botocore.client.ClientCreator object at 0x7e639e1042c0>>
2025-03-23 23:46:09,018 [DEBUG] Event choose-signer.s3.PutObject: calling handler <function set_operation_specific_signer at 0x7e639f146520>
2025-03-23 23:46:09,019 [DEBUG] Event before-sign.s3.PutObject: calling handler <function remove_arn_from_signing_path at 0x7e639f16cc20>
2025-03-23 23:46:09,019 [DEBUG] Event before-sign.s3.PutObject: calling handler <function _set_extra_headers_for_unsigned_request at 0x7e639f16d300>
2025-03-23 23:46:09,019 [DEBUG] Event before-sign.s3.PutObject: calling handler <bound method S3ExpressIdentityResolver.resolve_s3express_identity of <botocore.utils.S3ExpressIdentityResolver object at 0x7e639d8acbc0>>
2025-03-23 23:46:09,019 [DEBUG] Calculating signature using v4 auth.
2025-03-23 23:46:09,020 [DEBUG] CanonicalRequest:
PUT
/fin-scraping-bucket/CORZ/2024-09-30/Core%2BScientific%2BQ3%2B2024%2BEarnings%2BPresentation.pdf/Core%2BScientific%2BQ3%2B2024%2BEarnings%2BPresentation.pdf

content-encoding:aws-chunked
host:3c5636b6cfe0011ec1887ff62b057097.r2.cloudflarestorage.com
x-amz-content-sha256:STREAMING-UNSIGNED-PAYLOAD-TRAILER
x-amz-date:20250323T184609Z
x-amz-decoded-content-length:8653970
x-amz-sdk-checksum-algorithm:CRC32
x-amz-trailer:x-amz-checksum-crc32

content-encoding;host;x-amz-content-sha256;x-amz-date;x-amz-decoded-content-length;x-amz-sdk-checksum-algorithm;x-amz-trailer
STREAMING-UNSIGNED-PAYLOAD-TRAILER
2025-03-23 23:46:09,020 [DEBUG] StringToSign:
AWS4-HMAC-SHA256
20250323T184609Z
20250323/us-east-1/s3/aws4_request
10b2378b2c2f8840938e0e287d4614b6183b6af3e90f86855aad7c9126502b92
2025-03-23 23:46:09,021 [DEBUG] Signature:
fc88b0351cf6d88af9af6db9af22e041857ef9caaf61fc403c63ff7e30900016
2025-03-23 23:46:09,021 [DEBUG] Event request-created.s3.PutObject: calling handler <bound method UserAgentString.rebuild_and_replace_user_agent_handler of <botocore.useragent.UserAgentString object at 0x7e639d8adaf0>>
2025-03-23 23:46:09,022 [DEBUG] Event request-created.s3.PutObject: calling handler <function add_retry_headers at 0x7e639f16ca40>
2025-03-23 23:46:09,022 [DEBUG] Sending http request: <AWSPreparedRequest stream_output=False, method=PUT, url=https://3c5636b6cfe0011ec1887ff62b057097.r2.cloudflarestorage.com/fin-scraping-bucket/CORZ/2024-09-30/Core%2BScientific%2BQ3%2B2024%2BEarnings%2BPresentation.pdf/Core%2BScientific%2BQ3%2B2024%2BEarnings%2BPresentation.pdf, headers={'User-Agent': b'Boto3/1.37.16 md/Botocore#1.37.17 ua/2.1 os/linux#6.11.0-19-generic md/arch#x86_64 lang/python#3.12.3 md/pyimpl#CPython m/N cfg/retry-mode#legacy Botocore/1.37.17', 'Expect': b'100-continue', 'Transfer-Encoding': b'chunked', 'Content-Encoding': b'aws-chunked', 'X-Amz-Trailer': b'x-amz-checksum-crc32', 'X-Amz-Decoded-Content-Length': b'8653970', 'x-amz-sdk-checksum-algorithm': b'CRC32', 'X-Amz-Date': b'20250323T184609Z', 'X-Amz-Content-SHA256': b'STREAMING-UNSIGNED-PAYLOAD-TRAILER', 'Authorization': b'AWS4-HMAC-SHA256 Credential=f1ac1dc043a240f996be558cfba72868/20250323/us-east-1/s3/aws4_request, SignedHeaders=content-encoding;host;x-amz-content-sha256;x-amz-date;x-amz-decoded-content-length;x-amz-sdk-checksum-algorithm;x-amz-trailer, Signature=fc88b0351cf6d88af9af6db9af22e041857ef9caaf61fc403c63ff7e30900016', 'amz-sdk-invocation-id': b'a45dd0d1-c9d9-4ab6-8b71-8a2287e048b0', 'amz-sdk-request': b'attempt=1'}>
2025-03-23 23:46:09,023 [DEBUG] Certificate path: /home/syed-hassan-ul-haq/repos/fin_scraper/venv/lib/python3.12/site-packages/certifi/cacert.pem
2025-03-23 23:46:09,024 [DEBUG] Starting new HTTPS connection (1): 3c5636b6cfe0011ec1887ff62b057097.r2.cloudflarestorage.com:443
2025-03-23 23:46:09,138 [DEBUG] Waiting for 100 Continue response.
2025-03-23 23:46:09,154 [DEBUG] 100 Continue response seen, now sending request body.
2025-03-23 23:46:49,175 [DEBUG] https://3c5636b6cfe0011ec1887ff62b057097.r2.cloudflarestorage.com:443 "PUT /fin-scraping-bucket/CORZ/2024-09-30/Core%2BScientific%2BQ3%2B2024%2BEarnings%2BPresentation.pdf/Core%2BScientific%2BQ3%2B2024%2BEarnings%2BPresentation.pdf HTTP/1.1" 200 0
2025-03-23 23:46:49,177 [DEBUG] Event before-parse.s3.PutObject: calling handler <function _handle_200_error at 0x7e639f16cfe0>
2025-03-23 23:46:49,177 [DEBUG] Event before-parse.s3.PutObject: calling handler <function handle_expires_header at 0x7e639f16ce00>
2025-03-23 23:46:49,178 [DEBUG] Response headers: {'Date': 'Sun, 23 Mar 2025 18:46:49 GMT', 'Content-Type': 'text/plain;charset=UTF-8', 'Content-Length': '0', 'Connection': 'keep-alive', 'ETag': '"0bf3a5ce2c3ca37e44d82e0603c0159e"', 'x-amz-checksum-crc32': 'HMn/Gg==', 'x-amz-version-id': '7e6a3bac607b55794c2ee5a94e71dd51', 'Vary': 'Accept-Encoding', 'Server': 'cloudflare', 'CF-RAY': '925017032a5521f0-KHI'}
2025-03-23 23:46:49,178 [DEBUG] Response body:
b''
2025-03-23 23:46:49,180 [DEBUG] Event needs-retry.s3.PutObject: calling handler <function _update_status_code at 0x7e639f16d120>
2025-03-23 23:46:49,180 [DEBUG] Event needs-retry.s3.PutObject: calling handler <botocore.retryhandler.RetryHandler object at 0x7e639d8acc20>
2025-03-23 23:46:49,181 [DEBUG] No retry needed.
2025-03-23 23:46:49,181 [DEBUG] Event needs-retry.s3.PutObject: calling handler <bound method S3RegionRedirectorv2.redirect_from_error of <botocore.utils.S3RegionRedirectorv2 object at 0x7e639d8afaa0>>
2025-03-23 23:46:49,188 [DEBUG] Constructed data object: {'file_name': 'Core+Scientific+Q3+2024+Earnings+Presentation.pdf', 'file_type': 'pdf', 'published_date': '2024-09-30', 'url': 'https://3c5636b6cfe0011ec1887ff62b057097.r2.cloudflarestorage.com/fin-scraping-bucket/CORZ/2024-09-30/Core+Scientific+Q3+2024+Earnings+Presentation.pdf/Core+Scientific+Q3+2024+Earnings+Presentation.pdf', 'content_type': ['webcast', 'sec_filing', 'financial_filing', 'presentation', '10-Q', 'three-month-results']}
2025-03-23 23:46:49,194 [DEBUG] Starting new HTTPS connection (1): www.pvh.com:443
2025-03-23 23:46:49,626 [DEBUG] https://www.pvh.com:443 "GET /sec-filings/all-sec-filings/content/0001628280-24-045811/core-20240930.htm HTTP/1.1" 404 1245
2025-03-23 23:46:49,630 [DEBUG] Changing event name from creating-client-class.iot-data to creating-client-class.iot-data-plane
2025-03-23 23:46:49,640 [DEBUG] Changing event name from before-call.apigateway to before-call.api-gateway
2025-03-23 23:46:49,643 [DEBUG] Changing event name from request-created.machinelearning.Predict to request-created.machine-learning.Predict
2025-03-23 23:46:49,649 [DEBUG] Changing event name from before-parameter-build.autoscaling.CreateLaunchConfiguration to before-parameter-build.auto-scaling.CreateLaunchConfiguration
2025-03-23 23:46:49,650 [DEBUG] Changing event name from before-parameter-build.route53 to before-parameter-build.route-53
2025-03-23 23:46:49,655 [DEBUG] Changing event name from request-created.cloudsearchdomain.Search to request-created.cloudsearch-domain.Search
2025-03-23 23:46:49,660 [DEBUG] Changing event name from docs.*.autoscaling.CreateLaunchConfiguration.complete-section to docs.*.auto-scaling.CreateLaunchConfiguration.complete-section
2025-03-23 23:46:49,670 [DEBUG] Changing event name from before-parameter-build.logs.CreateExportTask to before-parameter-build.cloudwatch-logs.CreateExportTask
2025-03-23 23:46:49,671 [DEBUG] Changing event name from docs.*.logs.CreateExportTask.complete-section to docs.*.cloudwatch-logs.CreateExportTask.complete-section
2025-03-23 23:46:49,672 [DEBUG] Changing event name from before-parameter-build.cloudsearchdomain.Search to before-parameter-build.cloudsearch-domain.Search
2025-03-23 23:46:49,672 [DEBUG] Changing event name from docs.*.cloudsearchdomain.Search.complete-section to docs.*.cloudsearch-domain.Search.complete-section
2025-03-23 23:46:49,681 [DEBUG] Loading JSON file: /home/syed-hassan-ul-haq/repos/fin_scraper/venv/lib/python3.12/site-packages/botocore/data/endpoints.json
2025-03-23 23:46:49,763 [DEBUG] Loading JSON file: /home/syed-hassan-ul-haq/repos/fin_scraper/venv/lib/python3.12/site-packages/botocore/data/sdk-default-configuration.json
2025-03-23 23:46:49,763 [DEBUG] Event choose-service-name: calling handler <function handle_service_name_alias at 0x7e639f144b80>
2025-03-23 23:46:49,835 [DEBUG] Loading JSON file: /home/syed-hassan-ul-haq/repos/fin_scraper/venv/lib/python3.12/site-packages/botocore/data/s3/2006-03-01/service-2.json.gz
2025-03-23 23:46:49,904 [DEBUG] Loading JSON file: /home/syed-hassan-ul-haq/repos/fin_scraper/venv/lib/python3.12/site-packages/botocore/data/s3/2006-03-01/service-2.sdk-extras.json
2025-03-23 23:46:49,940 [DEBUG] Loading JSON file: /home/syed-hassan-ul-haq/repos/fin_scraper/venv/lib/python3.12/site-packages/botocore/data/s3/2006-03-01/endpoint-rule-set-1.json.gz
2025-03-23 23:46:49,949 [DEBUG] Loading JSON file: /home/syed-hassan-ul-haq/repos/fin_scraper/venv/lib/python3.12/site-packages/botocore/data/partitions.json
2025-03-23 23:46:49,951 [DEBUG] Event creating-client-class.s3: calling handler <function add_generate_presigned_post at 0x7e639f2d2700>
2025-03-23 23:46:49,951 [DEBUG] Event creating-client-class.s3: calling handler <function lazy_call.<locals>._handler at 0x7e639ec454e0>
2025-03-23 23:46:49,951 [DEBUG] Event creating-client-class.s3: calling handler <function add_generate_presigned_url at 0x7e639f2d2480>
2025-03-23 23:46:49,955 [DEBUG] Setting s3 timeout as (60, 60)
2025-03-23 23:46:49,960 [DEBUG] Loading JSON file: /home/syed-hassan-ul-haq/repos/fin_scraper/venv/lib/python3.12/site-packages/botocore/data/_retry.json
2025-03-23 23:46:49,961 [DEBUG] Registering retry handlers for service: s3
2025-03-23 23:46:49,962 [DEBUG] Registering S3 region redirector handler
2025-03-23 23:46:49,964 [DEBUG] Registering S3Express Identity Resolver
2025-03-23 23:46:59,966 [DEBUG] Constructed data object: {'file_name': 'core-20240930.htm', 'file_type': 'html', 'published_date': '2024-09-30', 'url': None, 'content_type': ['webcast', 'sec_filing', 'financial_filing', 'presentation', '10-Q', 'three-month-results']}
2025-03-23 23:46:59,969 [DEBUG] Starting new HTTPS connection (1): www.pvh.com:443
2025-03-23 23:47:00,582 [DEBUG] https://www.pvh.com:443 "GET /sec-filings/all-sec-filings/content/0001628280-24-045811/0001628280-24-045811.pdf HTTP/1.1" 404 1245
2025-03-23 23:47:00,585 [DEBUG] Changing event name from creating-client-class.iot-data to creating-client-class.iot-data-plane
2025-03-23 23:47:00,595 [DEBUG] Changing event name from before-call.apigateway to before-call.api-gateway
2025-03-23 23:47:00,597 [DEBUG] Changing event name from request-created.machinelearning.Predict to request-created.machine-learning.Predict
2025-03-23 23:47:00,605 [DEBUG] Changing event name from before-parameter-build.autoscaling.CreateLaunchConfiguration to before-parameter-build.auto-scaling.CreateLaunchConfiguration
2025-03-23 23:47:00,606 [DEBUG] Changing event name from before-parameter-build.route53 to before-parameter-build.route-53
2025-03-23 23:47:00,611 [DEBUG] Changing event name from request-created.cloudsearchdomain.Search to request-created.cloudsearch-domain.Search
2025-03-23 23:47:00,615 [DEBUG] Changing event name from docs.*.autoscaling.CreateLaunchConfiguration.complete-section to docs.*.auto-scaling.CreateLaunchConfiguration.complete-section
2025-03-23 23:47:00,633 [DEBUG] Changing event name from before-parameter-build.logs.CreateExportTask to before-parameter-build.cloudwatch-logs.CreateExportTask
2025-03-23 23:47:00,634 [DEBUG] Changing event name from docs.*.logs.CreateExportTask.complete-section to docs.*.cloudwatch-logs.CreateExportTask.complete-section
2025-03-23 23:47:00,635 [DEBUG] Changing event name from before-parameter-build.cloudsearchdomain.Search to before-parameter-build.cloudsearch-domain.Search
2025-03-23 23:47:00,636 [DEBUG] Changing event name from docs.*.cloudsearchdomain.Search.complete-section to docs.*.cloudsearch-domain.Search.complete-section
2025-03-23 23:47:00,644 [DEBUG] Loading JSON file: /home/syed-hassan-ul-haq/repos/fin_scraper/venv/lib/python3.12/site-packages/botocore/data/endpoints.json
2025-03-23 23:47:00,735 [DEBUG] Loading JSON file: /home/syed-hassan-ul-haq/repos/fin_scraper/venv/lib/python3.12/site-packages/botocore/data/sdk-default-configuration.json
2025-03-23 23:47:00,736 [DEBUG] Event choose-service-name: calling handler <function handle_service_name_alias at 0x7e639f144b80>
2025-03-23 23:47:00,785 [DEBUG] Loading JSON file: /home/syed-hassan-ul-haq/repos/fin_scraper/venv/lib/python3.12/site-packages/botocore/data/s3/2006-03-01/service-2.json.gz
2025-03-23 23:47:00,802 [DEBUG] Loading JSON file: /home/syed-hassan-ul-haq/repos/fin_scraper/venv/lib/python3.12/site-packages/botocore/data/s3/2006-03-01/service-2.sdk-extras.json
2025-03-23 23:47:00,831 [DEBUG] Loading JSON file: /home/syed-hassan-ul-haq/repos/fin_scraper/venv/lib/python3.12/site-packages/botocore/data/s3/2006-03-01/endpoint-rule-set-1.json.gz
2025-03-23 23:47:00,839 [DEBUG] Loading JSON file: /home/syed-hassan-ul-haq/repos/fin_scraper/venv/lib/python3.12/site-packages/botocore/data/partitions.json
2025-03-23 23:47:00,841 [DEBUG] Event creating-client-class.s3: calling handler <function add_generate_presigned_post at 0x7e639f2d2700>
2025-03-23 23:47:00,841 [DEBUG] Event creating-client-class.s3: calling handler <function lazy_call.<locals>._handler at 0x7e639c78c900>
2025-03-23 23:47:00,842 [DEBUG] Event creating-client-class.s3: calling handler <function add_generate_presigned_url at 0x7e639f2d2480>
2025-03-23 23:47:00,844 [DEBUG] Setting s3 timeout as (60, 60)
2025-03-23 23:47:00,849 [DEBUG] Loading JSON file: /home/syed-hassan-ul-haq/repos/fin_scraper/venv/lib/python3.12/site-packages/botocore/data/_retry.json
2025-03-23 23:47:00,850 [DEBUG] Registering retry handlers for service: s3
2025-03-23 23:47:00,850 [DEBUG] Registering S3 region redirector handler
2025-03-23 23:47:00,852 [DEBUG] Registering S3Express Identity Resolver
2025-03-23 23:47:10,854 [DEBUG] Constructed data object: {'file_name': '0001628280-24-045811.pdf', 'file_type': 'html', 'published_date': '2024-09-30', 'url': None, 'content_type': ['webcast', 'sec_filing', 'financial_filing', 'presentation', '10-Q', 'three-month-results']}
2025-03-23 23:47:10,858 [DEBUG] Starting new HTTPS connection (1): www.pvh.com:443
2025-03-23 23:47:11,435 [DEBUG] https://www.pvh.com:443 "GET /sec-filings/all-sec-filings/content/0001628280-24-045811/0001628280-24-045811-xbrl.zip HTTP/1.1" 404 1245
2025-03-23 23:47:11,439 [DEBUG] Changing event name from creating-client-class.iot-data to creating-client-class.iot-data-plane
2025-03-23 23:47:11,448 [DEBUG] Changing event name from before-call.apigateway to before-call.api-gateway
2025-03-23 23:47:11,452 [DEBUG] Changing event name from request-created.machinelearning.Predict to request-created.machine-learning.Predict
2025-03-23 23:47:11,461 [DEBUG] Changing event name from before-parameter-build.autoscaling.CreateLaunchConfiguration to before-parameter-build.auto-scaling.CreateLaunchConfiguration
2025-03-23 23:47:11,462 [DEBUG] Changing event name from before-parameter-build.route53 to before-parameter-build.route-53
2025-03-23 23:47:11,467 [DEBUG] Changing event name from request-created.cloudsearchdomain.Search to request-created.cloudsearch-domain.Search
2025-03-23 23:47:11,472 [DEBUG] Changing event name from docs.*.autoscaling.CreateLaunchConfiguration.complete-section to docs.*.auto-scaling.CreateLaunchConfiguration.complete-section
2025-03-23 23:47:11,490 [DEBUG] Changing event name from before-parameter-build.logs.CreateExportTask to before-parameter-build.cloudwatch-logs.CreateExportTask
2025-03-23 23:47:11,491 [DEBUG] Changing event name from docs.*.logs.CreateExportTask.complete-section to docs.*.cloudwatch-logs.CreateExportTask.complete-section
2025-03-23 23:47:11,491 [DEBUG] Changing event name from before-parameter-build.cloudsearchdomain.Search to before-parameter-build.cloudsearch-domain.Search
2025-03-23 23:47:11,492 [DEBUG] Changing event name from docs.*.cloudsearchdomain.Search.complete-section to docs.*.cloudsearch-domain.Search.complete-section
2025-03-23 23:47:11,571 [DEBUG] Loading JSON file: /home/syed-hassan-ul-haq/repos/fin_scraper/venv/lib/python3.12/site-packages/botocore/data/endpoints.json
2025-03-23 23:47:11,674 [DEBUG] Loading JSON file: /home/syed-hassan-ul-haq/repos/fin_scraper/venv/lib/python3.12/site-packages/botocore/data/sdk-default-configuration.json
2025-03-23 23:47:11,675 [DEBUG] Event choose-service-name: calling handler <function handle_service_name_alias at 0x7e639f144b80>
2025-03-23 23:47:11,737 [DEBUG] Loading JSON file: /home/syed-hassan-ul-haq/repos/fin_scraper/venv/lib/python3.12/site-packages/botocore/data/s3/2006-03-01/service-2.json.gz
2025-03-23 23:47:11,758 [DEBUG] Loading JSON file: /home/syed-hassan-ul-haq/repos/fin_scraper/venv/lib/python3.12/site-packages/botocore/data/s3/2006-03-01/service-2.sdk-extras.json
2025-03-23 23:47:11,788 [DEBUG] Loading JSON file: /home/syed-hassan-ul-haq/repos/fin_scraper/venv/lib/python3.12/site-packages/botocore/data/s3/2006-03-01/endpoint-rule-set-1.json.gz
2025-03-23 23:47:11,795 [DEBUG] Loading JSON file: /home/syed-hassan-ul-haq/repos/fin_scraper/venv/lib/python3.12/site-packages/botocore/data/partitions.json
2025-03-23 23:47:11,798 [DEBUG] Event creating-client-class.s3: calling handler <function add_generate_presigned_post at 0x7e639f2d2700>
2025-03-23 23:47:11,798 [DEBUG] Event creating-client-class.s3: calling handler <function lazy_call.<locals>._handler at 0x7e639cfd9b20>
2025-03-23 23:47:11,798 [DEBUG] Event creating-client-class.s3: calling handler <function add_generate_presigned_url at 0x7e639f2d2480>
2025-03-23 23:47:11,803 [DEBUG] Setting s3 timeout as (60, 60)
2025-03-23 23:47:11,808 [DEBUG] Loading JSON file: /home/syed-hassan-ul-haq/repos/fin_scraper/venv/lib/python3.12/site-packages/botocore/data/_retry.json
2025-03-23 23:47:11,809 [DEBUG] Registering retry handlers for service: s3
2025-03-23 23:47:11,809 [DEBUG] Registering S3 region redirector handler
2025-03-23 23:47:11,811 [DEBUG] Registering S3Express Identity Resolver
2025-03-23 23:47:21,813 [DEBUG] Constructed data object: {'file_name': '0001628280-24-045811-xbrl.zip', 'file_type': 'html', 'published_date': '2024-09-30', 'url': None, 'content_type': ['webcast', 'sec_filing', 'financial_filing', 'presentation', '10-Q', 'three-month-results']}
2025-03-23 23:47:21,814 [DEBUG] Constructed final JSON: {'event_name': 'Q3 2024 Quarter Ended Sep 30, 2024 Earnings Release Earnings Webcast Presentation 10-Q', 'equity_ticker': 'CORZ', 'geography': 'US', 'periodicity': 'non-periodic', 'data': [{'file_name': 'core-scientific-announces-fiscal-third-quarter-2024-results', 'file_type': 'html', 'published_date': '2024-09-30', 'url': 'https://3c5636b6cfe0011ec1887ff62b057097.r2.cloudflarestorage.com/fin-scraping-bucket/CORZ/2024-09-30/core-scientific-announces-fiscal-third-quarter-2024-results/core-scientific-announces-fiscal-third-quarter-2024-results', 'content_type': ['webcast', 'sec_filing', 'financial_filing', 'presentation', '10-Q', 'three-month-results']}, {'file_name': '2024-11-06_Core_Scientific_Announces_Fiscal_Third_Quarter_98.pdf', 'file_type': 'pdf', 'published_date': '2024-09-30', 'url': 'https://3c5636b6cfe0011ec1887ff62b057097.r2.cloudflarestorage.com/fin-scraping-bucket/CORZ/2024-09-30/2024-11-06_Core_Scientific_Announces_Fiscal_Third_Quarter_98.pdf/2024-11-06_Core_Scientific_Announces_Fiscal_Third_Quarter_98.pdf', 'content_type': ['webcast', 'sec_filing', 'financial_filing', 'presentation', '10-Q', 'three-month-results']}, {'file_name': 'webcast.html?webcastid=HW5MvP6u', 'file_type': 'html', 'published_date': '2024-09-30', 'url': 'https://3c5636b6cfe0011ec1887ff62b057097.r2.cloudflarestorage.com/fin-scraping-bucket/CORZ/2024-09-30/webcast.html?webcastid=HW5MvP6u/webcast.html?webcastid=HW5MvP6u', 'content_type': ['webcast', 'sec_filing', 'financial_filing', 'presentation', '10-Q', 'three-month-results']}, {'file_name': 'Core+Scientific+Q3+2024+Earnings+Presentation.pdf', 'file_type': 'pdf', 'published_date': '2024-09-30', 'url': 'https://3c5636b6cfe0011ec1887ff62b057097.r2.cloudflarestorage.com/fin-scraping-bucket/CORZ/2024-09-30/Core+Scientific+Q3+2024+Earnings+Presentation.pdf/Core+Scientific+Q3+2024+Earnings+Presentation.pdf', 'content_type': ['webcast', 'sec_filing', 'financial_filing', 'presentation', '10-Q', 'three-month-results']}, {'file_name': 'core-20240930.htm', 'file_type': 'html', 'published_date': '2024-09-30', 'url': None, 'content_type': ['webcast', 'sec_filing', 'financial_filing', 'presentation', '10-Q', 'three-month-results']}, {'file_name': '0001628280-24-045811.pdf', 'file_type': 'html', 'published_date': '2024-09-30', 'url': None, 'content_type': ['webcast', 'sec_filing', 'financial_filing', 'presentation', '10-Q', 'three-month-results']}, {'file_name': '0001628280-24-045811-xbrl.zip', 'file_type': 'html', 'published_date': '2024-09-30', 'url': None, 'content_type': ['webcast', 'sec_filing', 'financial_filing', 'presentation', '10-Q', 'three-month-results']}]}
2025-03-23 23:47:21,814 [DEBUG] Returning constructed JSON.
2025-03-23 23:47:21,815 [INFO] Snippet #2 -> Event JSON created.
2025-03-23 23:47:21,815 [INFO] Processing snippet #3 / 16
2025-03-23 23:47:21,816 [DEBUG] Starting construct_event_json function.
2025-03-23 23:47:21,816 [DEBUG] html_element length=2877
2025-03-23 23:47:21,817 [DEBUG] equity_ticker=CORZ, geography=US, periodicity=non-periodic
2025-03-23 23:47:21,817 [DEBUG] 

2025-03-23 23:47:21,818 [DEBUG] Original Snippet Text: 
          <div class="col-md-4 results-info">
        <h3>Q2 2024</h3>
                <div class="date">Quarter Ended Jun 30, 2024</div>
                        
      </div>
    
    <div class="col-md-8">     
    

    <div class="result-line">
                        <a href="https://investors.corescientific.com/news-events/press-releases/detail/85/core-scientific-announces-fiscal-second-quarter-2024-results" class="headline-link" aria-label="Earnings Release Q2 2024">
                <span class="headline">Earnings Release</span>
                <span class="result-link link" aria-hidden="true"><span class="eqicon-HTML"></span>HTML</span>
            </a>
            <a href="https://d1io3yog0oux5.cloudfront.net/_1809aef3bf74227ab43f8f02a5800c1a/corescientific/news/2024-08-07_Core_Scientific_Announces_Fiscal_Second_Quarter_85.pdf" class="result-link link" target="_blank" rel="noopener" aria-label="Earnings Release Q2 2024 PDF" title="Opens in a new window"><span class="eqicon-PDF"></span>PDF</a>
                </div>

<div class="result-line">
    <a href="https://event.choruscall.com/mediaframe/webcast.html?webcastid=EJ4HZWZo" target="_blank" rel="noopener" class="headline-link" aria-label="Earnings Webcast Q2 2024 Audio" title="Opens in a new window">
        <span class="headline">Earnings Webcast</span>
        <span class="result-link link" aria-hidden="true"><span class="eqicon-MP3"></span>Audio</span>
    </a>
</div>
<div class="result-line">
    <a href="https://d1io3yog0oux5.cloudfront.net/_1809aef3bf74227ab43f8f02a5800c1a/corescientific/db/946/9301/presentation/Core+Scientific+Q2+2024+Earnings+Presentation.pdf" class="headline-link" target="_blank" rel="noopener" aria-label="Presentation Q2 2024 PDF" title="Opens in a new window">
        <span class="headline">Presentation</span>
        <span class="result-link link" aria-hidden="true"><span class="eqicon-PDF"></span>PDF</span>
    </a>
</div><div class="result-line">
    <a href="/sec-filings/all-sec-filings/content/0001628280-24-035714/core-20240630.htm" class="headline-link" aria-label="10-Q Q2 2024" target="_blank" rel="noopener" title="Opens in a new window">
        <span class="headline">10-Q</span>
        <span class="result-link link" aria-hidden="true"><span class="eqicon-HTML"></span>HTML</span>
    </a>
    <a href="/sec-filings/all-sec-filings/content/0001628280-24-035714/0001628280-24-035714.pdf" class="result-link link" aria-label="10-Q Q2 2024 PDF" target="_blank" rel="noopener" title="Opens in a new window"><span class="eqicon-PDF"></span>PDF</a>
    <a href="/sec-filings/all-sec-filings/content/0001628280-24-035714/0001628280-24-035714-xbrl.zip" aria-label="Download Raw XBRL Zip Files of 10-Q Q2 2024" class="link" target="_blank" rel="noopener" title="Opens in a new window"><span class="eqicon-ZIP"></span>XBRL Zip</a>
</div>    </div>
  
2025-03-23 23:47:21,831 [DEBUG] Original Snippet Text: Q2 2024 Quarter Ended Jun 30, 2024 Earnings Release HTML PDF Earnings Webcast Audio Presentation PDF 10-Q HTML PDF XBRL Zip
2025-03-23 23:47:21,883 [DEBUG] Analyzing Sentence: 'Q2 2024 Quarter Ended Jun 30, 2024 Earnings Release HTML PDF Earnings Webcast Audio Presentation PDF 10-Q HTML PDF XBRL Zip'
2025-03-23 23:47:21,897 [DEBUG] Match found! Token='Quarter' ~ Concept='acquisition' (sim=0.73)
2025-03-23 23:47:21,897 [DEBUG] Cleaning up sentence: 'Q2 2024 Quarter Ended Jun 30, 2024 Earnings Release HTML PDF Earnings Webcast Audio Presentation PDF 10-Q HTML PDF XBRL Zip'
2025-03-23 23:47:21,898 [DEBUG] Final Extracted Event Name: Q2 2024 Quarter Ended Jun 30, 2024 Earnings Release Earnings Webcast Presentation 10-Q
2025-03-23 23:47:21,899 [DEBUG] Extracted event_name=Q2 2024 Quarter Ended Jun 30, 2024 Earnings Release Earnings Webcast Presentation 10-Q
2025-03-23 23:47:21,922 [DEBUG] Extracted published_date=2024-06-30
2025-03-23 23:47:21,923 [DEBUG] 
----------------------------------------------------
2025-03-23 23:47:21,923 [DEBUG] Raw HTML Snippet (truncated):

          <div class="col-md-4 results-info">
        <h3>Q2 2024</h3>
                <div class="date">Quarter Ended Jun 30, 2024</div>
                        
      </div>
    
    <div class="col-md-8">     
    

    <div class="result-line">
                        <a href="https://investors...
2025-03-23 23:47:21,924 [DEBUG] ----------------------------------------------------
2025-03-23 23:47:21,938 [DEBUG] Extracted Text:
Q2 2024 Quarter Ended Jun 30, 2024 Earnings Release HTML PDF Earnings Webcast Audio Presentation PDF 10-Q HTML PDF XBRL Zip Earnings Release HTML https://investors.corescientific.com/news-events/press-releases/detail/85/core-scientific-announces-fiscal-second-quarter-2024-results PDF https://d1io3yog0oux5.cloudfront.net/_1809aef3bf74227ab43f8f02a5800c1a/corescientific/news/2024-08-07_Core_Scientific_Announces_Fiscal_Second_Quarter_85.pdf Earnings Webcast Audio https://event.choruscall.com/mediaframe/webcast.html?webcastid=EJ4HZWZo Presentation PDF https://d1io3yog0oux5.cloudfront.net/_1809aef3bf74227ab43f8f02a5800c1a/corescientific/db/946/9301/presentation/Core+Scientific+Q2+2024+Earnings+Presentation.pdf 10-Q HTML /sec-filings/all-sec-filings/content/0001628280-24-035714/core-20240630.htm PDF /sec-filings/all-sec-filings/content/0001628280-24-035714/0001628280-24-035714.pdf XBRL Zip /sec-filings/all-sec-filings/content/0001628280-24-035714/0001628280-24-035714-xbrl.zip

2025-03-23 23:47:21,942 [DEBUG] [DICT] Found dictionary-based content types: {'webcast', 'sec_filing', 'financial_filing', 'presentation', '10-Q', 'three-month-results'}
2025-03-23 23:47:22,212 [DEBUG] [SIM] Found similarity-based content types: {'webcast', 'presentation'}
2025-03-23 23:47:22,212 [DEBUG] [UNION] Final content types = {'webcast', 'sec_filing', 'financial_filing', 'presentation', '10-Q', 'three-month-results'}
2025-03-23 23:47:22,212 [DEBUG] Extracted content_type=['webcast', 'sec_filing', 'financial_filing', 'presentation', '10-Q', 'three-month-results']
2025-03-23 23:47:22,216 [DEBUG] Starting new HTTPS connection (1): investors.corescientific.com:443
2025-03-23 23:47:22,628 [DEBUG] https://investors.corescientific.com:443 "GET /news-events/press-releases/detail/85/core-scientific-announces-fiscal-second-quarter-2024-results HTTP/1.1" 200 25990
2025-03-23 23:47:22,794 [DEBUG] Changing event name from creating-client-class.iot-data to creating-client-class.iot-data-plane
2025-03-23 23:47:22,804 [DEBUG] Changing event name from before-call.apigateway to before-call.api-gateway
2025-03-23 23:47:22,808 [DEBUG] Changing event name from request-created.machinelearning.Predict to request-created.machine-learning.Predict
2025-03-23 23:47:22,817 [DEBUG] Changing event name from before-parameter-build.autoscaling.CreateLaunchConfiguration to before-parameter-build.auto-scaling.CreateLaunchConfiguration
2025-03-23 23:47:22,818 [DEBUG] Changing event name from before-parameter-build.route53 to before-parameter-build.route-53
2025-03-23 23:47:22,821 [DEBUG] Changing event name from request-created.cloudsearchdomain.Search to request-created.cloudsearch-domain.Search
2025-03-23 23:47:22,826 [DEBUG] Changing event name from docs.*.autoscaling.CreateLaunchConfiguration.complete-section to docs.*.auto-scaling.CreateLaunchConfiguration.complete-section
2025-03-23 23:47:22,844 [DEBUG] Changing event name from before-parameter-build.logs.CreateExportTask to before-parameter-build.cloudwatch-logs.CreateExportTask
2025-03-23 23:47:22,845 [DEBUG] Changing event name from docs.*.logs.CreateExportTask.complete-section to docs.*.cloudwatch-logs.CreateExportTask.complete-section
2025-03-23 23:47:22,846 [DEBUG] Changing event name from before-parameter-build.cloudsearchdomain.Search to before-parameter-build.cloudsearch-domain.Search
2025-03-23 23:47:22,847 [DEBUG] Changing event name from docs.*.cloudsearchdomain.Search.complete-section to docs.*.cloudsearch-domain.Search.complete-section
2025-03-23 23:47:22,857 [DEBUG] Loading JSON file: /home/syed-hassan-ul-haq/repos/fin_scraper/venv/lib/python3.12/site-packages/botocore/data/endpoints.json
2025-03-23 23:47:22,958 [DEBUG] Loading JSON file: /home/syed-hassan-ul-haq/repos/fin_scraper/venv/lib/python3.12/site-packages/botocore/data/sdk-default-configuration.json
2025-03-23 23:47:22,958 [DEBUG] Event choose-service-name: calling handler <function handle_service_name_alias at 0x7e639f144b80>
2025-03-23 23:47:23,043 [DEBUG] Loading JSON file: /home/syed-hassan-ul-haq/repos/fin_scraper/venv/lib/python3.12/site-packages/botocore/data/s3/2006-03-01/service-2.json.gz
2025-03-23 23:47:23,066 [DEBUG] Loading JSON file: /home/syed-hassan-ul-haq/repos/fin_scraper/venv/lib/python3.12/site-packages/botocore/data/s3/2006-03-01/service-2.sdk-extras.json
2025-03-23 23:47:23,106 [DEBUG] Loading JSON file: /home/syed-hassan-ul-haq/repos/fin_scraper/venv/lib/python3.12/site-packages/botocore/data/s3/2006-03-01/endpoint-rule-set-1.json.gz
2025-03-23 23:47:23,150 [DEBUG] Loading JSON file: /home/syed-hassan-ul-haq/repos/fin_scraper/venv/lib/python3.12/site-packages/botocore/data/partitions.json
2025-03-23 23:47:23,154 [DEBUG] Event creating-client-class.s3: calling handler <function add_generate_presigned_post at 0x7e639f2d2700>
2025-03-23 23:47:23,154 [DEBUG] Event creating-client-class.s3: calling handler <function lazy_call.<locals>._handler at 0x7e639cfd9800>
2025-03-23 23:47:23,154 [DEBUG] Event creating-client-class.s3: calling handler <function add_generate_presigned_url at 0x7e639f2d2480>
2025-03-23 23:47:23,158 [DEBUG] Setting s3 timeout as (60, 60)
2025-03-23 23:47:23,163 [DEBUG] Loading JSON file: /home/syed-hassan-ul-haq/repos/fin_scraper/venv/lib/python3.12/site-packages/botocore/data/_retry.json
2025-03-23 23:47:23,164 [DEBUG] Registering retry handlers for service: s3
2025-03-23 23:47:23,165 [DEBUG] Registering S3 region redirector handler
2025-03-23 23:47:23,167 [DEBUG] Registering S3Express Identity Resolver
2025-03-23 23:47:23,168 [DEBUG] Event before-parameter-build.s3.PutObject: calling handler <function validate_ascii_metadata at 0x7e639f1476a0>
2025-03-23 23:47:23,169 [DEBUG] Event before-parameter-build.s3.PutObject: calling handler <function sse_md5 at 0x7e639f146980>
2025-03-23 23:47:23,169 [DEBUG] Event before-parameter-build.s3.PutObject: calling handler <function convert_body_to_file_like_object at 0x7e639f16c0e0>
2025-03-23 23:47:23,169 [DEBUG] Event before-parameter-build.s3.PutObject: calling handler <function validate_bucket_name at 0x7e639f1468e0>
2025-03-23 23:47:23,169 [DEBUG] Event before-parameter-build.s3.PutObject: calling handler <function remove_bucket_from_url_paths_from_model at 0x7e639f16cae0>
2025-03-23 23:47:23,169 [DEBUG] Event before-parameter-build.s3.PutObject: calling handler <bound method S3RegionRedirectorv2.annotate_request_context of <botocore.utils.S3RegionRedirectorv2 object at 0x7e639b65bdd0>>
2025-03-23 23:47:23,170 [DEBUG] Event before-parameter-build.s3.PutObject: calling handler <bound method ClientCreator._inject_s3_input_parameters of <botocore.client.ClientCreator object at 0x7e639dc719a0>>
2025-03-23 23:47:23,170 [DEBUG] Event before-parameter-build.s3.PutObject: calling handler <function generate_idempotent_uuid at 0x7e639f146700>
2025-03-23 23:47:23,170 [DEBUG] Event before-parameter-build.s3.PutObject: calling handler <function _handle_request_validation_mode_member at 0x7e639f16d260>
2025-03-23 23:47:23,170 [DEBUG] Event before-endpoint-resolution.s3: calling handler <function customize_endpoint_resolver_builtins at 0x7e639f16ccc0>
2025-03-23 23:47:23,171 [DEBUG] Event before-endpoint-resolution.s3: calling handler <bound method S3RegionRedirectorv2.redirect_from_cache of <botocore.utils.S3RegionRedirectorv2 object at 0x7e639b65bdd0>>
2025-03-23 23:47:23,171 [DEBUG] Calling endpoint provider with parameters: {'Bucket': 'fin-scraping-bucket', 'Region': 'us-east-1', 'UseFIPS': False, 'UseDualStack': False, 'Endpoint': 'https://3c5636b6cfe0011ec1887ff62b057097.r2.cloudflarestorage.com', 'ForcePathStyle': True, 'Accelerate': False, 'UseGlobalEndpoint': True, 'Key': 'CORZ/2024-06-30/core-scientific-announces-fiscal-second-quarter-2024-results/core-scientific-announces-fiscal-second-quarter-2024-results', 'DisableMultiRegionAccessPoints': False, 'UseArnRegion': True}
2025-03-23 23:47:23,173 [DEBUG] Endpoint provider result: https://3c5636b6cfe0011ec1887ff62b057097.r2.cloudflarestorage.com/fin-scraping-bucket
2025-03-23 23:47:23,173 [DEBUG] Selecting from endpoint provider's list of auth schemes: "sigv4". User selected auth scheme is: "None"
2025-03-23 23:47:23,173 [DEBUG] Selected auth type "v4" as "v4" with signing context params: {'region': 'us-east-1', 'signing_name': 's3', 'disableDoubleEncoding': True}
2025-03-23 23:47:23,175 [DEBUG] Event before-call.s3.PutObject: calling handler <function add_expect_header at 0x7e639f146ca0>
2025-03-23 23:47:23,175 [DEBUG] Adding expect 100 continue header to request.
2025-03-23 23:47:23,175 [DEBUG] Event before-call.s3.PutObject: calling handler <bound method S3ExpressIdentityResolver.apply_signing_cache_key of <botocore.utils.S3ExpressIdentityResolver object at 0x7e639b64c440>>
2025-03-23 23:47:23,176 [DEBUG] Event before-call.s3.PutObject: calling handler <function add_recursion_detection_header at 0x7e639f145b20>
2025-03-23 23:47:23,176 [DEBUG] Event before-call.s3.PutObject: calling handler <function add_query_compatibility_header at 0x7e639f16d1c0>
2025-03-23 23:47:23,176 [DEBUG] Event before-call.s3.PutObject: calling handler <function inject_api_version_header_if_needed at 0x7e639f16c220>
2025-03-23 23:47:23,176 [DEBUG] Making request for OperationModel(name=PutObject) with params: {'url_path': '/CORZ/2024-06-30/core-scientific-announces-fiscal-second-quarter-2024-results/core-scientific-announces-fiscal-second-quarter-2024-results', 'query_string': {}, 'method': 'PUT', 'headers': {'User-Agent': 'Boto3/1.37.16 md/Botocore#1.37.17 ua/2.1 os/linux#6.11.0-19-generic md/arch#x86_64 lang/python#3.12.3 md/pyimpl#CPython m/N cfg/retry-mode#legacy Botocore/1.37.17', 'Expect': '100-continue', 'Transfer-Encoding': 'chunked', 'Content-Encoding': 'aws-chunked', 'X-Amz-Trailer': 'x-amz-checksum-crc32', 'X-Amz-Decoded-Content-Length': '304395', 'x-amz-sdk-checksum-algorithm': 'CRC32'}, 'body': <botocore.httpchecksum.AwsChunkedWrapper object at 0x7e639b64ccb0>, 'auth_path': '/fin-scraping-bucket/CORZ/2024-06-30/core-scientific-announces-fiscal-second-quarter-2024-results/core-scientific-announces-fiscal-second-quarter-2024-results', 'url': 'https://3c5636b6cfe0011ec1887ff62b057097.r2.cloudflarestorage.com/fin-scraping-bucket/CORZ/2024-06-30/core-scientific-announces-fiscal-second-quarter-2024-results/core-scientific-announces-fiscal-second-quarter-2024-results', 'context': {'client_region': 'us-east-1', 'client_config': <botocore.config.Config object at 0x7e639dd94230>, 'has_streaming_input': True, 'auth_type': 'v4', 'unsigned_payload': None, 's3_redirect': {'redirected': False, 'bucket': 'fin-scraping-bucket', 'params': {'Bucket': 'fin-scraping-bucket', 'Key': 'CORZ/2024-06-30/core-scientific-announces-fiscal-second-quarter-2024-results/core-scientific-announces-fiscal-second-quarter-2024-results', 'Body': <_io.BufferedReader name='downloads/core-scientific-announces-fiscal-second-quarter-2024-results'>}}, 'input_params': {'Bucket': 'fin-scraping-bucket', 'Key': 'CORZ/2024-06-30/core-scientific-announces-fiscal-second-quarter-2024-results/core-scientific-announces-fiscal-second-quarter-2024-results'}, 'signing': {'region': 'us-east-1', 'signing_name': 's3', 'disableDoubleEncoding': True}, 'endpoint_properties': {'authSchemes': [{'disableDoubleEncoding': True, 'name': 'sigv4', 'signingName': 's3', 'signingRegion': 'us-east-1'}]}, 'checksum': {'request_algorithm_header': {'name': 'x-amz-sdk-checksum-algorithm', 'value': 'CRC32'}, 'request_algorithm': {'algorithm': 'crc32', 'in': 'trailer', 'name': 'x-amz-checksum-crc32'}}}}
2025-03-23 23:47:23,178 [DEBUG] Event request-created.s3.PutObject: calling handler <bound method RequestSigner.handler of <botocore.signers.RequestSigner object at 0x7e639dd940e0>>
2025-03-23 23:47:23,179 [DEBUG] Event choose-signer.s3.PutObject: calling handler <bound method ClientCreator._default_s3_presign_to_sigv2 of <botocore.client.ClientCreator object at 0x7e639dc719a0>>
2025-03-23 23:47:23,179 [DEBUG] Event choose-signer.s3.PutObject: calling handler <function set_operation_specific_signer at 0x7e639f146520>
2025-03-23 23:47:23,180 [DEBUG] Event before-sign.s3.PutObject: calling handler <function remove_arn_from_signing_path at 0x7e639f16cc20>
2025-03-23 23:47:23,180 [DEBUG] Event before-sign.s3.PutObject: calling handler <function _set_extra_headers_for_unsigned_request at 0x7e639f16d300>
2025-03-23 23:47:23,180 [DEBUG] Event before-sign.s3.PutObject: calling handler <bound method S3ExpressIdentityResolver.resolve_s3express_identity of <botocore.utils.S3ExpressIdentityResolver object at 0x7e639b64c440>>
2025-03-23 23:47:23,181 [DEBUG] Calculating signature using v4 auth.
2025-03-23 23:47:23,181 [DEBUG] CanonicalRequest:
PUT
/fin-scraping-bucket/CORZ/2024-06-30/core-scientific-announces-fiscal-second-quarter-2024-results/core-scientific-announces-fiscal-second-quarter-2024-results

content-encoding:aws-chunked
host:3c5636b6cfe0011ec1887ff62b057097.r2.cloudflarestorage.com
x-amz-content-sha256:STREAMING-UNSIGNED-PAYLOAD-TRAILER
x-amz-date:20250323T184723Z
x-amz-decoded-content-length:304395
x-amz-sdk-checksum-algorithm:CRC32
x-amz-trailer:x-amz-checksum-crc32

content-encoding;host;x-amz-content-sha256;x-amz-date;x-amz-decoded-content-length;x-amz-sdk-checksum-algorithm;x-amz-trailer
STREAMING-UNSIGNED-PAYLOAD-TRAILER
2025-03-23 23:47:23,182 [DEBUG] StringToSign:
AWS4-HMAC-SHA256
20250323T184723Z
20250323/us-east-1/s3/aws4_request
2574f5b9c69ab85e6c5f33351441a6b47cac822318252d13cd6bde69a8c04dfd
2025-03-23 23:47:23,182 [DEBUG] Signature:
65b782e8b21d5252138b6cf1a57ae46b8e4605f4bd3bf2c37accbd3c21cb082d
2025-03-23 23:47:23,182 [DEBUG] Event request-created.s3.PutObject: calling handler <bound method UserAgentString.rebuild_and_replace_user_agent_handler of <botocore.useragent.UserAgentString object at 0x7e639b65bd70>>
2025-03-23 23:47:23,183 [DEBUG] Event request-created.s3.PutObject: calling handler <function add_retry_headers at 0x7e639f16ca40>
2025-03-23 23:47:23,183 [DEBUG] Sending http request: <AWSPreparedRequest stream_output=False, method=PUT, url=https://3c5636b6cfe0011ec1887ff62b057097.r2.cloudflarestorage.com/fin-scraping-bucket/CORZ/2024-06-30/core-scientific-announces-fiscal-second-quarter-2024-results/core-scientific-announces-fiscal-second-quarter-2024-results, headers={'User-Agent': b'Boto3/1.37.16 md/Botocore#1.37.17 ua/2.1 os/linux#6.11.0-19-generic md/arch#x86_64 lang/python#3.12.3 md/pyimpl#CPython m/N cfg/retry-mode#legacy Botocore/1.37.17', 'Expect': b'100-continue', 'Transfer-Encoding': b'chunked', 'Content-Encoding': b'aws-chunked', 'X-Amz-Trailer': b'x-amz-checksum-crc32', 'X-Amz-Decoded-Content-Length': b'304395', 'x-amz-sdk-checksum-algorithm': b'CRC32', 'X-Amz-Date': b'20250323T184723Z', 'X-Amz-Content-SHA256': b'STREAMING-UNSIGNED-PAYLOAD-TRAILER', 'Authorization': b'AWS4-HMAC-SHA256 Credential=f1ac1dc043a240f996be558cfba72868/20250323/us-east-1/s3/aws4_request, SignedHeaders=content-encoding;host;x-amz-content-sha256;x-amz-date;x-amz-decoded-content-length;x-amz-sdk-checksum-algorithm;x-amz-trailer, Signature=65b782e8b21d5252138b6cf1a57ae46b8e4605f4bd3bf2c37accbd3c21cb082d', 'amz-sdk-invocation-id': b'5c20d2b0-4b1e-4ab9-bf48-918728e8afc7', 'amz-sdk-request': b'attempt=1'}>
2025-03-23 23:47:23,184 [DEBUG] Certificate path: /home/syed-hassan-ul-haq/repos/fin_scraper/venv/lib/python3.12/site-packages/certifi/cacert.pem
2025-03-23 23:47:23,185 [DEBUG] Starting new HTTPS connection (1): 3c5636b6cfe0011ec1887ff62b057097.r2.cloudflarestorage.com:443
2025-03-23 23:47:23,359 [DEBUG] Waiting for 100 Continue response.
2025-03-23 23:47:23,364 [DEBUG] 100 Continue response seen, now sending request body.
2025-03-23 23:47:25,872 [DEBUG] https://3c5636b6cfe0011ec1887ff62b057097.r2.cloudflarestorage.com:443 "PUT /fin-scraping-bucket/CORZ/2024-06-30/core-scientific-announces-fiscal-second-quarter-2024-results/core-scientific-announces-fiscal-second-quarter-2024-results HTTP/1.1" 200 0
2025-03-23 23:47:25,874 [DEBUG] Event before-parse.s3.PutObject: calling handler <function _handle_200_error at 0x7e639f16cfe0>
2025-03-23 23:47:25,875 [DEBUG] Event before-parse.s3.PutObject: calling handler <function handle_expires_header at 0x7e639f16ce00>
2025-03-23 23:47:25,875 [DEBUG] Response headers: {'Date': 'Sun, 23 Mar 2025 18:47:25 GMT', 'Content-Type': 'text/plain;charset=UTF-8', 'Content-Length': '0', 'Connection': 'keep-alive', 'ETag': '"85269800995906016c1e61a37d9f75f3"', 'x-amz-checksum-crc32': 'ePjPUA==', 'x-amz-version-id': '7e6a3bab3f10ea12975e9a35f2b37d28', 'Vary': 'Accept-Encoding', 'Server': 'cloudflare', 'CF-RAY': '925018d2fee821e3-KHI'}
2025-03-23 23:47:25,876 [DEBUG] Response body:
b''
2025-03-23 23:47:25,878 [DEBUG] Event needs-retry.s3.PutObject: calling handler <function _update_status_code at 0x7e639f16d120>
2025-03-23 23:47:25,879 [DEBUG] Event needs-retry.s3.PutObject: calling handler <botocore.retryhandler.RetryHandler object at 0x7e639b64c3b0>
2025-03-23 23:47:25,881 [DEBUG] No retry needed.
2025-03-23 23:47:25,881 [DEBUG] Event needs-retry.s3.PutObject: calling handler <bound method S3RegionRedirectorv2.redirect_from_error of <botocore.utils.S3RegionRedirectorv2 object at 0x7e639b65bdd0>>
2025-03-23 23:47:25,888 [DEBUG] Constructed data object: {'file_name': 'core-scientific-announces-fiscal-second-quarter-2024-results', 'file_type': 'html', 'published_date': '2024-06-30', 'url': 'https://3c5636b6cfe0011ec1887ff62b057097.r2.cloudflarestorage.com/fin-scraping-bucket/CORZ/2024-06-30/core-scientific-announces-fiscal-second-quarter-2024-results/core-scientific-announces-fiscal-second-quarter-2024-results', 'content_type': ['webcast', 'sec_filing', 'financial_filing', 'presentation', '10-Q', 'three-month-results']}
2025-03-23 23:47:25,895 [DEBUG] Starting new HTTPS connection (1): d1io3yog0oux5.cloudfront.net:443
2025-03-23 23:47:26,026 [DEBUG] https://d1io3yog0oux5.cloudfront.net:443 "GET /_1809aef3bf74227ab43f8f02a5800c1a/corescientific/news/2024-08-07_Core_Scientific_Announces_Fiscal_Second_Quarter_85.pdf HTTP/1.1" 200 104890
2025-03-23 23:47:26,081 [DEBUG] Changing event name from creating-client-class.iot-data to creating-client-class.iot-data-plane
2025-03-23 23:47:26,096 [DEBUG] Changing event name from before-call.apigateway to before-call.api-gateway
2025-03-23 23:47:26,099 [DEBUG] Changing event name from request-created.machinelearning.Predict to request-created.machine-learning.Predict
2025-03-23 23:47:26,109 [DEBUG] Changing event name from before-parameter-build.autoscaling.CreateLaunchConfiguration to before-parameter-build.auto-scaling.CreateLaunchConfiguration
2025-03-23 23:47:26,110 [DEBUG] Changing event name from before-parameter-build.route53 to before-parameter-build.route-53
2025-03-23 23:47:26,114 [DEBUG] Changing event name from request-created.cloudsearchdomain.Search to request-created.cloudsearch-domain.Search
2025-03-23 23:47:26,117 [DEBUG] Changing event name from docs.*.autoscaling.CreateLaunchConfiguration.complete-section to docs.*.auto-scaling.CreateLaunchConfiguration.complete-section
2025-03-23 23:47:26,135 [DEBUG] Changing event name from before-parameter-build.logs.CreateExportTask to before-parameter-build.cloudwatch-logs.CreateExportTask
2025-03-23 23:47:26,136 [DEBUG] Changing event name from docs.*.logs.CreateExportTask.complete-section to docs.*.cloudwatch-logs.CreateExportTask.complete-section
2025-03-23 23:47:26,137 [DEBUG] Changing event name from before-parameter-build.cloudsearchdomain.Search to before-parameter-build.cloudsearch-domain.Search
2025-03-23 23:47:26,138 [DEBUG] Changing event name from docs.*.cloudsearchdomain.Search.complete-section to docs.*.cloudsearch-domain.Search.complete-section
2025-03-23 23:47:26,146 [DEBUG] Loading JSON file: /home/syed-hassan-ul-haq/repos/fin_scraper/venv/lib/python3.12/site-packages/botocore/data/endpoints.json
2025-03-23 23:47:26,257 [DEBUG] Loading JSON file: /home/syed-hassan-ul-haq/repos/fin_scraper/venv/lib/python3.12/site-packages/botocore/data/sdk-default-configuration.json
2025-03-23 23:47:26,257 [DEBUG] Event choose-service-name: calling handler <function handle_service_name_alias at 0x7e639f144b80>
2025-03-23 23:47:26,295 [DEBUG] Loading JSON file: /home/syed-hassan-ul-haq/repos/fin_scraper/venv/lib/python3.12/site-packages/botocore/data/s3/2006-03-01/service-2.json.gz
2025-03-23 23:47:26,318 [DEBUG] Loading JSON file: /home/syed-hassan-ul-haq/repos/fin_scraper/venv/lib/python3.12/site-packages/botocore/data/s3/2006-03-01/service-2.sdk-extras.json
2025-03-23 23:47:26,351 [DEBUG] Loading JSON file: /home/syed-hassan-ul-haq/repos/fin_scraper/venv/lib/python3.12/site-packages/botocore/data/s3/2006-03-01/endpoint-rule-set-1.json.gz
2025-03-23 23:47:26,359 [DEBUG] Loading JSON file: /home/syed-hassan-ul-haq/repos/fin_scraper/venv/lib/python3.12/site-packages/botocore/data/partitions.json
2025-03-23 23:47:26,362 [DEBUG] Event creating-client-class.s3: calling handler <function add_generate_presigned_post at 0x7e639f2d2700>
2025-03-23 23:47:26,362 [DEBUG] Event creating-client-class.s3: calling handler <function lazy_call.<locals>._handler at 0x7e639bafd9e0>
2025-03-23 23:47:26,362 [DEBUG] Event creating-client-class.s3: calling handler <function add_generate_presigned_url at 0x7e639f2d2480>
2025-03-23 23:47:26,366 [DEBUG] Setting s3 timeout as (60, 60)
2025-03-23 23:47:26,374 [DEBUG] Loading JSON file: /home/syed-hassan-ul-haq/repos/fin_scraper/venv/lib/python3.12/site-packages/botocore/data/_retry.json
2025-03-23 23:47:26,375 [DEBUG] Registering retry handlers for service: s3
2025-03-23 23:47:26,376 [DEBUG] Registering S3 region redirector handler
2025-03-23 23:47:26,377 [DEBUG] Registering S3Express Identity Resolver
2025-03-23 23:47:26,380 [DEBUG] Event before-parameter-build.s3.PutObject: calling handler <function validate_ascii_metadata at 0x7e639f1476a0>
2025-03-23 23:47:26,380 [DEBUG] Event before-parameter-build.s3.PutObject: calling handler <function sse_md5 at 0x7e639f146980>
2025-03-23 23:47:26,380 [DEBUG] Event before-parameter-build.s3.PutObject: calling handler <function convert_body_to_file_like_object at 0x7e639f16c0e0>
2025-03-23 23:47:26,380 [DEBUG] Event before-parameter-build.s3.PutObject: calling handler <function validate_bucket_name at 0x7e639f1468e0>
2025-03-23 23:47:26,380 [DEBUG] Event before-parameter-build.s3.PutObject: calling handler <function remove_bucket_from_url_paths_from_model at 0x7e639f16cae0>
2025-03-23 23:47:26,381 [DEBUG] Event before-parameter-build.s3.PutObject: calling handler <bound method S3RegionRedirectorv2.annotate_request_context of <botocore.utils.S3RegionRedirectorv2 object at 0x7e639c461850>>
2025-03-23 23:47:26,381 [DEBUG] Event before-parameter-build.s3.PutObject: calling handler <bound method ClientCreator._inject_s3_input_parameters of <botocore.client.ClientCreator object at 0x7e639cdb6300>>
2025-03-23 23:47:26,381 [DEBUG] Event before-parameter-build.s3.PutObject: calling handler <function generate_idempotent_uuid at 0x7e639f146700>
2025-03-23 23:47:26,381 [DEBUG] Event before-parameter-build.s3.PutObject: calling handler <function _handle_request_validation_mode_member at 0x7e639f16d260>
2025-03-23 23:47:26,381 [DEBUG] Event before-endpoint-resolution.s3: calling handler <function customize_endpoint_resolver_builtins at 0x7e639f16ccc0>
2025-03-23 23:47:26,382 [DEBUG] Event before-endpoint-resolution.s3: calling handler <bound method S3RegionRedirectorv2.redirect_from_cache of <botocore.utils.S3RegionRedirectorv2 object at 0x7e639c461850>>
2025-03-23 23:47:26,382 [DEBUG] Calling endpoint provider with parameters: {'Bucket': 'fin-scraping-bucket', 'Region': 'us-east-1', 'UseFIPS': False, 'UseDualStack': False, 'Endpoint': 'https://3c5636b6cfe0011ec1887ff62b057097.r2.cloudflarestorage.com', 'ForcePathStyle': True, 'Accelerate': False, 'UseGlobalEndpoint': True, 'Key': 'CORZ/2024-06-30/2024-08-07_Core_Scientific_Announces_Fiscal_Second_Quarter_85.pdf/2024-08-07_Core_Scientific_Announces_Fiscal_Second_Quarter_85.pdf', 'DisableMultiRegionAccessPoints': False, 'UseArnRegion': True}
2025-03-23 23:47:26,383 [DEBUG] Endpoint provider result: https://3c5636b6cfe0011ec1887ff62b057097.r2.cloudflarestorage.com/fin-scraping-bucket
2025-03-23 23:47:26,384 [DEBUG] Selecting from endpoint provider's list of auth schemes: "sigv4". User selected auth scheme is: "None"
2025-03-23 23:47:26,384 [DEBUG] Selected auth type "v4" as "v4" with signing context params: {'region': 'us-east-1', 'signing_name': 's3', 'disableDoubleEncoding': True}
2025-03-23 23:47:26,385 [DEBUG] Event before-call.s3.PutObject: calling handler <function add_expect_header at 0x7e639f146ca0>
2025-03-23 23:47:26,385 [DEBUG] Adding expect 100 continue header to request.
2025-03-23 23:47:26,385 [DEBUG] Event before-call.s3.PutObject: calling handler <bound method S3ExpressIdentityResolver.apply_signing_cache_key of <botocore.utils.S3ExpressIdentityResolver object at 0x7e639c461e50>>
2025-03-23 23:47:26,385 [DEBUG] Event before-call.s3.PutObject: calling handler <function add_recursion_detection_header at 0x7e639f145b20>
2025-03-23 23:47:26,386 [DEBUG] Event before-call.s3.PutObject: calling handler <function add_query_compatibility_header at 0x7e639f16d1c0>
2025-03-23 23:47:26,386 [DEBUG] Event before-call.s3.PutObject: calling handler <function inject_api_version_header_if_needed at 0x7e639f16c220>
2025-03-23 23:47:26,386 [DEBUG] Making request for OperationModel(name=PutObject) with params: {'url_path': '/CORZ/2024-06-30/2024-08-07_Core_Scientific_Announces_Fiscal_Second_Quarter_85.pdf/2024-08-07_Core_Scientific_Announces_Fiscal_Second_Quarter_85.pdf', 'query_string': {}, 'method': 'PUT', 'headers': {'User-Agent': 'Boto3/1.37.16 md/Botocore#1.37.17 ua/2.1 os/linux#6.11.0-19-generic md/arch#x86_64 lang/python#3.12.3 md/pyimpl#CPython m/N cfg/retry-mode#legacy Botocore/1.37.17', 'Expect': '100-continue', 'Transfer-Encoding': 'chunked', 'Content-Encoding': 'aws-chunked', 'X-Amz-Trailer': 'x-amz-checksum-crc32', 'X-Amz-Decoded-Content-Length': '104890', 'x-amz-sdk-checksum-algorithm': 'CRC32'}, 'body': <botocore.httpchecksum.AwsChunkedWrapper object at 0x7e639c4626c0>, 'auth_path': '/fin-scraping-bucket/CORZ/2024-06-30/2024-08-07_Core_Scientific_Announces_Fiscal_Second_Quarter_85.pdf/2024-08-07_Core_Scientific_Announces_Fiscal_Second_Quarter_85.pdf', 'url': 'https://3c5636b6cfe0011ec1887ff62b057097.r2.cloudflarestorage.com/fin-scraping-bucket/CORZ/2024-06-30/2024-08-07_Core_Scientific_Announces_Fiscal_Second_Quarter_85.pdf/2024-08-07_Core_Scientific_Announces_Fiscal_Second_Quarter_85.pdf', 'context': {'client_region': 'us-east-1', 'client_config': <botocore.config.Config object at 0x7e639c426d20>, 'has_streaming_input': True, 'auth_type': 'v4', 'unsigned_payload': None, 's3_redirect': {'redirected': False, 'bucket': 'fin-scraping-bucket', 'params': {'Bucket': 'fin-scraping-bucket', 'Key': 'CORZ/2024-06-30/2024-08-07_Core_Scientific_Announces_Fiscal_Second_Quarter_85.pdf/2024-08-07_Core_Scientific_Announces_Fiscal_Second_Quarter_85.pdf', 'Body': <_io.BufferedReader name='downloads/2024-08-07_Core_Scientific_Announces_Fiscal_Second_Quarter_85.pdf'>}}, 'input_params': {'Bucket': 'fin-scraping-bucket', 'Key': 'CORZ/2024-06-30/2024-08-07_Core_Scientific_Announces_Fiscal_Second_Quarter_85.pdf/2024-08-07_Core_Scientific_Announces_Fiscal_Second_Quarter_85.pdf'}, 'signing': {'region': 'us-east-1', 'signing_name': 's3', 'disableDoubleEncoding': True}, 'endpoint_properties': {'authSchemes': [{'disableDoubleEncoding': True, 'name': 'sigv4', 'signingName': 's3', 'signingRegion': 'us-east-1'}]}, 'checksum': {'request_algorithm_header': {'name': 'x-amz-sdk-checksum-algorithm', 'value': 'CRC32'}, 'request_algorithm': {'algorithm': 'crc32', 'in': 'trailer', 'name': 'x-amz-checksum-crc32'}}}}
2025-03-23 23:47:26,387 [DEBUG] Event request-created.s3.PutObject: calling handler <bound method RequestSigner.handler of <botocore.signers.RequestSigner object at 0x7e639c426c30>>
2025-03-23 23:47:26,388 [DEBUG] Event choose-signer.s3.PutObject: calling handler <bound method ClientCreator._default_s3_presign_to_sigv2 of <botocore.client.ClientCreator object at 0x7e639cdb6300>>
2025-03-23 23:47:26,388 [DEBUG] Event choose-signer.s3.PutObject: calling handler <function set_operation_specific_signer at 0x7e639f146520>
2025-03-23 23:47:26,388 [DEBUG] Event before-sign.s3.PutObject: calling handler <function remove_arn_from_signing_path at 0x7e639f16cc20>
2025-03-23 23:47:26,389 [DEBUG] Event before-sign.s3.PutObject: calling handler <function _set_extra_headers_for_unsigned_request at 0x7e639f16d300>
2025-03-23 23:47:26,389 [DEBUG] Event before-sign.s3.PutObject: calling handler <bound method S3ExpressIdentityResolver.resolve_s3express_identity of <botocore.utils.S3ExpressIdentityResolver object at 0x7e639c461e50>>
2025-03-23 23:47:26,389 [DEBUG] Calculating signature using v4 auth.
2025-03-23 23:47:26,390 [DEBUG] CanonicalRequest:
PUT
/fin-scraping-bucket/CORZ/2024-06-30/2024-08-07_Core_Scientific_Announces_Fiscal_Second_Quarter_85.pdf/2024-08-07_Core_Scientific_Announces_Fiscal_Second_Quarter_85.pdf

content-encoding:aws-chunked
host:3c5636b6cfe0011ec1887ff62b057097.r2.cloudflarestorage.com
x-amz-content-sha256:STREAMING-UNSIGNED-PAYLOAD-TRAILER
x-amz-date:20250323T184726Z
x-amz-decoded-content-length:104890
x-amz-sdk-checksum-algorithm:CRC32
x-amz-trailer:x-amz-checksum-crc32

content-encoding;host;x-amz-content-sha256;x-amz-date;x-amz-decoded-content-length;x-amz-sdk-checksum-algorithm;x-amz-trailer
STREAMING-UNSIGNED-PAYLOAD-TRAILER
2025-03-23 23:47:26,390 [DEBUG] StringToSign:
AWS4-HMAC-SHA256
20250323T184726Z
20250323/us-east-1/s3/aws4_request
dc50c141b728a841b0b3c5aff6135a831210a0ea9a9686ee90a11d71300a9b9e
2025-03-23 23:47:26,390 [DEBUG] Signature:
b39a4308a60f13b3e4f324c2164e27206a97e896095c63688de952338de8e651
2025-03-23 23:47:26,391 [DEBUG] Event request-created.s3.PutObject: calling handler <bound method UserAgentString.rebuild_and_replace_user_agent_handler of <botocore.useragent.UserAgentString object at 0x7e639c4617f0>>
2025-03-23 23:47:26,391 [DEBUG] Event request-created.s3.PutObject: calling handler <function add_retry_headers at 0x7e639f16ca40>
2025-03-23 23:47:26,392 [DEBUG] Sending http request: <AWSPreparedRequest stream_output=False, method=PUT, url=https://3c5636b6cfe0011ec1887ff62b057097.r2.cloudflarestorage.com/fin-scraping-bucket/CORZ/2024-06-30/2024-08-07_Core_Scientific_Announces_Fiscal_Second_Quarter_85.pdf/2024-08-07_Core_Scientific_Announces_Fiscal_Second_Quarter_85.pdf, headers={'User-Agent': b'Boto3/1.37.16 md/Botocore#1.37.17 ua/2.1 os/linux#6.11.0-19-generic md/arch#x86_64 lang/python#3.12.3 md/pyimpl#CPython m/N cfg/retry-mode#legacy Botocore/1.37.17', 'Expect': b'100-continue', 'Transfer-Encoding': b'chunked', 'Content-Encoding': b'aws-chunked', 'X-Amz-Trailer': b'x-amz-checksum-crc32', 'X-Amz-Decoded-Content-Length': b'104890', 'x-amz-sdk-checksum-algorithm': b'CRC32', 'X-Amz-Date': b'20250323T184726Z', 'X-Amz-Content-SHA256': b'STREAMING-UNSIGNED-PAYLOAD-TRAILER', 'Authorization': b'AWS4-HMAC-SHA256 Credential=f1ac1dc043a240f996be558cfba72868/20250323/us-east-1/s3/aws4_request, SignedHeaders=content-encoding;host;x-amz-content-sha256;x-amz-date;x-amz-decoded-content-length;x-amz-sdk-checksum-algorithm;x-amz-trailer, Signature=b39a4308a60f13b3e4f324c2164e27206a97e896095c63688de952338de8e651', 'amz-sdk-invocation-id': b'351a4b60-6a1e-4c7b-8863-61b75669755a', 'amz-sdk-request': b'attempt=1'}>
2025-03-23 23:47:26,393 [DEBUG] Certificate path: /home/syed-hassan-ul-haq/repos/fin_scraper/venv/lib/python3.12/site-packages/certifi/cacert.pem
2025-03-23 23:47:26,394 [DEBUG] Starting new HTTPS connection (1): 3c5636b6cfe0011ec1887ff62b057097.r2.cloudflarestorage.com:443
2025-03-23 23:47:26,526 [DEBUG] Waiting for 100 Continue response.
2025-03-23 23:47:26,531 [DEBUG] 100 Continue response seen, now sending request body.
2025-03-23 23:47:28,637 [DEBUG] https://3c5636b6cfe0011ec1887ff62b057097.r2.cloudflarestorage.com:443 "PUT /fin-scraping-bucket/CORZ/2024-06-30/2024-08-07_Core_Scientific_Announces_Fiscal_Second_Quarter_85.pdf/2024-08-07_Core_Scientific_Announces_Fiscal_Second_Quarter_85.pdf HTTP/1.1" 200 0
2025-03-23 23:47:28,638 [DEBUG] Event before-parse.s3.PutObject: calling handler <function _handle_200_error at 0x7e639f16cfe0>
2025-03-23 23:47:28,638 [DEBUG] Event before-parse.s3.PutObject: calling handler <function handle_expires_header at 0x7e639f16ce00>
2025-03-23 23:47:28,639 [DEBUG] Response headers: {'Date': 'Sun, 23 Mar 2025 18:47:28 GMT', 'Content-Type': 'text/plain;charset=UTF-8', 'Content-Length': '0', 'Connection': 'keep-alive', 'ETag': '"9a2252c56497a137abfe3690fddcce54"', 'x-amz-checksum-crc32': 'ZNJ3ww==', 'x-amz-version-id': '7e6a3bab32a40b1231581f2b7d5f273a', 'Vary': 'Accept-Encoding', 'Server': 'cloudflare', 'CF-RAY': '925018e6cd1d21e6-KHI'}
2025-03-23 23:47:28,639 [DEBUG] Response body:
b''
2025-03-23 23:47:28,641 [DEBUG] Event needs-retry.s3.PutObject: calling handler <function _update_status_code at 0x7e639f16d120>
2025-03-23 23:47:28,641 [DEBUG] Event needs-retry.s3.PutObject: calling handler <botocore.retryhandler.RetryHandler object at 0x7e639c461df0>
2025-03-23 23:47:28,642 [DEBUG] No retry needed.
2025-03-23 23:47:28,642 [DEBUG] Event needs-retry.s3.PutObject: calling handler <bound method S3RegionRedirectorv2.redirect_from_error of <botocore.utils.S3RegionRedirectorv2 object at 0x7e639c461850>>
2025-03-23 23:47:28,647 [DEBUG] Constructed data object: {'file_name': '2024-08-07_Core_Scientific_Announces_Fiscal_Second_Quarter_85.pdf', 'file_type': 'pdf', 'published_date': '2024-06-30', 'url': 'https://3c5636b6cfe0011ec1887ff62b057097.r2.cloudflarestorage.com/fin-scraping-bucket/CORZ/2024-06-30/2024-08-07_Core_Scientific_Announces_Fiscal_Second_Quarter_85.pdf/2024-08-07_Core_Scientific_Announces_Fiscal_Second_Quarter_85.pdf', 'content_type': ['webcast', 'sec_filing', 'financial_filing', 'presentation', '10-Q', 'three-month-results']}
2025-03-23 23:47:28,652 [DEBUG] Starting new HTTPS connection (1): event.choruscall.com:443
2025-03-23 23:47:29,563 [DEBUG] https://event.choruscall.com:443 "GET /mediaframe/webcast.html?webcastid=EJ4HZWZo HTTP/1.1" 200 None
2025-03-23 23:47:29,571 [DEBUG] Changing event name from creating-client-class.iot-data to creating-client-class.iot-data-plane
2025-03-23 23:47:29,585 [DEBUG] Changing event name from before-call.apigateway to before-call.api-gateway
2025-03-23 23:47:29,591 [DEBUG] Changing event name from request-created.machinelearning.Predict to request-created.machine-learning.Predict
2025-03-23 23:47:29,601 [DEBUG] Changing event name from before-parameter-build.autoscaling.CreateLaunchConfiguration to before-parameter-build.auto-scaling.CreateLaunchConfiguration
2025-03-23 23:47:29,602 [DEBUG] Changing event name from before-parameter-build.route53 to before-parameter-build.route-53
2025-03-23 23:47:29,606 [DEBUG] Changing event name from request-created.cloudsearchdomain.Search to request-created.cloudsearch-domain.Search
2025-03-23 23:47:29,612 [DEBUG] Changing event name from docs.*.autoscaling.CreateLaunchConfiguration.complete-section to docs.*.auto-scaling.CreateLaunchConfiguration.complete-section
2025-03-23 23:47:29,626 [DEBUG] Changing event name from before-parameter-build.logs.CreateExportTask to before-parameter-build.cloudwatch-logs.CreateExportTask
2025-03-23 23:47:29,627 [DEBUG] Changing event name from docs.*.logs.CreateExportTask.complete-section to docs.*.cloudwatch-logs.CreateExportTask.complete-section
2025-03-23 23:47:29,628 [DEBUG] Changing event name from before-parameter-build.cloudsearchdomain.Search to before-parameter-build.cloudsearch-domain.Search
2025-03-23 23:47:29,629 [DEBUG] Changing event name from docs.*.cloudsearchdomain.Search.complete-section to docs.*.cloudsearch-domain.Search.complete-section
2025-03-23 23:47:29,694 [DEBUG] Loading JSON file: /home/syed-hassan-ul-haq/repos/fin_scraper/venv/lib/python3.12/site-packages/botocore/data/endpoints.json
2025-03-23 23:47:29,779 [DEBUG] Loading JSON file: /home/syed-hassan-ul-haq/repos/fin_scraper/venv/lib/python3.12/site-packages/botocore/data/sdk-default-configuration.json
2025-03-23 23:47:29,780 [DEBUG] Event choose-service-name: calling handler <function handle_service_name_alias at 0x7e639f144b80>
2025-03-23 23:47:29,848 [DEBUG] Loading JSON file: /home/syed-hassan-ul-haq/repos/fin_scraper/venv/lib/python3.12/site-packages/botocore/data/s3/2006-03-01/service-2.json.gz
2025-03-23 23:47:29,876 [DEBUG] Loading JSON file: /home/syed-hassan-ul-haq/repos/fin_scraper/venv/lib/python3.12/site-packages/botocore/data/s3/2006-03-01/service-2.sdk-extras.json
2025-03-23 23:47:29,914 [DEBUG] Loading JSON file: /home/syed-hassan-ul-haq/repos/fin_scraper/venv/lib/python3.12/site-packages/botocore/data/s3/2006-03-01/endpoint-rule-set-1.json.gz
2025-03-23 23:47:29,924 [DEBUG] Loading JSON file: /home/syed-hassan-ul-haq/repos/fin_scraper/venv/lib/python3.12/site-packages/botocore/data/partitions.json
2025-03-23 23:47:29,926 [DEBUG] Event creating-client-class.s3: calling handler <function add_generate_presigned_post at 0x7e639f2d2700>
2025-03-23 23:47:29,926 [DEBUG] Event creating-client-class.s3: calling handler <function lazy_call.<locals>._handler at 0x7e639dd73e20>
2025-03-23 23:47:29,926 [DEBUG] Event creating-client-class.s3: calling handler <function add_generate_presigned_url at 0x7e639f2d2480>
2025-03-23 23:47:29,929 [DEBUG] Setting s3 timeout as (60, 60)
2025-03-23 23:47:29,934 [DEBUG] Loading JSON file: /home/syed-hassan-ul-haq/repos/fin_scraper/venv/lib/python3.12/site-packages/botocore/data/_retry.json
2025-03-23 23:47:29,935 [DEBUG] Registering retry handlers for service: s3
2025-03-23 23:47:29,936 [DEBUG] Registering S3 region redirector handler
2025-03-23 23:47:29,937 [DEBUG] Registering S3Express Identity Resolver
2025-03-23 23:47:29,939 [DEBUG] Event before-parameter-build.s3.PutObject: calling handler <function validate_ascii_metadata at 0x7e639f1476a0>
2025-03-23 23:47:29,939 [DEBUG] Event before-parameter-build.s3.PutObject: calling handler <function sse_md5 at 0x7e639f146980>
2025-03-23 23:47:29,939 [DEBUG] Event before-parameter-build.s3.PutObject: calling handler <function convert_body_to_file_like_object at 0x7e639f16c0e0>
2025-03-23 23:47:29,939 [DEBUG] Event before-parameter-build.s3.PutObject: calling handler <function validate_bucket_name at 0x7e639f1468e0>
2025-03-23 23:47:29,940 [DEBUG] Event before-parameter-build.s3.PutObject: calling handler <function remove_bucket_from_url_paths_from_model at 0x7e639f16cae0>
2025-03-23 23:47:29,940 [DEBUG] Event before-parameter-build.s3.PutObject: calling handler <bound method S3RegionRedirectorv2.annotate_request_context of <botocore.utils.S3RegionRedirectorv2 object at 0x7e639de22270>>
2025-03-23 23:47:29,940 [DEBUG] Event before-parameter-build.s3.PutObject: calling handler <bound method ClientCreator._inject_s3_input_parameters of <botocore.client.ClientCreator object at 0x7e639cad3410>>
2025-03-23 23:47:29,941 [DEBUG] Event before-parameter-build.s3.PutObject: calling handler <function generate_idempotent_uuid at 0x7e639f146700>
2025-03-23 23:47:29,941 [DEBUG] Event before-parameter-build.s3.PutObject: calling handler <function _handle_request_validation_mode_member at 0x7e639f16d260>
2025-03-23 23:47:29,941 [DEBUG] Event before-endpoint-resolution.s3: calling handler <function customize_endpoint_resolver_builtins at 0x7e639f16ccc0>
2025-03-23 23:47:29,942 [DEBUG] Event before-endpoint-resolution.s3: calling handler <bound method S3RegionRedirectorv2.redirect_from_cache of <botocore.utils.S3RegionRedirectorv2 object at 0x7e639de22270>>
2025-03-23 23:47:29,942 [DEBUG] Calling endpoint provider with parameters: {'Bucket': 'fin-scraping-bucket', 'Region': 'us-east-1', 'UseFIPS': False, 'UseDualStack': False, 'Endpoint': 'https://3c5636b6cfe0011ec1887ff62b057097.r2.cloudflarestorage.com', 'ForcePathStyle': True, 'Accelerate': False, 'UseGlobalEndpoint': True, 'Key': 'CORZ/2024-06-30/webcast.html?webcastid=EJ4HZWZo/webcast.html?webcastid=EJ4HZWZo', 'DisableMultiRegionAccessPoints': False, 'UseArnRegion': True}
2025-03-23 23:47:29,944 [DEBUG] Endpoint provider result: https://3c5636b6cfe0011ec1887ff62b057097.r2.cloudflarestorage.com/fin-scraping-bucket
2025-03-23 23:47:29,944 [DEBUG] Selecting from endpoint provider's list of auth schemes: "sigv4". User selected auth scheme is: "None"
2025-03-23 23:47:29,944 [DEBUG] Selected auth type "v4" as "v4" with signing context params: {'region': 'us-east-1', 'signing_name': 's3', 'disableDoubleEncoding': True}
2025-03-23 23:47:29,945 [DEBUG] Event before-call.s3.PutObject: calling handler <function add_expect_header at 0x7e639f146ca0>
2025-03-23 23:47:29,945 [DEBUG] Adding expect 100 continue header to request.
2025-03-23 23:47:29,946 [DEBUG] Event before-call.s3.PutObject: calling handler <bound method S3ExpressIdentityResolver.apply_signing_cache_key of <botocore.utils.S3ExpressIdentityResolver object at 0x7e639de54c80>>
2025-03-23 23:47:29,946 [DEBUG] Event before-call.s3.PutObject: calling handler <function add_recursion_detection_header at 0x7e639f145b20>
2025-03-23 23:47:29,946 [DEBUG] Event before-call.s3.PutObject: calling handler <function add_query_compatibility_header at 0x7e639f16d1c0>
2025-03-23 23:47:29,946 [DEBUG] Event before-call.s3.PutObject: calling handler <function inject_api_version_header_if_needed at 0x7e639f16c220>
2025-03-23 23:47:29,946 [DEBUG] Making request for OperationModel(name=PutObject) with params: {'url_path': '/CORZ/2024-06-30/webcast.html%3Fwebcastid%3DEJ4HZWZo/webcast.html%3Fwebcastid%3DEJ4HZWZo', 'query_string': {}, 'method': 'PUT', 'headers': {'User-Agent': 'Boto3/1.37.16 md/Botocore#1.37.17 ua/2.1 os/linux#6.11.0-19-generic md/arch#x86_64 lang/python#3.12.3 md/pyimpl#CPython m/N cfg/retry-mode#legacy Botocore/1.37.17', 'Expect': '100-continue', 'Transfer-Encoding': 'chunked', 'Content-Encoding': 'aws-chunked', 'X-Amz-Trailer': 'x-amz-checksum-crc32', 'X-Amz-Decoded-Content-Length': '18599', 'x-amz-sdk-checksum-algorithm': 'CRC32'}, 'body': <botocore.httpchecksum.AwsChunkedWrapper object at 0x7e639de54680>, 'auth_path': '/fin-scraping-bucket/CORZ/2024-06-30/webcast.html%3Fwebcastid%3DEJ4HZWZo/webcast.html%3Fwebcastid%3DEJ4HZWZo', 'url': 'https://3c5636b6cfe0011ec1887ff62b057097.r2.cloudflarestorage.com/fin-scraping-bucket/CORZ/2024-06-30/webcast.html%3Fwebcastid%3DEJ4HZWZo/webcast.html%3Fwebcastid%3DEJ4HZWZo', 'context': {'client_region': 'us-east-1', 'client_config': <botocore.config.Config object at 0x7e639de21ee0>, 'has_streaming_input': True, 'auth_type': 'v4', 'unsigned_payload': None, 's3_redirect': {'redirected': False, 'bucket': 'fin-scraping-bucket', 'params': {'Bucket': 'fin-scraping-bucket', 'Key': 'CORZ/2024-06-30/webcast.html?webcastid=EJ4HZWZo/webcast.html?webcastid=EJ4HZWZo', 'Body': <_io.BufferedReader name='downloads/webcast.html?webcastid=EJ4HZWZo'>}}, 'input_params': {'Bucket': 'fin-scraping-bucket', 'Key': 'CORZ/2024-06-30/webcast.html?webcastid=EJ4HZWZo/webcast.html?webcastid=EJ4HZWZo'}, 'signing': {'region': 'us-east-1', 'signing_name': 's3', 'disableDoubleEncoding': True}, 'endpoint_properties': {'authSchemes': [{'disableDoubleEncoding': True, 'name': 'sigv4', 'signingName': 's3', 'signingRegion': 'us-east-1'}]}, 'checksum': {'request_algorithm_header': {'name': 'x-amz-sdk-checksum-algorithm', 'value': 'CRC32'}, 'request_algorithm': {'algorithm': 'crc32', 'in': 'trailer', 'name': 'x-amz-checksum-crc32'}}}}
2025-03-23 23:47:29,948 [DEBUG] Event request-created.s3.PutObject: calling handler <bound method RequestSigner.handler of <botocore.signers.RequestSigner object at 0x7e639de21df0>>
2025-03-23 23:47:29,948 [DEBUG] Event choose-signer.s3.PutObject: calling handler <bound method ClientCreator._default_s3_presign_to_sigv2 of <botocore.client.ClientCreator object at 0x7e639cad3410>>
2025-03-23 23:47:29,948 [DEBUG] Event choose-signer.s3.PutObject: calling handler <function set_operation_specific_signer at 0x7e639f146520>
2025-03-23 23:47:29,949 [DEBUG] Event before-sign.s3.PutObject: calling handler <function remove_arn_from_signing_path at 0x7e639f16cc20>
2025-03-23 23:47:29,949 [DEBUG] Event before-sign.s3.PutObject: calling handler <function _set_extra_headers_for_unsigned_request at 0x7e639f16d300>
2025-03-23 23:47:29,949 [DEBUG] Event before-sign.s3.PutObject: calling handler <bound method S3ExpressIdentityResolver.resolve_s3express_identity of <botocore.utils.S3ExpressIdentityResolver object at 0x7e639de54c80>>
2025-03-23 23:47:29,950 [DEBUG] Calculating signature using v4 auth.
2025-03-23 23:47:29,950 [DEBUG] CanonicalRequest:
PUT
/fin-scraping-bucket/CORZ/2024-06-30/webcast.html%3Fwebcastid%3DEJ4HZWZo/webcast.html%3Fwebcastid%3DEJ4HZWZo

content-encoding:aws-chunked
host:3c5636b6cfe0011ec1887ff62b057097.r2.cloudflarestorage.com
x-amz-content-sha256:STREAMING-UNSIGNED-PAYLOAD-TRAILER
x-amz-date:20250323T184729Z
x-amz-decoded-content-length:18599
x-amz-sdk-checksum-algorithm:CRC32
x-amz-trailer:x-amz-checksum-crc32

content-encoding;host;x-amz-content-sha256;x-amz-date;x-amz-decoded-content-length;x-amz-sdk-checksum-algorithm;x-amz-trailer
STREAMING-UNSIGNED-PAYLOAD-TRAILER
2025-03-23 23:47:29,950 [DEBUG] StringToSign:
AWS4-HMAC-SHA256
20250323T184729Z
20250323/us-east-1/s3/aws4_request
517d33b289e08cc9d58ed16eedc001c3d9dbaf6642186c57d9c58cc66d1bb578
2025-03-23 23:47:29,951 [DEBUG] Signature:
52079badfe64023023f5157ada22790b7d2f0871c1305ba1e1350dc453f77b9b
2025-03-23 23:47:29,951 [DEBUG] Event request-created.s3.PutObject: calling handler <bound method UserAgentString.rebuild_and_replace_user_agent_handler of <botocore.useragent.UserAgentString object at 0x7e639de54650>>
2025-03-23 23:47:29,952 [DEBUG] Event request-created.s3.PutObject: calling handler <function add_retry_headers at 0x7e639f16ca40>
2025-03-23 23:47:29,952 [DEBUG] Sending http request: <AWSPreparedRequest stream_output=False, method=PUT, url=https://3c5636b6cfe0011ec1887ff62b057097.r2.cloudflarestorage.com/fin-scraping-bucket/CORZ/2024-06-30/webcast.html%3Fwebcastid%3DEJ4HZWZo/webcast.html%3Fwebcastid%3DEJ4HZWZo, headers={'User-Agent': b'Boto3/1.37.16 md/Botocore#1.37.17 ua/2.1 os/linux#6.11.0-19-generic md/arch#x86_64 lang/python#3.12.3 md/pyimpl#CPython m/N cfg/retry-mode#legacy Botocore/1.37.17', 'Expect': b'100-continue', 'Transfer-Encoding': b'chunked', 'Content-Encoding': b'aws-chunked', 'X-Amz-Trailer': b'x-amz-checksum-crc32', 'X-Amz-Decoded-Content-Length': b'18599', 'x-amz-sdk-checksum-algorithm': b'CRC32', 'X-Amz-Date': b'20250323T184729Z', 'X-Amz-Content-SHA256': b'STREAMING-UNSIGNED-PAYLOAD-TRAILER', 'Authorization': b'AWS4-HMAC-SHA256 Credential=f1ac1dc043a240f996be558cfba72868/20250323/us-east-1/s3/aws4_request, SignedHeaders=content-encoding;host;x-amz-content-sha256;x-amz-date;x-amz-decoded-content-length;x-amz-sdk-checksum-algorithm;x-amz-trailer, Signature=52079badfe64023023f5157ada22790b7d2f0871c1305ba1e1350dc453f77b9b', 'amz-sdk-invocation-id': b'96649fea-20bb-4dd7-9d3a-b5cb349dd63f', 'amz-sdk-request': b'attempt=1'}>
2025-03-23 23:47:29,953 [DEBUG] Certificate path: /home/syed-hassan-ul-haq/repos/fin_scraper/venv/lib/python3.12/site-packages/certifi/cacert.pem
2025-03-23 23:47:29,954 [DEBUG] Starting new HTTPS connection (1): 3c5636b6cfe0011ec1887ff62b057097.r2.cloudflarestorage.com:443
2025-03-23 23:47:30,067 [DEBUG] Waiting for 100 Continue response.
2025-03-23 23:47:30,073 [DEBUG] 100 Continue response seen, now sending request body.
2025-03-23 23:47:32,220 [DEBUG] https://3c5636b6cfe0011ec1887ff62b057097.r2.cloudflarestorage.com:443 "PUT /fin-scraping-bucket/CORZ/2024-06-30/webcast.html%3Fwebcastid%3DEJ4HZWZo/webcast.html%3Fwebcastid%3DEJ4HZWZo HTTP/1.1" 200 0
2025-03-23 23:47:32,221 [DEBUG] Event before-parse.s3.PutObject: calling handler <function _handle_200_error at 0x7e639f16cfe0>
2025-03-23 23:47:32,225 [DEBUG] Event before-parse.s3.PutObject: calling handler <function handle_expires_header at 0x7e639f16ce00>
2025-03-23 23:47:32,225 [DEBUG] Response headers: {'Date': 'Sun, 23 Mar 2025 18:47:32 GMT', 'Content-Type': 'text/plain;charset=UTF-8', 'Content-Length': '0', 'Connection': 'keep-alive', 'ETag': '"11e6a48e5176d465810072bd57630bea"', 'x-amz-checksum-crc32': 'IUpyNA==', 'x-amz-version-id': '7e6a3bab23ec02fe93af19b69201cfaf', 'Vary': 'Accept-Encoding', 'Server': 'cloudflare', 'CF-RAY': '925018fcecfc21ee-KHI'}
2025-03-23 23:47:32,226 [DEBUG] Response body:
b''
2025-03-23 23:47:32,227 [DEBUG] Event needs-retry.s3.PutObject: calling handler <function _update_status_code at 0x7e639f16d120>
2025-03-23 23:47:32,227 [DEBUG] Event needs-retry.s3.PutObject: calling handler <botocore.retryhandler.RetryHandler object at 0x7e639de54bf0>
2025-03-23 23:47:32,228 [DEBUG] No retry needed.
2025-03-23 23:47:32,228 [DEBUG] Event needs-retry.s3.PutObject: calling handler <bound method S3RegionRedirectorv2.redirect_from_error of <botocore.utils.S3RegionRedirectorv2 object at 0x7e639de22270>>
2025-03-23 23:47:32,233 [DEBUG] Constructed data object: {'file_name': 'webcast.html?webcastid=EJ4HZWZo', 'file_type': 'html', 'published_date': '2024-06-30', 'url': 'https://3c5636b6cfe0011ec1887ff62b057097.r2.cloudflarestorage.com/fin-scraping-bucket/CORZ/2024-06-30/webcast.html?webcastid=EJ4HZWZo/webcast.html?webcastid=EJ4HZWZo', 'content_type': ['webcast', 'sec_filing', 'financial_filing', 'presentation', '10-Q', 'three-month-results']}
2025-03-23 23:47:32,240 [DEBUG] Starting new HTTPS connection (1): d1io3yog0oux5.cloudfront.net:443
2025-03-23 23:47:32,343 [DEBUG] https://d1io3yog0oux5.cloudfront.net:443 "GET /_1809aef3bf74227ab43f8f02a5800c1a/corescientific/db/946/9301/presentation/Core+Scientific+Q2+2024+Earnings+Presentation.pdf HTTP/1.1" 200 7598691
2025-03-23 23:47:37,183 [DEBUG] Changing event name from creating-client-class.iot-data to creating-client-class.iot-data-plane
2025-03-23 23:47:37,192 [DEBUG] Changing event name from before-call.apigateway to before-call.api-gateway
2025-03-23 23:47:37,196 [DEBUG] Changing event name from request-created.machinelearning.Predict to request-created.machine-learning.Predict
2025-03-23 23:47:37,206 [DEBUG] Changing event name from before-parameter-build.autoscaling.CreateLaunchConfiguration to before-parameter-build.auto-scaling.CreateLaunchConfiguration
2025-03-23 23:47:37,207 [DEBUG] Changing event name from before-parameter-build.route53 to before-parameter-build.route-53
2025-03-23 23:47:37,212 [DEBUG] Changing event name from request-created.cloudsearchdomain.Search to request-created.cloudsearch-domain.Search
2025-03-23 23:47:37,218 [DEBUG] Changing event name from docs.*.autoscaling.CreateLaunchConfiguration.complete-section to docs.*.auto-scaling.CreateLaunchConfiguration.complete-section
2025-03-23 23:47:37,239 [DEBUG] Changing event name from before-parameter-build.logs.CreateExportTask to before-parameter-build.cloudwatch-logs.CreateExportTask
2025-03-23 23:47:37,240 [DEBUG] Changing event name from docs.*.logs.CreateExportTask.complete-section to docs.*.cloudwatch-logs.CreateExportTask.complete-section
2025-03-23 23:47:37,244 [DEBUG] Changing event name from before-parameter-build.cloudsearchdomain.Search to before-parameter-build.cloudsearch-domain.Search
2025-03-23 23:47:37,246 [DEBUG] Changing event name from docs.*.cloudsearchdomain.Search.complete-section to docs.*.cloudsearch-domain.Search.complete-section
2025-03-23 23:47:37,257 [DEBUG] Loading JSON file: /home/syed-hassan-ul-haq/repos/fin_scraper/venv/lib/python3.12/site-packages/botocore/data/endpoints.json
2025-03-23 23:47:37,390 [DEBUG] Loading JSON file: /home/syed-hassan-ul-haq/repos/fin_scraper/venv/lib/python3.12/site-packages/botocore/data/sdk-default-configuration.json
2025-03-23 23:47:37,392 [DEBUG] Event choose-service-name: calling handler <function handle_service_name_alias at 0x7e639f144b80>
2025-03-23 23:47:37,430 [DEBUG] Loading JSON file: /home/syed-hassan-ul-haq/repos/fin_scraper/venv/lib/python3.12/site-packages/botocore/data/s3/2006-03-01/service-2.json.gz
2025-03-23 23:47:37,454 [DEBUG] Loading JSON file: /home/syed-hassan-ul-haq/repos/fin_scraper/venv/lib/python3.12/site-packages/botocore/data/s3/2006-03-01/service-2.sdk-extras.json
2025-03-23 23:47:37,490 [DEBUG] Loading JSON file: /home/syed-hassan-ul-haq/repos/fin_scraper/venv/lib/python3.12/site-packages/botocore/data/s3/2006-03-01/endpoint-rule-set-1.json.gz
2025-03-23 23:47:37,499 [DEBUG] Loading JSON file: /home/syed-hassan-ul-haq/repos/fin_scraper/venv/lib/python3.12/site-packages/botocore/data/partitions.json
2025-03-23 23:47:37,502 [DEBUG] Event creating-client-class.s3: calling handler <function add_generate_presigned_post at 0x7e639f2d2700>
2025-03-23 23:47:37,503 [DEBUG] Event creating-client-class.s3: calling handler <function lazy_call.<locals>._handler at 0x7e639c78cea0>
2025-03-23 23:47:37,503 [DEBUG] Event creating-client-class.s3: calling handler <function add_generate_presigned_url at 0x7e639f2d2480>
2025-03-23 23:47:37,539 [DEBUG] Setting s3 timeout as (60, 60)
2025-03-23 23:47:37,543 [DEBUG] Loading JSON file: /home/syed-hassan-ul-haq/repos/fin_scraper/venv/lib/python3.12/site-packages/botocore/data/_retry.json
2025-03-23 23:47:37,544 [DEBUG] Registering retry handlers for service: s3
2025-03-23 23:47:37,545 [DEBUG] Registering S3 region redirector handler
2025-03-23 23:47:37,547 [DEBUG] Registering S3Express Identity Resolver
2025-03-23 23:47:37,548 [DEBUG] Event before-parameter-build.s3.PutObject: calling handler <function validate_ascii_metadata at 0x7e639f1476a0>
2025-03-23 23:47:37,549 [DEBUG] Event before-parameter-build.s3.PutObject: calling handler <function sse_md5 at 0x7e639f146980>
2025-03-23 23:47:37,549 [DEBUG] Event before-parameter-build.s3.PutObject: calling handler <function convert_body_to_file_like_object at 0x7e639f16c0e0>
2025-03-23 23:47:37,549 [DEBUG] Event before-parameter-build.s3.PutObject: calling handler <function validate_bucket_name at 0x7e639f1468e0>
2025-03-23 23:47:37,549 [DEBUG] Event before-parameter-build.s3.PutObject: calling handler <function remove_bucket_from_url_paths_from_model at 0x7e639f16cae0>
2025-03-23 23:47:37,549 [DEBUG] Event before-parameter-build.s3.PutObject: calling handler <bound method S3RegionRedirectorv2.annotate_request_context of <botocore.utils.S3RegionRedirectorv2 object at 0x7e639a9b29c0>>
2025-03-23 23:47:37,550 [DEBUG] Event before-parameter-build.s3.PutObject: calling handler <bound method ClientCreator._inject_s3_input_parameters of <botocore.client.ClientCreator object at 0x7e639b912a80>>
2025-03-23 23:47:37,550 [DEBUG] Event before-parameter-build.s3.PutObject: calling handler <function generate_idempotent_uuid at 0x7e639f146700>
2025-03-23 23:47:37,550 [DEBUG] Event before-parameter-build.s3.PutObject: calling handler <function _handle_request_validation_mode_member at 0x7e639f16d260>
2025-03-23 23:47:37,550 [DEBUG] Event before-endpoint-resolution.s3: calling handler <function customize_endpoint_resolver_builtins at 0x7e639f16ccc0>
2025-03-23 23:47:37,551 [DEBUG] Event before-endpoint-resolution.s3: calling handler <bound method S3RegionRedirectorv2.redirect_from_cache of <botocore.utils.S3RegionRedirectorv2 object at 0x7e639a9b29c0>>
2025-03-23 23:47:37,551 [DEBUG] Calling endpoint provider with parameters: {'Bucket': 'fin-scraping-bucket', 'Region': 'us-east-1', 'UseFIPS': False, 'UseDualStack': False, 'Endpoint': 'https://3c5636b6cfe0011ec1887ff62b057097.r2.cloudflarestorage.com', 'ForcePathStyle': True, 'Accelerate': False, 'UseGlobalEndpoint': True, 'Key': 'CORZ/2024-06-30/Core+Scientific+Q2+2024+Earnings+Presentation.pdf/Core+Scientific+Q2+2024+Earnings+Presentation.pdf', 'DisableMultiRegionAccessPoints': False, 'UseArnRegion': True}
2025-03-23 23:47:37,553 [DEBUG] Endpoint provider result: https://3c5636b6cfe0011ec1887ff62b057097.r2.cloudflarestorage.com/fin-scraping-bucket
2025-03-23 23:47:37,553 [DEBUG] Selecting from endpoint provider's list of auth schemes: "sigv4". User selected auth scheme is: "None"
2025-03-23 23:47:37,553 [DEBUG] Selected auth type "v4" as "v4" with signing context params: {'region': 'us-east-1', 'signing_name': 's3', 'disableDoubleEncoding': True}
2025-03-23 23:47:37,554 [DEBUG] Event before-call.s3.PutObject: calling handler <function add_expect_header at 0x7e639f146ca0>
2025-03-23 23:47:37,554 [DEBUG] Adding expect 100 continue header to request.
2025-03-23 23:47:37,555 [DEBUG] Event before-call.s3.PutObject: calling handler <bound method S3ExpressIdentityResolver.apply_signing_cache_key of <botocore.utils.S3ExpressIdentityResolver object at 0x7e639a9b2ff0>>
2025-03-23 23:47:37,555 [DEBUG] Event before-call.s3.PutObject: calling handler <function add_recursion_detection_header at 0x7e639f145b20>
2025-03-23 23:47:37,555 [DEBUG] Event before-call.s3.PutObject: calling handler <function add_query_compatibility_header at 0x7e639f16d1c0>
2025-03-23 23:47:37,555 [DEBUG] Event before-call.s3.PutObject: calling handler <function inject_api_version_header_if_needed at 0x7e639f16c220>
2025-03-23 23:47:37,555 [DEBUG] Making request for OperationModel(name=PutObject) with params: {'url_path': '/CORZ/2024-06-30/Core%2BScientific%2BQ2%2B2024%2BEarnings%2BPresentation.pdf/Core%2BScientific%2BQ2%2B2024%2BEarnings%2BPresentation.pdf', 'query_string': {}, 'method': 'PUT', 'headers': {'User-Agent': 'Boto3/1.37.16 md/Botocore#1.37.17 ua/2.1 os/linux#6.11.0-19-generic md/arch#x86_64 lang/python#3.12.3 md/pyimpl#CPython m/N cfg/retry-mode#legacy Botocore/1.37.17', 'Expect': '100-continue', 'Transfer-Encoding': 'chunked', 'Content-Encoding': 'aws-chunked', 'X-Amz-Trailer': 'x-amz-checksum-crc32', 'X-Amz-Decoded-Content-Length': '7598691', 'x-amz-sdk-checksum-algorithm': 'CRC32'}, 'body': <botocore.httpchecksum.AwsChunkedWrapper object at 0x7e639a9b3860>, 'auth_path': '/fin-scraping-bucket/CORZ/2024-06-30/Core%2BScientific%2BQ2%2B2024%2BEarnings%2BPresentation.pdf/Core%2BScientific%2BQ2%2B2024%2BEarnings%2BPresentation.pdf', 'url': 'https://3c5636b6cfe0011ec1887ff62b057097.r2.cloudflarestorage.com/fin-scraping-bucket/CORZ/2024-06-30/Core%2BScientific%2BQ2%2B2024%2BEarnings%2BPresentation.pdf/Core%2BScientific%2BQ2%2B2024%2BEarnings%2BPresentation.pdf', 'context': {'client_region': 'us-east-1', 'client_config': <botocore.config.Config object at 0x7e639de558e0>, 'has_streaming_input': True, 'auth_type': 'v4', 'unsigned_payload': None, 's3_redirect': {'redirected': False, 'bucket': 'fin-scraping-bucket', 'params': {'Bucket': 'fin-scraping-bucket', 'Key': 'CORZ/2024-06-30/Core+Scientific+Q2+2024+Earnings+Presentation.pdf/Core+Scientific+Q2+2024+Earnings+Presentation.pdf', 'Body': <_io.BufferedReader name='downloads/Core+Scientific+Q2+2024+Earnings+Presentation.pdf'>}}, 'input_params': {'Bucket': 'fin-scraping-bucket', 'Key': 'CORZ/2024-06-30/Core+Scientific+Q2+2024+Earnings+Presentation.pdf/Core+Scientific+Q2+2024+Earnings+Presentation.pdf'}, 'signing': {'region': 'us-east-1', 'signing_name': 's3', 'disableDoubleEncoding': True}, 'endpoint_properties': {'authSchemes': [{'disableDoubleEncoding': True, 'name': 'sigv4', 'signingName': 's3', 'signingRegion': 'us-east-1'}]}, 'checksum': {'request_algorithm_header': {'name': 'x-amz-sdk-checksum-algorithm', 'value': 'CRC32'}, 'request_algorithm': {'algorithm': 'crc32', 'in': 'trailer', 'name': 'x-amz-checksum-crc32'}}}}
2025-03-23 23:47:37,556 [DEBUG] Event request-created.s3.PutObject: calling handler <bound method RequestSigner.handler of <botocore.signers.RequestSigner object at 0x7e639de55910>>
2025-03-23 23:47:37,557 [DEBUG] Event choose-signer.s3.PutObject: calling handler <bound method ClientCreator._default_s3_presign_to_sigv2 of <botocore.client.ClientCreator object at 0x7e639b912a80>>
2025-03-23 23:47:37,557 [DEBUG] Event choose-signer.s3.PutObject: calling handler <function set_operation_specific_signer at 0x7e639f146520>
2025-03-23 23:47:37,557 [DEBUG] Event before-sign.s3.PutObject: calling handler <function remove_arn_from_signing_path at 0x7e639f16cc20>
2025-03-23 23:47:37,558 [DEBUG] Event before-sign.s3.PutObject: calling handler <function _set_extra_headers_for_unsigned_request at 0x7e639f16d300>
2025-03-23 23:47:37,558 [DEBUG] Event before-sign.s3.PutObject: calling handler <bound method S3ExpressIdentityResolver.resolve_s3express_identity of <botocore.utils.S3ExpressIdentityResolver object at 0x7e639a9b2ff0>>
2025-03-23 23:47:37,558 [DEBUG] Calculating signature using v4 auth.
2025-03-23 23:47:37,559 [DEBUG] CanonicalRequest:
PUT
/fin-scraping-bucket/CORZ/2024-06-30/Core%2BScientific%2BQ2%2B2024%2BEarnings%2BPresentation.pdf/Core%2BScientific%2BQ2%2B2024%2BEarnings%2BPresentation.pdf

content-encoding:aws-chunked
host:3c5636b6cfe0011ec1887ff62b057097.r2.cloudflarestorage.com
x-amz-content-sha256:STREAMING-UNSIGNED-PAYLOAD-TRAILER
x-amz-date:20250323T184737Z
x-amz-decoded-content-length:7598691
x-amz-sdk-checksum-algorithm:CRC32
x-amz-trailer:x-amz-checksum-crc32

content-encoding;host;x-amz-content-sha256;x-amz-date;x-amz-decoded-content-length;x-amz-sdk-checksum-algorithm;x-amz-trailer
STREAMING-UNSIGNED-PAYLOAD-TRAILER
2025-03-23 23:47:37,559 [DEBUG] StringToSign:
AWS4-HMAC-SHA256
20250323T184737Z
20250323/us-east-1/s3/aws4_request
3a510d210cb3fe5e4fe063fec0fc1cb1df40b706ed567e61c0a5e4e572523e17
2025-03-23 23:47:37,559 [DEBUG] Signature:
bb5a3966faef4479fb732063d584a33e0fe505705de3a1b66569f5b8c1b3f79d
2025-03-23 23:47:37,560 [DEBUG] Event request-created.s3.PutObject: calling handler <bound method UserAgentString.rebuild_and_replace_user_agent_handler of <botocore.useragent.UserAgentString object at 0x7e639a9b2990>>
2025-03-23 23:47:37,560 [DEBUG] Event request-created.s3.PutObject: calling handler <function add_retry_headers at 0x7e639f16ca40>
2025-03-23 23:47:37,561 [DEBUG] Sending http request: <AWSPreparedRequest stream_output=False, method=PUT, url=https://3c5636b6cfe0011ec1887ff62b057097.r2.cloudflarestorage.com/fin-scraping-bucket/CORZ/2024-06-30/Core%2BScientific%2BQ2%2B2024%2BEarnings%2BPresentation.pdf/Core%2BScientific%2BQ2%2B2024%2BEarnings%2BPresentation.pdf, headers={'User-Agent': b'Boto3/1.37.16 md/Botocore#1.37.17 ua/2.1 os/linux#6.11.0-19-generic md/arch#x86_64 lang/python#3.12.3 md/pyimpl#CPython m/N cfg/retry-mode#legacy Botocore/1.37.17', 'Expect': b'100-continue', 'Transfer-Encoding': b'chunked', 'Content-Encoding': b'aws-chunked', 'X-Amz-Trailer': b'x-amz-checksum-crc32', 'X-Amz-Decoded-Content-Length': b'7598691', 'x-amz-sdk-checksum-algorithm': b'CRC32', 'X-Amz-Date': b'20250323T184737Z', 'X-Amz-Content-SHA256': b'STREAMING-UNSIGNED-PAYLOAD-TRAILER', 'Authorization': b'AWS4-HMAC-SHA256 Credential=f1ac1dc043a240f996be558cfba72868/20250323/us-east-1/s3/aws4_request, SignedHeaders=content-encoding;host;x-amz-content-sha256;x-amz-date;x-amz-decoded-content-length;x-amz-sdk-checksum-algorithm;x-amz-trailer, Signature=bb5a3966faef4479fb732063d584a33e0fe505705de3a1b66569f5b8c1b3f79d', 'amz-sdk-invocation-id': b'09043a0b-7e59-4658-9893-174bdc167eb1', 'amz-sdk-request': b'attempt=1'}>
2025-03-23 23:47:37,562 [DEBUG] Certificate path: /home/syed-hassan-ul-haq/repos/fin_scraper/venv/lib/python3.12/site-packages/certifi/cacert.pem
2025-03-23 23:47:37,563 [DEBUG] Starting new HTTPS connection (1): 3c5636b6cfe0011ec1887ff62b057097.r2.cloudflarestorage.com:443
2025-03-23 23:47:37,667 [DEBUG] Waiting for 100 Continue response.
2025-03-23 23:47:37,676 [DEBUG] 100 Continue response seen, now sending request body.
2025-03-23 23:47:50,139 [DEBUG] https://3c5636b6cfe0011ec1887ff62b057097.r2.cloudflarestorage.com:443 "PUT /fin-scraping-bucket/CORZ/2024-06-30/Core%2BScientific%2BQ2%2B2024%2BEarnings%2BPresentation.pdf/Core%2BScientific%2BQ2%2B2024%2BEarnings%2BPresentation.pdf HTTP/1.1" 200 0
2025-03-23 23:47:50,141 [DEBUG] Event before-parse.s3.PutObject: calling handler <function _handle_200_error at 0x7e639f16cfe0>
2025-03-23 23:47:50,141 [DEBUG] Event before-parse.s3.PutObject: calling handler <function handle_expires_header at 0x7e639f16ce00>
2025-03-23 23:47:50,141 [DEBUG] Response headers: {'Date': 'Sun, 23 Mar 2025 18:47:50 GMT', 'Content-Type': 'text/plain;charset=UTF-8', 'Content-Length': '0', 'Connection': 'keep-alive', 'ETag': '"26a1e6feb1803e8b9f25e7e7cfb07442"', 'x-amz-checksum-crc32': 'KlQ29Q==', 'x-amz-version-id': '7e6a3bab0651162d1e43c56f18820456', 'Vary': 'Accept-Encoding', 'Server': 'cloudflare', 'CF-RAY': '9250192c6f3321f0-KHI'}
2025-03-23 23:47:50,142 [DEBUG] Response body:
b''
2025-03-23 23:47:50,144 [DEBUG] Event needs-retry.s3.PutObject: calling handler <function _update_status_code at 0x7e639f16d120>
2025-03-23 23:47:50,144 [DEBUG] Event needs-retry.s3.PutObject: calling handler <botocore.retryhandler.RetryHandler object at 0x7e639a9b2f60>
2025-03-23 23:47:50,144 [DEBUG] No retry needed.
2025-03-23 23:47:50,145 [DEBUG] Event needs-retry.s3.PutObject: calling handler <bound method S3RegionRedirectorv2.redirect_from_error of <botocore.utils.S3RegionRedirectorv2 object at 0x7e639a9b29c0>>
2025-03-23 23:47:50,151 [DEBUG] Constructed data object: {'file_name': 'Core+Scientific+Q2+2024+Earnings+Presentation.pdf', 'file_type': 'pdf', 'published_date': '2024-06-30', 'url': 'https://3c5636b6cfe0011ec1887ff62b057097.r2.cloudflarestorage.com/fin-scraping-bucket/CORZ/2024-06-30/Core+Scientific+Q2+2024+Earnings+Presentation.pdf/Core+Scientific+Q2+2024+Earnings+Presentation.pdf', 'content_type': ['webcast', 'sec_filing', 'financial_filing', 'presentation', '10-Q', 'three-month-results']}
2025-03-23 23:47:50,157 [DEBUG] Starting new HTTPS connection (1): www.pvh.com:443
2025-03-23 23:47:50,960 [DEBUG] https://www.pvh.com:443 "GET /sec-filings/all-sec-filings/content/0001628280-24-035714/core-20240630.htm HTTP/1.1" 404 1245
2025-03-23 23:47:50,964 [DEBUG] Changing event name from creating-client-class.iot-data to creating-client-class.iot-data-plane
2025-03-23 23:47:50,973 [DEBUG] Changing event name from before-call.apigateway to before-call.api-gateway
2025-03-23 23:47:50,978 [DEBUG] Changing event name from request-created.machinelearning.Predict to request-created.machine-learning.Predict
2025-03-23 23:47:50,987 [DEBUG] Changing event name from before-parameter-build.autoscaling.CreateLaunchConfiguration to before-parameter-build.auto-scaling.CreateLaunchConfiguration
2025-03-23 23:47:50,988 [DEBUG] Changing event name from before-parameter-build.route53 to before-parameter-build.route-53
2025-03-23 23:47:50,992 [DEBUG] Changing event name from request-created.cloudsearchdomain.Search to request-created.cloudsearch-domain.Search
2025-03-23 23:47:50,997 [DEBUG] Changing event name from docs.*.autoscaling.CreateLaunchConfiguration.complete-section to docs.*.auto-scaling.CreateLaunchConfiguration.complete-section
2025-03-23 23:47:51,012 [DEBUG] Changing event name from before-parameter-build.logs.CreateExportTask to before-parameter-build.cloudwatch-logs.CreateExportTask
2025-03-23 23:47:51,013 [DEBUG] Changing event name from docs.*.logs.CreateExportTask.complete-section to docs.*.cloudwatch-logs.CreateExportTask.complete-section
2025-03-23 23:47:51,014 [DEBUG] Changing event name from before-parameter-build.cloudsearchdomain.Search to before-parameter-build.cloudsearch-domain.Search
2025-03-23 23:47:51,015 [DEBUG] Changing event name from docs.*.cloudsearchdomain.Search.complete-section to docs.*.cloudsearch-domain.Search.complete-section
2025-03-23 23:47:51,025 [DEBUG] Loading JSON file: /home/syed-hassan-ul-haq/repos/fin_scraper/venv/lib/python3.12/site-packages/botocore/data/endpoints.json
2025-03-23 23:47:51,126 [DEBUG] Loading JSON file: /home/syed-hassan-ul-haq/repos/fin_scraper/venv/lib/python3.12/site-packages/botocore/data/sdk-default-configuration.json
2025-03-23 23:47:51,127 [DEBUG] Event choose-service-name: calling handler <function handle_service_name_alias at 0x7e639f144b80>
2025-03-23 23:47:51,169 [DEBUG] Loading JSON file: /home/syed-hassan-ul-haq/repos/fin_scraper/venv/lib/python3.12/site-packages/botocore/data/s3/2006-03-01/service-2.json.gz
2025-03-23 23:47:51,187 [DEBUG] Loading JSON file: /home/syed-hassan-ul-haq/repos/fin_scraper/venv/lib/python3.12/site-packages/botocore/data/s3/2006-03-01/service-2.sdk-extras.json
2025-03-23 23:47:51,224 [DEBUG] Loading JSON file: /home/syed-hassan-ul-haq/repos/fin_scraper/venv/lib/python3.12/site-packages/botocore/data/s3/2006-03-01/endpoint-rule-set-1.json.gz
2025-03-23 23:47:51,234 [DEBUG] Loading JSON file: /home/syed-hassan-ul-haq/repos/fin_scraper/venv/lib/python3.12/site-packages/botocore/data/partitions.json
2025-03-23 23:47:51,236 [DEBUG] Event creating-client-class.s3: calling handler <function add_generate_presigned_post at 0x7e639f2d2700>
2025-03-23 23:47:51,237 [DEBUG] Event creating-client-class.s3: calling handler <function lazy_call.<locals>._handler at 0x7e639c435f80>
2025-03-23 23:47:51,237 [DEBUG] Event creating-client-class.s3: calling handler <function add_generate_presigned_url at 0x7e639f2d2480>
2025-03-23 23:47:51,241 [DEBUG] Setting s3 timeout as (60, 60)
2025-03-23 23:47:51,246 [DEBUG] Loading JSON file: /home/syed-hassan-ul-haq/repos/fin_scraper/venv/lib/python3.12/site-packages/botocore/data/_retry.json
2025-03-23 23:47:51,248 [DEBUG] Registering retry handlers for service: s3
2025-03-23 23:47:51,249 [DEBUG] Registering S3 region redirector handler
2025-03-23 23:47:51,251 [DEBUG] Registering S3Express Identity Resolver
2025-03-23 23:48:01,253 [DEBUG] Constructed data object: {'file_name': 'core-20240630.htm', 'file_type': 'html', 'published_date': '2024-06-30', 'url': None, 'content_type': ['webcast', 'sec_filing', 'financial_filing', 'presentation', '10-Q', 'three-month-results']}
2025-03-23 23:48:01,256 [DEBUG] Starting new HTTPS connection (1): www.pvh.com:443
2025-03-23 23:48:01,816 [DEBUG] https://www.pvh.com:443 "GET /sec-filings/all-sec-filings/content/0001628280-24-035714/0001628280-24-035714.pdf HTTP/1.1" 404 1245
2025-03-23 23:48:01,820 [DEBUG] Changing event name from creating-client-class.iot-data to creating-client-class.iot-data-plane
2025-03-23 23:48:01,830 [DEBUG] Changing event name from before-call.apigateway to before-call.api-gateway
2025-03-23 23:48:01,834 [DEBUG] Changing event name from request-created.machinelearning.Predict to request-created.machine-learning.Predict
2025-03-23 23:48:01,843 [DEBUG] Changing event name from before-parameter-build.autoscaling.CreateLaunchConfiguration to before-parameter-build.auto-scaling.CreateLaunchConfiguration
2025-03-23 23:48:01,844 [DEBUG] Changing event name from before-parameter-build.route53 to before-parameter-build.route-53
2025-03-23 23:48:01,849 [DEBUG] Changing event name from request-created.cloudsearchdomain.Search to request-created.cloudsearch-domain.Search
2025-03-23 23:48:01,853 [DEBUG] Changing event name from docs.*.autoscaling.CreateLaunchConfiguration.complete-section to docs.*.auto-scaling.CreateLaunchConfiguration.complete-section
2025-03-23 23:48:01,869 [DEBUG] Changing event name from before-parameter-build.logs.CreateExportTask to before-parameter-build.cloudwatch-logs.CreateExportTask
2025-03-23 23:48:01,870 [DEBUG] Changing event name from docs.*.logs.CreateExportTask.complete-section to docs.*.cloudwatch-logs.CreateExportTask.complete-section
2025-03-23 23:48:01,871 [DEBUG] Changing event name from before-parameter-build.cloudsearchdomain.Search to before-parameter-build.cloudsearch-domain.Search
2025-03-23 23:48:01,872 [DEBUG] Changing event name from docs.*.cloudsearchdomain.Search.complete-section to docs.*.cloudsearch-domain.Search.complete-section
2025-03-23 23:48:01,880 [DEBUG] Loading JSON file: /home/syed-hassan-ul-haq/repos/fin_scraper/venv/lib/python3.12/site-packages/botocore/data/endpoints.json
2025-03-23 23:48:02,020 [DEBUG] Loading JSON file: /home/syed-hassan-ul-haq/repos/fin_scraper/venv/lib/python3.12/site-packages/botocore/data/sdk-default-configuration.json
2025-03-23 23:48:02,021 [DEBUG] Event choose-service-name: calling handler <function handle_service_name_alias at 0x7e639f144b80>
2025-03-23 23:48:02,109 [DEBUG] Loading JSON file: /home/syed-hassan-ul-haq/repos/fin_scraper/venv/lib/python3.12/site-packages/botocore/data/s3/2006-03-01/service-2.json.gz
2025-03-23 23:48:02,142 [DEBUG] Loading JSON file: /home/syed-hassan-ul-haq/repos/fin_scraper/venv/lib/python3.12/site-packages/botocore/data/s3/2006-03-01/service-2.sdk-extras.json
2025-03-23 23:48:02,188 [DEBUG] Loading JSON file: /home/syed-hassan-ul-haq/repos/fin_scraper/venv/lib/python3.12/site-packages/botocore/data/s3/2006-03-01/endpoint-rule-set-1.json.gz
2025-03-23 23:48:02,261 [DEBUG] Loading JSON file: /home/syed-hassan-ul-haq/repos/fin_scraper/venv/lib/python3.12/site-packages/botocore/data/partitions.json
2025-03-23 23:48:02,265 [DEBUG] Event creating-client-class.s3: calling handler <function add_generate_presigned_post at 0x7e639f2d2700>
2025-03-23 23:48:02,266 [DEBUG] Event creating-client-class.s3: calling handler <function lazy_call.<locals>._handler at 0x7e639a9af740>
2025-03-23 23:48:02,266 [DEBUG] Event creating-client-class.s3: calling handler <function add_generate_presigned_url at 0x7e639f2d2480>
2025-03-23 23:48:02,269 [DEBUG] Setting s3 timeout as (60, 60)
2025-03-23 23:48:02,273 [DEBUG] Loading JSON file: /home/syed-hassan-ul-haq/repos/fin_scraper/venv/lib/python3.12/site-packages/botocore/data/_retry.json
2025-03-23 23:48:02,274 [DEBUG] Registering retry handlers for service: s3
2025-03-23 23:48:02,275 [DEBUG] Registering S3 region redirector handler
2025-03-23 23:48:02,276 [DEBUG] Registering S3Express Identity Resolver
2025-03-23 23:48:12,279 [DEBUG] Constructed data object: {'file_name': '0001628280-24-035714.pdf', 'file_type': 'html', 'published_date': '2024-06-30', 'url': None, 'content_type': ['webcast', 'sec_filing', 'financial_filing', 'presentation', '10-Q', 'three-month-results']}
2025-03-23 23:48:12,281 [DEBUG] Starting new HTTPS connection (1): www.pvh.com:443
2025-03-23 23:48:12,770 [DEBUG] https://www.pvh.com:443 "GET /sec-filings/all-sec-filings/content/0001628280-24-035714/0001628280-24-035714-xbrl.zip HTTP/1.1" 404 1245
2025-03-23 23:48:12,773 [DEBUG] Changing event name from creating-client-class.iot-data to creating-client-class.iot-data-plane
2025-03-23 23:48:12,781 [DEBUG] Changing event name from before-call.apigateway to before-call.api-gateway
2025-03-23 23:48:12,784 [DEBUG] Changing event name from request-created.machinelearning.Predict to request-created.machine-learning.Predict
2025-03-23 23:48:12,792 [DEBUG] Changing event name from before-parameter-build.autoscaling.CreateLaunchConfiguration to before-parameter-build.auto-scaling.CreateLaunchConfiguration
2025-03-23 23:48:12,794 [DEBUG] Changing event name from before-parameter-build.route53 to before-parameter-build.route-53
2025-03-23 23:48:12,797 [DEBUG] Changing event name from request-created.cloudsearchdomain.Search to request-created.cloudsearch-domain.Search
2025-03-23 23:48:12,802 [DEBUG] Changing event name from docs.*.autoscaling.CreateLaunchConfiguration.complete-section to docs.*.auto-scaling.CreateLaunchConfiguration.complete-section
2025-03-23 23:48:12,817 [DEBUG] Changing event name from before-parameter-build.logs.CreateExportTask to before-parameter-build.cloudwatch-logs.CreateExportTask
2025-03-23 23:48:12,818 [DEBUG] Changing event name from docs.*.logs.CreateExportTask.complete-section to docs.*.cloudwatch-logs.CreateExportTask.complete-section
2025-03-23 23:48:12,819 [DEBUG] Changing event name from before-parameter-build.cloudsearchdomain.Search to before-parameter-build.cloudsearch-domain.Search
2025-03-23 23:48:12,820 [DEBUG] Changing event name from docs.*.cloudsearchdomain.Search.complete-section to docs.*.cloudsearch-domain.Search.complete-section
2025-03-23 23:48:12,828 [DEBUG] Loading JSON file: /home/syed-hassan-ul-haq/repos/fin_scraper/venv/lib/python3.12/site-packages/botocore/data/endpoints.json
2025-03-23 23:48:12,910 [DEBUG] Loading JSON file: /home/syed-hassan-ul-haq/repos/fin_scraper/venv/lib/python3.12/site-packages/botocore/data/sdk-default-configuration.json
2025-03-23 23:48:12,910 [DEBUG] Event choose-service-name: calling handler <function handle_service_name_alias at 0x7e639f144b80>
2025-03-23 23:48:12,972 [DEBUG] Loading JSON file: /home/syed-hassan-ul-haq/repos/fin_scraper/venv/lib/python3.12/site-packages/botocore/data/s3/2006-03-01/service-2.json.gz
2025-03-23 23:48:12,988 [DEBUG] Loading JSON file: /home/syed-hassan-ul-haq/repos/fin_scraper/venv/lib/python3.12/site-packages/botocore/data/s3/2006-03-01/service-2.sdk-extras.json
2025-03-23 23:48:13,018 [DEBUG] Loading JSON file: /home/syed-hassan-ul-haq/repos/fin_scraper/venv/lib/python3.12/site-packages/botocore/data/s3/2006-03-01/endpoint-rule-set-1.json.gz
2025-03-23 23:48:13,025 [DEBUG] Loading JSON file: /home/syed-hassan-ul-haq/repos/fin_scraper/venv/lib/python3.12/site-packages/botocore/data/partitions.json
2025-03-23 23:48:13,027 [DEBUG] Event creating-client-class.s3: calling handler <function add_generate_presigned_post at 0x7e639f2d2700>
2025-03-23 23:48:13,027 [DEBUG] Event creating-client-class.s3: calling handler <function lazy_call.<locals>._handler at 0x7e639dd704a0>
2025-03-23 23:48:13,028 [DEBUG] Event creating-client-class.s3: calling handler <function add_generate_presigned_url at 0x7e639f2d2480>
2025-03-23 23:48:13,030 [DEBUG] Setting s3 timeout as (60, 60)
2025-03-23 23:48:13,033 [DEBUG] Loading JSON file: /home/syed-hassan-ul-haq/repos/fin_scraper/venv/lib/python3.12/site-packages/botocore/data/_retry.json
2025-03-23 23:48:13,035 [DEBUG] Registering retry handlers for service: s3
2025-03-23 23:48:13,036 [DEBUG] Registering S3 region redirector handler
2025-03-23 23:48:13,037 [DEBUG] Registering S3Express Identity Resolver
2025-03-23 23:48:23,040 [DEBUG] Constructed data object: {'file_name': '0001628280-24-035714-xbrl.zip', 'file_type': 'html', 'published_date': '2024-06-30', 'url': None, 'content_type': ['webcast', 'sec_filing', 'financial_filing', 'presentation', '10-Q', 'three-month-results']}
2025-03-23 23:48:23,040 [DEBUG] Constructed final JSON: {'event_name': 'Q2 2024 Quarter Ended Jun 30, 2024 Earnings Release Earnings Webcast Presentation 10-Q', 'equity_ticker': 'CORZ', 'geography': 'US', 'periodicity': 'non-periodic', 'data': [{'file_name': 'core-scientific-announces-fiscal-second-quarter-2024-results', 'file_type': 'html', 'published_date': '2024-06-30', 'url': 'https://3c5636b6cfe0011ec1887ff62b057097.r2.cloudflarestorage.com/fin-scraping-bucket/CORZ/2024-06-30/core-scientific-announces-fiscal-second-quarter-2024-results/core-scientific-announces-fiscal-second-quarter-2024-results', 'content_type': ['webcast', 'sec_filing', 'financial_filing', 'presentation', '10-Q', 'three-month-results']}, {'file_name': '2024-08-07_Core_Scientific_Announces_Fiscal_Second_Quarter_85.pdf', 'file_type': 'pdf', 'published_date': '2024-06-30', 'url': 'https://3c5636b6cfe0011ec1887ff62b057097.r2.cloudflarestorage.com/fin-scraping-bucket/CORZ/2024-06-30/2024-08-07_Core_Scientific_Announces_Fiscal_Second_Quarter_85.pdf/2024-08-07_Core_Scientific_Announces_Fiscal_Second_Quarter_85.pdf', 'content_type': ['webcast', 'sec_filing', 'financial_filing', 'presentation', '10-Q', 'three-month-results']}, {'file_name': 'webcast.html?webcastid=EJ4HZWZo', 'file_type': 'html', 'published_date': '2024-06-30', 'url': 'https://3c5636b6cfe0011ec1887ff62b057097.r2.cloudflarestorage.com/fin-scraping-bucket/CORZ/2024-06-30/webcast.html?webcastid=EJ4HZWZo/webcast.html?webcastid=EJ4HZWZo', 'content_type': ['webcast', 'sec_filing', 'financial_filing', 'presentation', '10-Q', 'three-month-results']}, {'file_name': 'Core+Scientific+Q2+2024+Earnings+Presentation.pdf', 'file_type': 'pdf', 'published_date': '2024-06-30', 'url': 'https://3c5636b6cfe0011ec1887ff62b057097.r2.cloudflarestorage.com/fin-scraping-bucket/CORZ/2024-06-30/Core+Scientific+Q2+2024+Earnings+Presentation.pdf/Core+Scientific+Q2+2024+Earnings+Presentation.pdf', 'content_type': ['webcast', 'sec_filing', 'financial_filing', 'presentation', '10-Q', 'three-month-results']}, {'file_name': 'core-20240630.htm', 'file_type': 'html', 'published_date': '2024-06-30', 'url': None, 'content_type': ['webcast', 'sec_filing', 'financial_filing', 'presentation', '10-Q', 'three-month-results']}, {'file_name': '0001628280-24-035714.pdf', 'file_type': 'html', 'published_date': '2024-06-30', 'url': None, 'content_type': ['webcast', 'sec_filing', 'financial_filing', 'presentation', '10-Q', 'three-month-results']}, {'file_name': '0001628280-24-035714-xbrl.zip', 'file_type': 'html', 'published_date': '2024-06-30', 'url': None, 'content_type': ['webcast', 'sec_filing', 'financial_filing', 'presentation', '10-Q', 'three-month-results']}]}
2025-03-23 23:48:23,041 [DEBUG] Returning constructed JSON.
2025-03-23 23:48:23,041 [INFO] Snippet #3 -> Event JSON created.
2025-03-23 23:48:23,041 [INFO] Processing snippet #4 / 16
2025-03-23 23:48:23,042 [DEBUG] Starting construct_event_json function.
2025-03-23 23:48:23,042 [DEBUG] html_element length=2832
2025-03-23 23:48:23,042 [DEBUG] equity_ticker=CORZ, geography=US, periodicity=non-periodic
2025-03-23 23:48:23,043 [DEBUG] 

2025-03-23 23:48:23,043 [DEBUG] Original Snippet Text: 
          <div class="col-md-4 results-info">
        <h3>Q1 2024</h3>
                <div class="date">Quarter Ended Mar 31, 2024</div>
                        
      </div>
    
    <div class="col-md-8">     
    

    <div class="result-line">
                        <a href="https://investors.corescientific.com/news-events/press-releases/detail/72/core-scientific-announces-fiscal-first-quarter-2024-results" class="headline-link" aria-label="Earnings Release Q1 2024">
                <span class="headline">Earnings Release</span>
                <span class="result-link link" aria-hidden="true"><span class="eqicon-HTML"></span>HTML</span>
            </a>
            <a href="https://d1io3yog0oux5.cloudfront.net/_1809aef3bf74227ab43f8f02a5800c1a/corescientific/news/2024-05-08_Core_Scientific_Announces_Fiscal_First_Quarter_72.pdf" class="result-link link" target="_blank" rel="noopener" aria-label="Earnings Release Q1 2024 PDF" title="Opens in a new window"><span class="eqicon-PDF"></span>PDF</a>
                </div>

<div class="result-line">
    <a href="https://events.q4inc.com/attendee/954677374" target="_blank" rel="noopener" class="headline-link" aria-label="Earnings Webcast Q1 2024 Audio" title="Opens in a new window">
        <span class="headline">Earnings Webcast</span>
        <span class="result-link link" aria-hidden="true"><span class="eqicon-MP3"></span>Audio</span>
    </a>
</div>
<div class="result-line">
    <a href="https://d1io3yog0oux5.cloudfront.net/_1809aef3bf74227ab43f8f02a5800c1a/corescientific/db/946/9233/presentation/Q1FY2024-Earnings-Presentation.pdf" class="headline-link" target="_blank" rel="noopener" aria-label="Presentation Q1 2024 PDF" title="Opens in a new window">
        <span class="headline">Presentation</span>
        <span class="result-link link" aria-hidden="true"><span class="eqicon-PDF"></span>PDF</span>
    </a>
</div><div class="result-line">
    <a href="/sec-filings/all-sec-filings/content/0001628280-24-021848/core-20240331.htm" class="headline-link" aria-label="10-Q Q1 2024" target="_blank" rel="noopener" title="Opens in a new window">
        <span class="headline">10-Q</span>
        <span class="result-link link" aria-hidden="true"><span class="eqicon-HTML"></span>HTML</span>
    </a>
    <a href="/sec-filings/all-sec-filings/content/0001628280-24-021848/0001628280-24-021848.pdf" class="result-link link" aria-label="10-Q Q1 2024 PDF" target="_blank" rel="noopener" title="Opens in a new window"><span class="eqicon-PDF"></span>PDF</a>
    <a href="/sec-filings/all-sec-filings/content/0001628280-24-021848/0001628280-24-021848-xbrl.zip" aria-label="Download Raw XBRL Zip Files of 10-Q Q1 2024" class="link" target="_blank" rel="noopener" title="Opens in a new window"><span class="eqicon-ZIP"></span>XBRL Zip</a>
</div>    </div>
  
2025-03-23 23:48:23,051 [DEBUG] Original Snippet Text: Q1 2024 Quarter Ended Mar 31, 2024 Earnings Release HTML PDF Earnings Webcast Audio Presentation PDF 10-Q HTML PDF XBRL Zip
2025-03-23 23:48:23,092 [DEBUG] Analyzing Sentence: 'Q1 2024 Quarter Ended Mar 31, 2024 Earnings Release HTML PDF Earnings Webcast Audio Presentation PDF 10-Q HTML PDF XBRL Zip'
2025-03-23 23:48:23,098 [DEBUG] Match found! Token='Quarter' ~ Concept='acquisition' (sim=0.73)
2025-03-23 23:48:23,098 [DEBUG] Cleaning up sentence: 'Q1 2024 Quarter Ended Mar 31, 2024 Earnings Release HTML PDF Earnings Webcast Audio Presentation PDF 10-Q HTML PDF XBRL Zip'
2025-03-23 23:48:23,099 [DEBUG] Final Extracted Event Name: Q1 2024 Quarter Ended Mar 31, 2024 Earnings Release Earnings Webcast Presentation 10-Q
2025-03-23 23:48:23,100 [DEBUG] Extracted event_name=Q1 2024 Quarter Ended Mar 31, 2024 Earnings Release Earnings Webcast Presentation 10-Q
2025-03-23 23:48:23,114 [DEBUG] Extracted published_date=2024-03-31
2025-03-23 23:48:23,114 [DEBUG] 
----------------------------------------------------
2025-03-23 23:48:23,115 [DEBUG] Raw HTML Snippet (truncated):

          <div class="col-md-4 results-info">
        <h3>Q1 2024</h3>
                <div class="date">Quarter Ended Mar 31, 2024</div>
                        
      </div>
    
    <div class="col-md-8">     
    

    <div class="result-line">
                        <a href="https://investors...
2025-03-23 23:48:23,115 [DEBUG] ----------------------------------------------------
2025-03-23 23:48:23,128 [DEBUG] Extracted Text:
Q1 2024 Quarter Ended Mar 31, 2024 Earnings Release HTML PDF Earnings Webcast Audio Presentation PDF 10-Q HTML PDF XBRL Zip Earnings Release HTML https://investors.corescientific.com/news-events/press-releases/detail/72/core-scientific-announces-fiscal-first-quarter-2024-results PDF https://d1io3yog0oux5.cloudfront.net/_1809aef3bf74227ab43f8f02a5800c1a/corescientific/news/2024-05-08_Core_Scientific_Announces_Fiscal_First_Quarter_72.pdf Earnings Webcast Audio https://events.q4inc.com/attendee/954677374 Presentation PDF https://d1io3yog0oux5.cloudfront.net/_1809aef3bf74227ab43f8f02a5800c1a/corescientific/db/946/9233/presentation/Q1FY2024-Earnings-Presentation.pdf 10-Q HTML /sec-filings/all-sec-filings/content/0001628280-24-021848/core-20240331.htm PDF /sec-filings/all-sec-filings/content/0001628280-24-021848/0001628280-24-021848.pdf XBRL Zip /sec-filings/all-sec-filings/content/0001628280-24-021848/0001628280-24-021848-xbrl.zip

2025-03-23 23:48:23,131 [DEBUG] [DICT] Found dictionary-based content types: {'webcast', 'sec_filing', 'financial_filing', 'presentation', '10-Q', 'three-month-results'}
2025-03-23 23:48:23,356 [DEBUG] [SIM] Found similarity-based content types: {'webcast', 'presentation'}
2025-03-23 23:48:23,356 [DEBUG] [UNION] Final content types = {'webcast', 'sec_filing', 'financial_filing', 'presentation', '10-Q', 'three-month-results'}
2025-03-23 23:48:23,356 [DEBUG] Extracted content_type=['webcast', 'sec_filing', 'financial_filing', 'presentation', '10-Q', 'three-month-results']
2025-03-23 23:48:23,359 [DEBUG] Starting new HTTPS connection (1): investors.corescientific.com:443
2025-03-23 23:48:23,787 [DEBUG] https://investors.corescientific.com:443 "GET /news-events/press-releases/detail/72/core-scientific-announces-fiscal-first-quarter-2024-results HTTP/1.1" 200 23559
2025-03-23 23:48:23,883 [DEBUG] Changing event name from creating-client-class.iot-data to creating-client-class.iot-data-plane
2025-03-23 23:48:23,894 [DEBUG] Changing event name from before-call.apigateway to before-call.api-gateway
2025-03-23 23:48:23,898 [DEBUG] Changing event name from request-created.machinelearning.Predict to request-created.machine-learning.Predict
2025-03-23 23:48:23,906 [DEBUG] Changing event name from before-parameter-build.autoscaling.CreateLaunchConfiguration to before-parameter-build.auto-scaling.CreateLaunchConfiguration
2025-03-23 23:48:23,907 [DEBUG] Changing event name from before-parameter-build.route53 to before-parameter-build.route-53
2025-03-23 23:48:23,911 [DEBUG] Changing event name from request-created.cloudsearchdomain.Search to request-created.cloudsearch-domain.Search
2025-03-23 23:48:23,977 [DEBUG] Changing event name from docs.*.autoscaling.CreateLaunchConfiguration.complete-section to docs.*.auto-scaling.CreateLaunchConfiguration.complete-section
2025-03-23 23:48:23,990 [DEBUG] Changing event name from before-parameter-build.logs.CreateExportTask to before-parameter-build.cloudwatch-logs.CreateExportTask
2025-03-23 23:48:23,991 [DEBUG] Changing event name from docs.*.logs.CreateExportTask.complete-section to docs.*.cloudwatch-logs.CreateExportTask.complete-section
2025-03-23 23:48:23,992 [DEBUG] Changing event name from before-parameter-build.cloudsearchdomain.Search to before-parameter-build.cloudsearch-domain.Search
2025-03-23 23:48:23,993 [DEBUG] Changing event name from docs.*.cloudsearchdomain.Search.complete-section to docs.*.cloudsearch-domain.Search.complete-section
2025-03-23 23:48:24,001 [DEBUG] Loading JSON file: /home/syed-hassan-ul-haq/repos/fin_scraper/venv/lib/python3.12/site-packages/botocore/data/endpoints.json
2025-03-23 23:48:24,089 [DEBUG] Loading JSON file: /home/syed-hassan-ul-haq/repos/fin_scraper/venv/lib/python3.12/site-packages/botocore/data/sdk-default-configuration.json
2025-03-23 23:48:24,089 [DEBUG] Event choose-service-name: calling handler <function handle_service_name_alias at 0x7e639f144b80>
2025-03-23 23:48:24,125 [DEBUG] Loading JSON file: /home/syed-hassan-ul-haq/repos/fin_scraper/venv/lib/python3.12/site-packages/botocore/data/s3/2006-03-01/service-2.json.gz
2025-03-23 23:48:24,150 [DEBUG] Loading JSON file: /home/syed-hassan-ul-haq/repos/fin_scraper/venv/lib/python3.12/site-packages/botocore/data/s3/2006-03-01/service-2.sdk-extras.json
2025-03-23 23:48:24,183 [DEBUG] Loading JSON file: /home/syed-hassan-ul-haq/repos/fin_scraper/venv/lib/python3.12/site-packages/botocore/data/s3/2006-03-01/endpoint-rule-set-1.json.gz
2025-03-23 23:48:24,191 [DEBUG] Loading JSON file: /home/syed-hassan-ul-haq/repos/fin_scraper/venv/lib/python3.12/site-packages/botocore/data/partitions.json
2025-03-23 23:48:24,193 [DEBUG] Event creating-client-class.s3: calling handler <function add_generate_presigned_post at 0x7e639f2d2700>
2025-03-23 23:48:24,193 [DEBUG] Event creating-client-class.s3: calling handler <function lazy_call.<locals>._handler at 0x7e639bafc2c0>
2025-03-23 23:48:24,193 [DEBUG] Event creating-client-class.s3: calling handler <function add_generate_presigned_url at 0x7e639f2d2480>
2025-03-23 23:48:24,196 [DEBUG] Setting s3 timeout as (60, 60)
2025-03-23 23:48:24,202 [DEBUG] Loading JSON file: /home/syed-hassan-ul-haq/repos/fin_scraper/venv/lib/python3.12/site-packages/botocore/data/_retry.json
2025-03-23 23:48:24,203 [DEBUG] Registering retry handlers for service: s3
2025-03-23 23:48:24,204 [DEBUG] Registering S3 region redirector handler
2025-03-23 23:48:24,205 [DEBUG] Registering S3Express Identity Resolver
2025-03-23 23:48:24,206 [DEBUG] Event before-parameter-build.s3.PutObject: calling handler <function validate_ascii_metadata at 0x7e639f1476a0>
2025-03-23 23:48:24,207 [DEBUG] Event before-parameter-build.s3.PutObject: calling handler <function sse_md5 at 0x7e639f146980>
2025-03-23 23:48:24,207 [DEBUG] Event before-parameter-build.s3.PutObject: calling handler <function convert_body_to_file_like_object at 0x7e639f16c0e0>
2025-03-23 23:48:24,207 [DEBUG] Event before-parameter-build.s3.PutObject: calling handler <function validate_bucket_name at 0x7e639f1468e0>
2025-03-23 23:48:24,207 [DEBUG] Event before-parameter-build.s3.PutObject: calling handler <function remove_bucket_from_url_paths_from_model at 0x7e639f16cae0>
2025-03-23 23:48:24,208 [DEBUG] Event before-parameter-build.s3.PutObject: calling handler <bound method S3RegionRedirectorv2.annotate_request_context of <botocore.utils.S3RegionRedirectorv2 object at 0x7e639a3a0530>>
2025-03-23 23:48:24,208 [DEBUG] Event before-parameter-build.s3.PutObject: calling handler <bound method ClientCreator._inject_s3_input_parameters of <botocore.client.ClientCreator object at 0x7e639a41d070>>
2025-03-23 23:48:24,208 [DEBUG] Event before-parameter-build.s3.PutObject: calling handler <function generate_idempotent_uuid at 0x7e639f146700>
2025-03-23 23:48:24,209 [DEBUG] Event before-parameter-build.s3.PutObject: calling handler <function _handle_request_validation_mode_member at 0x7e639f16d260>
2025-03-23 23:48:24,209 [DEBUG] Event before-endpoint-resolution.s3: calling handler <function customize_endpoint_resolver_builtins at 0x7e639f16ccc0>
2025-03-23 23:48:24,209 [DEBUG] Event before-endpoint-resolution.s3: calling handler <bound method S3RegionRedirectorv2.redirect_from_cache of <botocore.utils.S3RegionRedirectorv2 object at 0x7e639a3a0530>>
2025-03-23 23:48:24,210 [DEBUG] Calling endpoint provider with parameters: {'Bucket': 'fin-scraping-bucket', 'Region': 'us-east-1', 'UseFIPS': False, 'UseDualStack': False, 'Endpoint': 'https://3c5636b6cfe0011ec1887ff62b057097.r2.cloudflarestorage.com', 'ForcePathStyle': True, 'Accelerate': False, 'UseGlobalEndpoint': True, 'Key': 'CORZ/2024-03-31/core-scientific-announces-fiscal-first-quarter-2024-results/core-scientific-announces-fiscal-first-quarter-2024-results', 'DisableMultiRegionAccessPoints': False, 'UseArnRegion': True}
2025-03-23 23:48:24,211 [DEBUG] Endpoint provider result: https://3c5636b6cfe0011ec1887ff62b057097.r2.cloudflarestorage.com/fin-scraping-bucket
2025-03-23 23:48:24,212 [DEBUG] Selecting from endpoint provider's list of auth schemes: "sigv4". User selected auth scheme is: "None"
2025-03-23 23:48:24,212 [DEBUG] Selected auth type "v4" as "v4" with signing context params: {'region': 'us-east-1', 'signing_name': 's3', 'disableDoubleEncoding': True}
2025-03-23 23:48:24,213 [DEBUG] Event before-call.s3.PutObject: calling handler <function add_expect_header at 0x7e639f146ca0>
2025-03-23 23:48:24,213 [DEBUG] Adding expect 100 continue header to request.
2025-03-23 23:48:24,213 [DEBUG] Event before-call.s3.PutObject: calling handler <bound method S3ExpressIdentityResolver.apply_signing_cache_key of <botocore.utils.S3ExpressIdentityResolver object at 0x7e639a3b2c90>>
2025-03-23 23:48:24,213 [DEBUG] Event before-call.s3.PutObject: calling handler <function add_recursion_detection_header at 0x7e639f145b20>
2025-03-23 23:48:24,214 [DEBUG] Event before-call.s3.PutObject: calling handler <function add_query_compatibility_header at 0x7e639f16d1c0>
2025-03-23 23:48:24,214 [DEBUG] Event before-call.s3.PutObject: calling handler <function inject_api_version_header_if_needed at 0x7e639f16c220>
2025-03-23 23:48:24,214 [DEBUG] Making request for OperationModel(name=PutObject) with params: {'url_path': '/CORZ/2024-03-31/core-scientific-announces-fiscal-first-quarter-2024-results/core-scientific-announces-fiscal-first-quarter-2024-results', 'query_string': {}, 'method': 'PUT', 'headers': {'User-Agent': 'Boto3/1.37.16 md/Botocore#1.37.17 ua/2.1 os/linux#6.11.0-19-generic md/arch#x86_64 lang/python#3.12.3 md/pyimpl#CPython m/N cfg/retry-mode#legacy Botocore/1.37.17', 'Expect': '100-continue', 'Transfer-Encoding': 'chunked', 'Content-Encoding': 'aws-chunked', 'X-Amz-Trailer': 'x-amz-checksum-crc32', 'X-Amz-Decoded-Content-Length': '205348', 'x-amz-sdk-checksum-algorithm': 'CRC32'}, 'body': <botocore.httpchecksum.AwsChunkedWrapper object at 0x7e639a3b3440>, 'auth_path': '/fin-scraping-bucket/CORZ/2024-03-31/core-scientific-announces-fiscal-first-quarter-2024-results/core-scientific-announces-fiscal-first-quarter-2024-results', 'url': 'https://3c5636b6cfe0011ec1887ff62b057097.r2.cloudflarestorage.com/fin-scraping-bucket/CORZ/2024-03-31/core-scientific-announces-fiscal-first-quarter-2024-results/core-scientific-announces-fiscal-first-quarter-2024-results', 'context': {'client_region': 'us-east-1', 'client_config': <botocore.config.Config object at 0x7e639a3a01a0>, 'has_streaming_input': True, 'auth_type': 'v4', 'unsigned_payload': None, 's3_redirect': {'redirected': False, 'bucket': 'fin-scraping-bucket', 'params': {'Bucket': 'fin-scraping-bucket', 'Key': 'CORZ/2024-03-31/core-scientific-announces-fiscal-first-quarter-2024-results/core-scientific-announces-fiscal-first-quarter-2024-results', 'Body': <_io.BufferedReader name='downloads/core-scientific-announces-fiscal-first-quarter-2024-results'>}}, 'input_params': {'Bucket': 'fin-scraping-bucket', 'Key': 'CORZ/2024-03-31/core-scientific-announces-fiscal-first-quarter-2024-results/core-scientific-announces-fiscal-first-quarter-2024-results'}, 'signing': {'region': 'us-east-1', 'signing_name': 's3', 'disableDoubleEncoding': True}, 'endpoint_properties': {'authSchemes': [{'disableDoubleEncoding': True, 'name': 'sigv4', 'signingName': 's3', 'signingRegion': 'us-east-1'}]}, 'checksum': {'request_algorithm_header': {'name': 'x-amz-sdk-checksum-algorithm', 'value': 'CRC32'}, 'request_algorithm': {'algorithm': 'crc32', 'in': 'trailer', 'name': 'x-amz-checksum-crc32'}}}}
2025-03-23 23:48:24,216 [DEBUG] Event request-created.s3.PutObject: calling handler <bound method RequestSigner.handler of <botocore.signers.RequestSigner object at 0x7e639a3a00b0>>
2025-03-23 23:48:24,216 [DEBUG] Event choose-signer.s3.PutObject: calling handler <bound method ClientCreator._default_s3_presign_to_sigv2 of <botocore.client.ClientCreator object at 0x7e639a41d070>>
2025-03-23 23:48:24,216 [DEBUG] Event choose-signer.s3.PutObject: calling handler <function set_operation_specific_signer at 0x7e639f146520>
2025-03-23 23:48:24,217 [DEBUG] Event before-sign.s3.PutObject: calling handler <function remove_arn_from_signing_path at 0x7e639f16cc20>
2025-03-23 23:48:24,217 [DEBUG] Event before-sign.s3.PutObject: calling handler <function _set_extra_headers_for_unsigned_request at 0x7e639f16d300>
2025-03-23 23:48:24,217 [DEBUG] Event before-sign.s3.PutObject: calling handler <bound method S3ExpressIdentityResolver.resolve_s3express_identity of <botocore.utils.S3ExpressIdentityResolver object at 0x7e639a3b2c90>>
2025-03-23 23:48:24,218 [DEBUG] Calculating signature using v4 auth.
2025-03-23 23:48:24,218 [DEBUG] CanonicalRequest:
PUT
/fin-scraping-bucket/CORZ/2024-03-31/core-scientific-announces-fiscal-first-quarter-2024-results/core-scientific-announces-fiscal-first-quarter-2024-results

content-encoding:aws-chunked
host:3c5636b6cfe0011ec1887ff62b057097.r2.cloudflarestorage.com
x-amz-content-sha256:STREAMING-UNSIGNED-PAYLOAD-TRAILER
x-amz-date:20250323T184824Z
x-amz-decoded-content-length:205348
x-amz-sdk-checksum-algorithm:CRC32
x-amz-trailer:x-amz-checksum-crc32

content-encoding;host;x-amz-content-sha256;x-amz-date;x-amz-decoded-content-length;x-amz-sdk-checksum-algorithm;x-amz-trailer
STREAMING-UNSIGNED-PAYLOAD-TRAILER
2025-03-23 23:48:24,218 [DEBUG] StringToSign:
AWS4-HMAC-SHA256
20250323T184824Z
20250323/us-east-1/s3/aws4_request
9809efbf6da6d36d4cdadcccda12752eed89f69854520d252a2536de478c5438
2025-03-23 23:48:24,218 [DEBUG] Signature:
38c0eef0612f0d06a9cb4ce354b054d88e8f9234495484125cf2511e35540756
2025-03-23 23:48:24,219 [DEBUG] Event request-created.s3.PutObject: calling handler <bound method UserAgentString.rebuild_and_replace_user_agent_handler of <botocore.useragent.UserAgentString object at 0x7e639a3b2660>>
2025-03-23 23:48:24,219 [DEBUG] Event request-created.s3.PutObject: calling handler <function add_retry_headers at 0x7e639f16ca40>
2025-03-23 23:48:24,219 [DEBUG] Sending http request: <AWSPreparedRequest stream_output=False, method=PUT, url=https://3c5636b6cfe0011ec1887ff62b057097.r2.cloudflarestorage.com/fin-scraping-bucket/CORZ/2024-03-31/core-scientific-announces-fiscal-first-quarter-2024-results/core-scientific-announces-fiscal-first-quarter-2024-results, headers={'User-Agent': b'Boto3/1.37.16 md/Botocore#1.37.17 ua/2.1 os/linux#6.11.0-19-generic md/arch#x86_64 lang/python#3.12.3 md/pyimpl#CPython m/N cfg/retry-mode#legacy Botocore/1.37.17', 'Expect': b'100-continue', 'Transfer-Encoding': b'chunked', 'Content-Encoding': b'aws-chunked', 'X-Amz-Trailer': b'x-amz-checksum-crc32', 'X-Amz-Decoded-Content-Length': b'205348', 'x-amz-sdk-checksum-algorithm': b'CRC32', 'X-Amz-Date': b'20250323T184824Z', 'X-Amz-Content-SHA256': b'STREAMING-UNSIGNED-PAYLOAD-TRAILER', 'Authorization': b'AWS4-HMAC-SHA256 Credential=f1ac1dc043a240f996be558cfba72868/20250323/us-east-1/s3/aws4_request, SignedHeaders=content-encoding;host;x-amz-content-sha256;x-amz-date;x-amz-decoded-content-length;x-amz-sdk-checksum-algorithm;x-amz-trailer, Signature=38c0eef0612f0d06a9cb4ce354b054d88e8f9234495484125cf2511e35540756', 'amz-sdk-invocation-id': b'd25bc6a4-dc4f-4660-9495-5f7d31ac7f72', 'amz-sdk-request': b'attempt=1'}>
2025-03-23 23:48:24,221 [DEBUG] Certificate path: /home/syed-hassan-ul-haq/repos/fin_scraper/venv/lib/python3.12/site-packages/certifi/cacert.pem
2025-03-23 23:48:24,222 [DEBUG] Starting new HTTPS connection (1): 3c5636b6cfe0011ec1887ff62b057097.r2.cloudflarestorage.com:443
2025-03-23 23:48:24,394 [DEBUG] Waiting for 100 Continue response.
2025-03-23 23:48:24,419 [DEBUG] 100 Continue response seen, now sending request body.
2025-03-23 23:48:26,390 [DEBUG] https://3c5636b6cfe0011ec1887ff62b057097.r2.cloudflarestorage.com:443 "PUT /fin-scraping-bucket/CORZ/2024-03-31/core-scientific-announces-fiscal-first-quarter-2024-results/core-scientific-announces-fiscal-first-quarter-2024-results HTTP/1.1" 200 0
2025-03-23 23:48:26,391 [DEBUG] Event before-parse.s3.PutObject: calling handler <function _handle_200_error at 0x7e639f16cfe0>
2025-03-23 23:48:26,392 [DEBUG] Event before-parse.s3.PutObject: calling handler <function handle_expires_header at 0x7e639f16ce00>
2025-03-23 23:48:26,392 [DEBUG] Response headers: {'Date': 'Sun, 23 Mar 2025 18:48:26 GMT', 'Content-Type': 'text/plain;charset=UTF-8', 'Content-Length': '0', 'Connection': 'keep-alive', 'ETag': '"edb9031ecb69270243a8404dd59a0489"', 'x-amz-checksum-crc32': 'k4Q4DQ==', 'x-amz-version-id': '7e6a3baa500fcafdfe6213a2c1c66d7a', 'Vary': 'Accept-Encoding', 'Server': 'cloudflare', 'CF-RAY': '92501a50985021e3-KHI'}
2025-03-23 23:48:26,393 [DEBUG] Response body:
b''
2025-03-23 23:48:26,394 [DEBUG] Event needs-retry.s3.PutObject: calling handler <function _update_status_code at 0x7e639f16d120>
2025-03-23 23:48:26,395 [DEBUG] Event needs-retry.s3.PutObject: calling handler <botocore.retryhandler.RetryHandler object at 0x7e639a3b2c00>
2025-03-23 23:48:26,395 [DEBUG] No retry needed.
2025-03-23 23:48:26,395 [DEBUG] Event needs-retry.s3.PutObject: calling handler <bound method S3RegionRedirectorv2.redirect_from_error of <botocore.utils.S3RegionRedirectorv2 object at 0x7e639a3a0530>>
2025-03-23 23:48:26,402 [DEBUG] Constructed data object: {'file_name': 'core-scientific-announces-fiscal-first-quarter-2024-results', 'file_type': 'html', 'published_date': '2024-03-31', 'url': 'https://3c5636b6cfe0011ec1887ff62b057097.r2.cloudflarestorage.com/fin-scraping-bucket/CORZ/2024-03-31/core-scientific-announces-fiscal-first-quarter-2024-results/core-scientific-announces-fiscal-first-quarter-2024-results', 'content_type': ['webcast', 'sec_filing', 'financial_filing', 'presentation', '10-Q', 'three-month-results']}
2025-03-23 23:48:26,408 [DEBUG] Starting new HTTPS connection (1): d1io3yog0oux5.cloudfront.net:443
2025-03-23 23:48:26,571 [DEBUG] https://d1io3yog0oux5.cloudfront.net:443 "GET /_1809aef3bf74227ab43f8f02a5800c1a/corescientific/news/2024-05-08_Core_Scientific_Announces_Fiscal_First_Quarter_72.pdf HTTP/1.1" 200 223728
2025-03-23 23:48:26,658 [DEBUG] Changing event name from creating-client-class.iot-data to creating-client-class.iot-data-plane
2025-03-23 23:48:26,668 [DEBUG] Changing event name from before-call.apigateway to before-call.api-gateway
2025-03-23 23:48:26,672 [DEBUG] Changing event name from request-created.machinelearning.Predict to request-created.machine-learning.Predict
2025-03-23 23:48:26,681 [DEBUG] Changing event name from before-parameter-build.autoscaling.CreateLaunchConfiguration to before-parameter-build.auto-scaling.CreateLaunchConfiguration
2025-03-23 23:48:26,682 [DEBUG] Changing event name from before-parameter-build.route53 to before-parameter-build.route-53
2025-03-23 23:48:26,686 [DEBUG] Changing event name from request-created.cloudsearchdomain.Search to request-created.cloudsearch-domain.Search
2025-03-23 23:48:26,691 [DEBUG] Changing event name from docs.*.autoscaling.CreateLaunchConfiguration.complete-section to docs.*.auto-scaling.CreateLaunchConfiguration.complete-section
2025-03-23 23:48:26,709 [DEBUG] Changing event name from before-parameter-build.logs.CreateExportTask to before-parameter-build.cloudwatch-logs.CreateExportTask
2025-03-23 23:48:26,710 [DEBUG] Changing event name from docs.*.logs.CreateExportTask.complete-section to docs.*.cloudwatch-logs.CreateExportTask.complete-section
2025-03-23 23:48:26,711 [DEBUG] Changing event name from before-parameter-build.cloudsearchdomain.Search to before-parameter-build.cloudsearch-domain.Search
2025-03-23 23:48:26,712 [DEBUG] Changing event name from docs.*.cloudsearchdomain.Search.complete-section to docs.*.cloudsearch-domain.Search.complete-section
2025-03-23 23:48:26,722 [DEBUG] Loading JSON file: /home/syed-hassan-ul-haq/repos/fin_scraper/venv/lib/python3.12/site-packages/botocore/data/endpoints.json
2025-03-23 23:48:26,825 [DEBUG] Loading JSON file: /home/syed-hassan-ul-haq/repos/fin_scraper/venv/lib/python3.12/site-packages/botocore/data/sdk-default-configuration.json
2025-03-23 23:48:26,826 [DEBUG] Event choose-service-name: calling handler <function handle_service_name_alias at 0x7e639f144b80>
2025-03-23 23:48:26,906 [DEBUG] Loading JSON file: /home/syed-hassan-ul-haq/repos/fin_scraper/venv/lib/python3.12/site-packages/botocore/data/s3/2006-03-01/service-2.json.gz
2025-03-23 23:48:26,924 [DEBUG] Loading JSON file: /home/syed-hassan-ul-haq/repos/fin_scraper/venv/lib/python3.12/site-packages/botocore/data/s3/2006-03-01/service-2.sdk-extras.json
2025-03-23 23:48:26,958 [DEBUG] Loading JSON file: /home/syed-hassan-ul-haq/repos/fin_scraper/venv/lib/python3.12/site-packages/botocore/data/s3/2006-03-01/endpoint-rule-set-1.json.gz
2025-03-23 23:48:26,969 [DEBUG] Loading JSON file: /home/syed-hassan-ul-haq/repos/fin_scraper/venv/lib/python3.12/site-packages/botocore/data/partitions.json
2025-03-23 23:48:26,972 [DEBUG] Event creating-client-class.s3: calling handler <function add_generate_presigned_post at 0x7e639f2d2700>
2025-03-23 23:48:26,973 [DEBUG] Event creating-client-class.s3: calling handler <function lazy_call.<locals>._handler at 0x7e639a9ad9e0>
2025-03-23 23:48:26,973 [DEBUG] Event creating-client-class.s3: calling handler <function add_generate_presigned_url at 0x7e639f2d2480>
2025-03-23 23:48:27,013 [DEBUG] Setting s3 timeout as (60, 60)
2025-03-23 23:48:27,018 [DEBUG] Loading JSON file: /home/syed-hassan-ul-haq/repos/fin_scraper/venv/lib/python3.12/site-packages/botocore/data/_retry.json
2025-03-23 23:48:27,019 [DEBUG] Registering retry handlers for service: s3
2025-03-23 23:48:27,019 [DEBUG] Registering S3 region redirector handler
2025-03-23 23:48:27,021 [DEBUG] Registering S3Express Identity Resolver
2025-03-23 23:48:27,022 [DEBUG] Event before-parameter-build.s3.PutObject: calling handler <function validate_ascii_metadata at 0x7e639f1476a0>
2025-03-23 23:48:27,022 [DEBUG] Event before-parameter-build.s3.PutObject: calling handler <function sse_md5 at 0x7e639f146980>
2025-03-23 23:48:27,023 [DEBUG] Event before-parameter-build.s3.PutObject: calling handler <function convert_body_to_file_like_object at 0x7e639f16c0e0>
2025-03-23 23:48:27,023 [DEBUG] Event before-parameter-build.s3.PutObject: calling handler <function validate_bucket_name at 0x7e639f1468e0>
2025-03-23 23:48:27,023 [DEBUG] Event before-parameter-build.s3.PutObject: calling handler <function remove_bucket_from_url_paths_from_model at 0x7e639f16cae0>
2025-03-23 23:48:27,024 [DEBUG] Event before-parameter-build.s3.PutObject: calling handler <bound method S3RegionRedirectorv2.annotate_request_context of <botocore.utils.S3RegionRedirectorv2 object at 0x7e6398c40560>>
2025-03-23 23:48:27,024 [DEBUG] Event before-parameter-build.s3.PutObject: calling handler <bound method ClientCreator._inject_s3_input_parameters of <botocore.client.ClientCreator object at 0x7e63990dca40>>
2025-03-23 23:48:27,024 [DEBUG] Event before-parameter-build.s3.PutObject: calling handler <function generate_idempotent_uuid at 0x7e639f146700>
2025-03-23 23:48:27,024 [DEBUG] Event before-parameter-build.s3.PutObject: calling handler <function _handle_request_validation_mode_member at 0x7e639f16d260>
2025-03-23 23:48:27,025 [DEBUG] Event before-endpoint-resolution.s3: calling handler <function customize_endpoint_resolver_builtins at 0x7e639f16ccc0>
2025-03-23 23:48:27,025 [DEBUG] Event before-endpoint-resolution.s3: calling handler <bound method S3RegionRedirectorv2.redirect_from_cache of <botocore.utils.S3RegionRedirectorv2 object at 0x7e6398c40560>>
2025-03-23 23:48:27,025 [DEBUG] Calling endpoint provider with parameters: {'Bucket': 'fin-scraping-bucket', 'Region': 'us-east-1', 'UseFIPS': False, 'UseDualStack': False, 'Endpoint': 'https://3c5636b6cfe0011ec1887ff62b057097.r2.cloudflarestorage.com', 'ForcePathStyle': True, 'Accelerate': False, 'UseGlobalEndpoint': True, 'Key': 'CORZ/2024-03-31/2024-05-08_Core_Scientific_Announces_Fiscal_First_Quarter_72.pdf/2024-05-08_Core_Scientific_Announces_Fiscal_First_Quarter_72.pdf', 'DisableMultiRegionAccessPoints': False, 'UseArnRegion': True}
2025-03-23 23:48:27,026 [DEBUG] Endpoint provider result: https://3c5636b6cfe0011ec1887ff62b057097.r2.cloudflarestorage.com/fin-scraping-bucket
2025-03-23 23:48:27,027 [DEBUG] Selecting from endpoint provider's list of auth schemes: "sigv4". User selected auth scheme is: "None"
2025-03-23 23:48:27,027 [DEBUG] Selected auth type "v4" as "v4" with signing context params: {'region': 'us-east-1', 'signing_name': 's3', 'disableDoubleEncoding': True}
2025-03-23 23:48:27,028 [DEBUG] Event before-call.s3.PutObject: calling handler <function add_expect_header at 0x7e639f146ca0>
2025-03-23 23:48:27,028 [DEBUG] Adding expect 100 continue header to request.
2025-03-23 23:48:27,028 [DEBUG] Event before-call.s3.PutObject: calling handler <bound method S3ExpressIdentityResolver.apply_signing_cache_key of <botocore.utils.S3ExpressIdentityResolver object at 0x7e6398c40b90>>
2025-03-23 23:48:27,028 [DEBUG] Event before-call.s3.PutObject: calling handler <function add_recursion_detection_header at 0x7e639f145b20>
2025-03-23 23:48:27,029 [DEBUG] Event before-call.s3.PutObject: calling handler <function add_query_compatibility_header at 0x7e639f16d1c0>
2025-03-23 23:48:27,029 [DEBUG] Event before-call.s3.PutObject: calling handler <function inject_api_version_header_if_needed at 0x7e639f16c220>
2025-03-23 23:48:27,029 [DEBUG] Making request for OperationModel(name=PutObject) with params: {'url_path': '/CORZ/2024-03-31/2024-05-08_Core_Scientific_Announces_Fiscal_First_Quarter_72.pdf/2024-05-08_Core_Scientific_Announces_Fiscal_First_Quarter_72.pdf', 'query_string': {}, 'method': 'PUT', 'headers': {'User-Agent': 'Boto3/1.37.16 md/Botocore#1.37.17 ua/2.1 os/linux#6.11.0-19-generic md/arch#x86_64 lang/python#3.12.3 md/pyimpl#CPython m/N cfg/retry-mode#legacy Botocore/1.37.17', 'Expect': '100-continue', 'Transfer-Encoding': 'chunked', 'Content-Encoding': 'aws-chunked', 'X-Amz-Trailer': 'x-amz-checksum-crc32', 'X-Amz-Decoded-Content-Length': '223728', 'x-amz-sdk-checksum-algorithm': 'CRC32'}, 'body': <botocore.httpchecksum.AwsChunkedWrapper object at 0x7e6398c41430>, 'auth_path': '/fin-scraping-bucket/CORZ/2024-03-31/2024-05-08_Core_Scientific_Announces_Fiscal_First_Quarter_72.pdf/2024-05-08_Core_Scientific_Announces_Fiscal_First_Quarter_72.pdf', 'url': 'https://3c5636b6cfe0011ec1887ff62b057097.r2.cloudflarestorage.com/fin-scraping-bucket/CORZ/2024-03-31/2024-05-08_Core_Scientific_Announces_Fiscal_First_Quarter_72.pdf/2024-05-08_Core_Scientific_Announces_Fiscal_First_Quarter_72.pdf', 'context': {'client_region': 'us-east-1', 'client_config': <botocore.config.Config object at 0x7e639a3a0470>, 'has_streaming_input': True, 'auth_type': 'v4', 'unsigned_payload': None, 's3_redirect': {'redirected': False, 'bucket': 'fin-scraping-bucket', 'params': {'Bucket': 'fin-scraping-bucket', 'Key': 'CORZ/2024-03-31/2024-05-08_Core_Scientific_Announces_Fiscal_First_Quarter_72.pdf/2024-05-08_Core_Scientific_Announces_Fiscal_First_Quarter_72.pdf', 'Body': <_io.BufferedReader name='downloads/2024-05-08_Core_Scientific_Announces_Fiscal_First_Quarter_72.pdf'>}}, 'input_params': {'Bucket': 'fin-scraping-bucket', 'Key': 'CORZ/2024-03-31/2024-05-08_Core_Scientific_Announces_Fiscal_First_Quarter_72.pdf/2024-05-08_Core_Scientific_Announces_Fiscal_First_Quarter_72.pdf'}, 'signing': {'region': 'us-east-1', 'signing_name': 's3', 'disableDoubleEncoding': True}, 'endpoint_properties': {'authSchemes': [{'disableDoubleEncoding': True, 'name': 'sigv4', 'signingName': 's3', 'signingRegion': 'us-east-1'}]}, 'checksum': {'request_algorithm_header': {'name': 'x-amz-sdk-checksum-algorithm', 'value': 'CRC32'}, 'request_algorithm': {'algorithm': 'crc32', 'in': 'trailer', 'name': 'x-amz-checksum-crc32'}}}}
2025-03-23 23:48:27,030 [DEBUG] Event request-created.s3.PutObject: calling handler <bound method RequestSigner.handler of <botocore.signers.RequestSigner object at 0x7e639a3a0440>>
2025-03-23 23:48:27,031 [DEBUG] Event choose-signer.s3.PutObject: calling handler <bound method ClientCreator._default_s3_presign_to_sigv2 of <botocore.client.ClientCreator object at 0x7e63990dca40>>
2025-03-23 23:48:27,031 [DEBUG] Event choose-signer.s3.PutObject: calling handler <function set_operation_specific_signer at 0x7e639f146520>
2025-03-23 23:48:27,031 [DEBUG] Event before-sign.s3.PutObject: calling handler <function remove_arn_from_signing_path at 0x7e639f16cc20>
2025-03-23 23:48:27,031 [DEBUG] Event before-sign.s3.PutObject: calling handler <function _set_extra_headers_for_unsigned_request at 0x7e639f16d300>
2025-03-23 23:48:27,032 [DEBUG] Event before-sign.s3.PutObject: calling handler <bound method S3ExpressIdentityResolver.resolve_s3express_identity of <botocore.utils.S3ExpressIdentityResolver object at 0x7e6398c40b90>>
2025-03-23 23:48:27,032 [DEBUG] Calculating signature using v4 auth.
2025-03-23 23:48:27,033 [DEBUG] CanonicalRequest:
PUT
/fin-scraping-bucket/CORZ/2024-03-31/2024-05-08_Core_Scientific_Announces_Fiscal_First_Quarter_72.pdf/2024-05-08_Core_Scientific_Announces_Fiscal_First_Quarter_72.pdf

content-encoding:aws-chunked
host:3c5636b6cfe0011ec1887ff62b057097.r2.cloudflarestorage.com
x-amz-content-sha256:STREAMING-UNSIGNED-PAYLOAD-TRAILER
x-amz-date:20250323T184827Z
x-amz-decoded-content-length:223728
x-amz-sdk-checksum-algorithm:CRC32
x-amz-trailer:x-amz-checksum-crc32

content-encoding;host;x-amz-content-sha256;x-amz-date;x-amz-decoded-content-length;x-amz-sdk-checksum-algorithm;x-amz-trailer
STREAMING-UNSIGNED-PAYLOAD-TRAILER
2025-03-23 23:48:27,033 [DEBUG] StringToSign:
AWS4-HMAC-SHA256
20250323T184827Z
20250323/us-east-1/s3/aws4_request
b92cb45065251203573d15b45f39eb7c37278efda6f8c05893661b0e172d5020
2025-03-23 23:48:27,033 [DEBUG] Signature:
f05f349f319aba638849461298293b96120ae77b86d15326ebb3477b598504d3
2025-03-23 23:48:27,034 [DEBUG] Event request-created.s3.PutObject: calling handler <bound method UserAgentString.rebuild_and_replace_user_agent_handler of <botocore.useragent.UserAgentString object at 0x7e6398c40500>>
2025-03-23 23:48:27,034 [DEBUG] Event request-created.s3.PutObject: calling handler <function add_retry_headers at 0x7e639f16ca40>
2025-03-23 23:48:27,035 [DEBUG] Sending http request: <AWSPreparedRequest stream_output=False, method=PUT, url=https://3c5636b6cfe0011ec1887ff62b057097.r2.cloudflarestorage.com/fin-scraping-bucket/CORZ/2024-03-31/2024-05-08_Core_Scientific_Announces_Fiscal_First_Quarter_72.pdf/2024-05-08_Core_Scientific_Announces_Fiscal_First_Quarter_72.pdf, headers={'User-Agent': b'Boto3/1.37.16 md/Botocore#1.37.17 ua/2.1 os/linux#6.11.0-19-generic md/arch#x86_64 lang/python#3.12.3 md/pyimpl#CPython m/N cfg/retry-mode#legacy Botocore/1.37.17', 'Expect': b'100-continue', 'Transfer-Encoding': b'chunked', 'Content-Encoding': b'aws-chunked', 'X-Amz-Trailer': b'x-amz-checksum-crc32', 'X-Amz-Decoded-Content-Length': b'223728', 'x-amz-sdk-checksum-algorithm': b'CRC32', 'X-Amz-Date': b'20250323T184827Z', 'X-Amz-Content-SHA256': b'STREAMING-UNSIGNED-PAYLOAD-TRAILER', 'Authorization': b'AWS4-HMAC-SHA256 Credential=f1ac1dc043a240f996be558cfba72868/20250323/us-east-1/s3/aws4_request, SignedHeaders=content-encoding;host;x-amz-content-sha256;x-amz-date;x-amz-decoded-content-length;x-amz-sdk-checksum-algorithm;x-amz-trailer, Signature=f05f349f319aba638849461298293b96120ae77b86d15326ebb3477b598504d3', 'amz-sdk-invocation-id': b'e8d0f510-8cdf-4037-8226-987cc41ffde5', 'amz-sdk-request': b'attempt=1'}>
2025-03-23 23:48:27,036 [DEBUG] Certificate path: /home/syed-hassan-ul-haq/repos/fin_scraper/venv/lib/python3.12/site-packages/certifi/cacert.pem
2025-03-23 23:48:27,036 [DEBUG] Starting new HTTPS connection (1): 3c5636b6cfe0011ec1887ff62b057097.r2.cloudflarestorage.com:443
2025-03-23 23:48:27,144 [DEBUG] Waiting for 100 Continue response.
2025-03-23 23:48:27,155 [DEBUG] 100 Continue response seen, now sending request body.
2025-03-23 23:48:28,947 [DEBUG] https://3c5636b6cfe0011ec1887ff62b057097.r2.cloudflarestorage.com:443 "PUT /fin-scraping-bucket/CORZ/2024-03-31/2024-05-08_Core_Scientific_Announces_Fiscal_First_Quarter_72.pdf/2024-05-08_Core_Scientific_Announces_Fiscal_First_Quarter_72.pdf HTTP/1.1" 200 0
2025-03-23 23:48:28,948 [DEBUG] Event before-parse.s3.PutObject: calling handler <function _handle_200_error at 0x7e639f16cfe0>
2025-03-23 23:48:28,949 [DEBUG] Event before-parse.s3.PutObject: calling handler <function handle_expires_header at 0x7e639f16ce00>
2025-03-23 23:48:28,949 [DEBUG] Response headers: {'Date': 'Sun, 23 Mar 2025 18:48:28 GMT', 'Content-Type': 'text/plain;charset=UTF-8', 'Content-Length': '0', 'Connection': 'keep-alive', 'ETag': '"32f2641a02e5e96dbe82a26995c1a886"', 'x-amz-checksum-crc32': 'v2FfOA==', 'x-amz-version-id': '7e6a3baa452e00e7a0a3f2e5239b1244', 'Vary': 'Accept-Encoding', 'Server': 'cloudflare', 'CF-RAY': '92501a61bdfa21f2-KHI'}
2025-03-23 23:48:28,950 [DEBUG] Response body:
b''
2025-03-23 23:48:28,951 [DEBUG] Event needs-retry.s3.PutObject: calling handler <function _update_status_code at 0x7e639f16d120>
2025-03-23 23:48:28,952 [DEBUG] Event needs-retry.s3.PutObject: calling handler <botocore.retryhandler.RetryHandler object at 0x7e6398c40b00>
2025-03-23 23:48:28,952 [DEBUG] No retry needed.
2025-03-23 23:48:28,952 [DEBUG] Event needs-retry.s3.PutObject: calling handler <bound method S3RegionRedirectorv2.redirect_from_error of <botocore.utils.S3RegionRedirectorv2 object at 0x7e6398c40560>>
2025-03-23 23:48:28,959 [DEBUG] Constructed data object: {'file_name': '2024-05-08_Core_Scientific_Announces_Fiscal_First_Quarter_72.pdf', 'file_type': 'pdf', 'published_date': '2024-03-31', 'url': 'https://3c5636b6cfe0011ec1887ff62b057097.r2.cloudflarestorage.com/fin-scraping-bucket/CORZ/2024-03-31/2024-05-08_Core_Scientific_Announces_Fiscal_First_Quarter_72.pdf/2024-05-08_Core_Scientific_Announces_Fiscal_First_Quarter_72.pdf', 'content_type': ['webcast', 'sec_filing', 'financial_filing', 'presentation', '10-Q', 'three-month-results']}
2025-03-23 23:48:28,966 [DEBUG] Starting new HTTPS connection (1): events.q4inc.com:443
2025-03-23 23:48:30,278 [DEBUG] https://events.q4inc.com:443 "GET /attendee/954677374 HTTP/1.1" 200 None
2025-03-23 23:48:30,287 [DEBUG] Changing event name from creating-client-class.iot-data to creating-client-class.iot-data-plane
2025-03-23 23:48:30,309 [DEBUG] Changing event name from before-call.apigateway to before-call.api-gateway
2025-03-23 23:48:30,316 [DEBUG] Changing event name from request-created.machinelearning.Predict to request-created.machine-learning.Predict
2025-03-23 23:48:30,330 [DEBUG] Changing event name from before-parameter-build.autoscaling.CreateLaunchConfiguration to before-parameter-build.auto-scaling.CreateLaunchConfiguration
2025-03-23 23:48:30,333 [DEBUG] Changing event name from before-parameter-build.route53 to before-parameter-build.route-53
2025-03-23 23:48:30,340 [DEBUG] Changing event name from request-created.cloudsearchdomain.Search to request-created.cloudsearch-domain.Search
2025-03-23 23:48:30,345 [DEBUG] Changing event name from docs.*.autoscaling.CreateLaunchConfiguration.complete-section to docs.*.auto-scaling.CreateLaunchConfiguration.complete-section
2025-03-23 23:48:30,362 [DEBUG] Changing event name from before-parameter-build.logs.CreateExportTask to before-parameter-build.cloudwatch-logs.CreateExportTask
2025-03-23 23:48:30,364 [DEBUG] Changing event name from docs.*.logs.CreateExportTask.complete-section to docs.*.cloudwatch-logs.CreateExportTask.complete-section
2025-03-23 23:48:30,365 [DEBUG] Changing event name from before-parameter-build.cloudsearchdomain.Search to before-parameter-build.cloudsearch-domain.Search
2025-03-23 23:48:30,366 [DEBUG] Changing event name from docs.*.cloudsearchdomain.Search.complete-section to docs.*.cloudsearch-domain.Search.complete-section
2025-03-23 23:48:30,378 [DEBUG] Loading JSON file: /home/syed-hassan-ul-haq/repos/fin_scraper/venv/lib/python3.12/site-packages/botocore/data/endpoints.json
2025-03-23 23:48:30,512 [DEBUG] Loading JSON file: /home/syed-hassan-ul-haq/repos/fin_scraper/venv/lib/python3.12/site-packages/botocore/data/sdk-default-configuration.json
2025-03-23 23:48:30,514 [DEBUG] Event choose-service-name: calling handler <function handle_service_name_alias at 0x7e639f144b80>
2025-03-23 23:48:30,568 [DEBUG] Loading JSON file: /home/syed-hassan-ul-haq/repos/fin_scraper/venv/lib/python3.12/site-packages/botocore/data/s3/2006-03-01/service-2.json.gz
2025-03-23 23:48:30,592 [DEBUG] Loading JSON file: /home/syed-hassan-ul-haq/repos/fin_scraper/venv/lib/python3.12/site-packages/botocore/data/s3/2006-03-01/service-2.sdk-extras.json
2025-03-23 23:48:30,622 [DEBUG] Loading JSON file: /home/syed-hassan-ul-haq/repos/fin_scraper/venv/lib/python3.12/site-packages/botocore/data/s3/2006-03-01/endpoint-rule-set-1.json.gz
2025-03-23 23:48:30,633 [DEBUG] Loading JSON file: /home/syed-hassan-ul-haq/repos/fin_scraper/venv/lib/python3.12/site-packages/botocore/data/partitions.json
2025-03-23 23:48:30,635 [DEBUG] Event creating-client-class.s3: calling handler <function add_generate_presigned_post at 0x7e639f2d2700>
2025-03-23 23:48:30,635 [DEBUG] Event creating-client-class.s3: calling handler <function lazy_call.<locals>._handler at 0x7e639ec456c0>
2025-03-23 23:48:30,635 [DEBUG] Event creating-client-class.s3: calling handler <function add_generate_presigned_url at 0x7e639f2d2480>
2025-03-23 23:48:30,637 [DEBUG] Setting s3 timeout as (60, 60)
2025-03-23 23:48:30,641 [DEBUG] Loading JSON file: /home/syed-hassan-ul-haq/repos/fin_scraper/venv/lib/python3.12/site-packages/botocore/data/_retry.json
2025-03-23 23:48:30,642 [DEBUG] Registering retry handlers for service: s3
2025-03-23 23:48:30,642 [DEBUG] Registering S3 region redirector handler
2025-03-23 23:48:30,644 [DEBUG] Registering S3Express Identity Resolver
2025-03-23 23:48:30,646 [DEBUG] Event before-parameter-build.s3.PutObject: calling handler <function validate_ascii_metadata at 0x7e639f1476a0>
2025-03-23 23:48:30,647 [DEBUG] Event before-parameter-build.s3.PutObject: calling handler <function sse_md5 at 0x7e639f146980>
2025-03-23 23:48:30,647 [DEBUG] Event before-parameter-build.s3.PutObject: calling handler <function convert_body_to_file_like_object at 0x7e639f16c0e0>
2025-03-23 23:48:30,647 [DEBUG] Event before-parameter-build.s3.PutObject: calling handler <function validate_bucket_name at 0x7e639f1468e0>
2025-03-23 23:48:30,647 [DEBUG] Event before-parameter-build.s3.PutObject: calling handler <function remove_bucket_from_url_paths_from_model at 0x7e639f16cae0>
2025-03-23 23:48:30,647 [DEBUG] Event before-parameter-build.s3.PutObject: calling handler <bound method S3RegionRedirectorv2.annotate_request_context of <botocore.utils.S3RegionRedirectorv2 object at 0x7e63983838f0>>
2025-03-23 23:48:30,647 [DEBUG] Event before-parameter-build.s3.PutObject: calling handler <bound method ClientCreator._inject_s3_input_parameters of <botocore.client.ClientCreator object at 0x7e63987f2a20>>
2025-03-23 23:48:30,648 [DEBUG] Event before-parameter-build.s3.PutObject: calling handler <function generate_idempotent_uuid at 0x7e639f146700>
2025-03-23 23:48:30,648 [DEBUG] Event before-parameter-build.s3.PutObject: calling handler <function _handle_request_validation_mode_member at 0x7e639f16d260>
2025-03-23 23:48:30,648 [DEBUG] Event before-endpoint-resolution.s3: calling handler <function customize_endpoint_resolver_builtins at 0x7e639f16ccc0>
2025-03-23 23:48:30,649 [DEBUG] Event before-endpoint-resolution.s3: calling handler <bound method S3RegionRedirectorv2.redirect_from_cache of <botocore.utils.S3RegionRedirectorv2 object at 0x7e63983838f0>>
2025-03-23 23:48:30,649 [DEBUG] Calling endpoint provider with parameters: {'Bucket': 'fin-scraping-bucket', 'Region': 'us-east-1', 'UseFIPS': False, 'UseDualStack': False, 'Endpoint': 'https://3c5636b6cfe0011ec1887ff62b057097.r2.cloudflarestorage.com', 'ForcePathStyle': True, 'Accelerate': False, 'UseGlobalEndpoint': True, 'Key': 'CORZ/2024-03-31/954677374/954677374', 'DisableMultiRegionAccessPoints': False, 'UseArnRegion': True}
2025-03-23 23:48:30,652 [DEBUG] Endpoint provider result: https://3c5636b6cfe0011ec1887ff62b057097.r2.cloudflarestorage.com/fin-scraping-bucket
2025-03-23 23:48:30,652 [DEBUG] Selecting from endpoint provider's list of auth schemes: "sigv4". User selected auth scheme is: "None"
2025-03-23 23:48:30,653 [DEBUG] Selected auth type "v4" as "v4" with signing context params: {'region': 'us-east-1', 'signing_name': 's3', 'disableDoubleEncoding': True}
2025-03-23 23:48:30,654 [DEBUG] Event before-call.s3.PutObject: calling handler <function add_expect_header at 0x7e639f146ca0>
2025-03-23 23:48:30,654 [DEBUG] Adding expect 100 continue header to request.
2025-03-23 23:48:30,655 [DEBUG] Event before-call.s3.PutObject: calling handler <bound method S3ExpressIdentityResolver.apply_signing_cache_key of <botocore.utils.S3ExpressIdentityResolver object at 0x7e63983c2b10>>
2025-03-23 23:48:30,655 [DEBUG] Event before-call.s3.PutObject: calling handler <function add_recursion_detection_header at 0x7e639f145b20>
2025-03-23 23:48:30,655 [DEBUG] Event before-call.s3.PutObject: calling handler <function add_query_compatibility_header at 0x7e639f16d1c0>
2025-03-23 23:48:30,655 [DEBUG] Event before-call.s3.PutObject: calling handler <function inject_api_version_header_if_needed at 0x7e639f16c220>
2025-03-23 23:48:30,656 [DEBUG] Making request for OperationModel(name=PutObject) with params: {'url_path': '/CORZ/2024-03-31/954677374/954677374', 'query_string': {}, 'method': 'PUT', 'headers': {'User-Agent': 'Boto3/1.37.16 md/Botocore#1.37.17 ua/2.1 os/linux#6.11.0-19-generic md/arch#x86_64 lang/python#3.12.3 md/pyimpl#CPython m/N cfg/retry-mode#legacy Botocore/1.37.17', 'Expect': '100-continue', 'Transfer-Encoding': 'chunked', 'Content-Encoding': 'aws-chunked', 'X-Amz-Trailer': 'x-amz-checksum-crc32', 'X-Amz-Decoded-Content-Length': '2613', 'x-amz-sdk-checksum-algorithm': 'CRC32'}, 'body': <botocore.httpchecksum.AwsChunkedWrapper object at 0x7e63983c32f0>, 'auth_path': '/fin-scraping-bucket/CORZ/2024-03-31/954677374/954677374', 'url': 'https://3c5636b6cfe0011ec1887ff62b057097.r2.cloudflarestorage.com/fin-scraping-bucket/CORZ/2024-03-31/954677374/954677374', 'context': {'client_region': 'us-east-1', 'client_config': <botocore.config.Config object at 0x7e63983834d0>, 'has_streaming_input': True, 'auth_type': 'v4', 'unsigned_payload': None, 's3_redirect': {'redirected': False, 'bucket': 'fin-scraping-bucket', 'params': {'Bucket': 'fin-scraping-bucket', 'Key': 'CORZ/2024-03-31/954677374/954677374', 'Body': <_io.BufferedReader name='downloads/954677374'>}}, 'input_params': {'Bucket': 'fin-scraping-bucket', 'Key': 'CORZ/2024-03-31/954677374/954677374'}, 'signing': {'region': 'us-east-1', 'signing_name': 's3', 'disableDoubleEncoding': True}, 'endpoint_properties': {'authSchemes': [{'disableDoubleEncoding': True, 'name': 'sigv4', 'signingName': 's3', 'signingRegion': 'us-east-1'}]}, 'checksum': {'request_algorithm_header': {'name': 'x-amz-sdk-checksum-algorithm', 'value': 'CRC32'}, 'request_algorithm': {'algorithm': 'crc32', 'in': 'trailer', 'name': 'x-amz-checksum-crc32'}}}}
2025-03-23 23:48:30,657 [DEBUG] Event request-created.s3.PutObject: calling handler <bound method RequestSigner.handler of <botocore.signers.RequestSigner object at 0x7e63983833e0>>
2025-03-23 23:48:30,657 [DEBUG] Event choose-signer.s3.PutObject: calling handler <bound method ClientCreator._default_s3_presign_to_sigv2 of <botocore.client.ClientCreator object at 0x7e63987f2a20>>
2025-03-23 23:48:30,657 [DEBUG] Event choose-signer.s3.PutObject: calling handler <function set_operation_specific_signer at 0x7e639f146520>
2025-03-23 23:48:30,657 [DEBUG] Event before-sign.s3.PutObject: calling handler <function remove_arn_from_signing_path at 0x7e639f16cc20>
2025-03-23 23:48:30,658 [DEBUG] Event before-sign.s3.PutObject: calling handler <function _set_extra_headers_for_unsigned_request at 0x7e639f16d300>
2025-03-23 23:48:30,658 [DEBUG] Event before-sign.s3.PutObject: calling handler <bound method S3ExpressIdentityResolver.resolve_s3express_identity of <botocore.utils.S3ExpressIdentityResolver object at 0x7e63983c2b10>>
2025-03-23 23:48:30,658 [DEBUG] Calculating signature using v4 auth.
2025-03-23 23:48:30,658 [DEBUG] CanonicalRequest:
PUT
/fin-scraping-bucket/CORZ/2024-03-31/954677374/954677374

content-encoding:aws-chunked
host:3c5636b6cfe0011ec1887ff62b057097.r2.cloudflarestorage.com
x-amz-content-sha256:STREAMING-UNSIGNED-PAYLOAD-TRAILER
x-amz-date:20250323T184830Z
x-amz-decoded-content-length:2613
x-amz-sdk-checksum-algorithm:CRC32
x-amz-trailer:x-amz-checksum-crc32

content-encoding;host;x-amz-content-sha256;x-amz-date;x-amz-decoded-content-length;x-amz-sdk-checksum-algorithm;x-amz-trailer
STREAMING-UNSIGNED-PAYLOAD-TRAILER
2025-03-23 23:48:30,659 [DEBUG] StringToSign:
AWS4-HMAC-SHA256
20250323T184830Z
20250323/us-east-1/s3/aws4_request
e63cf02e5cb00516c5fe4563f0c5a95bcf2ad2af0821342de3fb7c4b0edee9ca
2025-03-23 23:48:30,659 [DEBUG] Signature:
301ef84c8daa3ad7083d0a361eb28a62f21444359990d49dc9ff97f84273e3d0
2025-03-23 23:48:30,659 [DEBUG] Event request-created.s3.PutObject: calling handler <bound method UserAgentString.rebuild_and_replace_user_agent_handler of <botocore.useragent.UserAgentString object at 0x7e63983c24b0>>
2025-03-23 23:48:30,660 [DEBUG] Event request-created.s3.PutObject: calling handler <function add_retry_headers at 0x7e639f16ca40>
2025-03-23 23:48:30,660 [DEBUG] Sending http request: <AWSPreparedRequest stream_output=False, method=PUT, url=https://3c5636b6cfe0011ec1887ff62b057097.r2.cloudflarestorage.com/fin-scraping-bucket/CORZ/2024-03-31/954677374/954677374, headers={'User-Agent': b'Boto3/1.37.16 md/Botocore#1.37.17 ua/2.1 os/linux#6.11.0-19-generic md/arch#x86_64 lang/python#3.12.3 md/pyimpl#CPython m/N cfg/retry-mode#legacy Botocore/1.37.17', 'Expect': b'100-continue', 'Transfer-Encoding': b'chunked', 'Content-Encoding': b'aws-chunked', 'X-Amz-Trailer': b'x-amz-checksum-crc32', 'X-Amz-Decoded-Content-Length': b'2613', 'x-amz-sdk-checksum-algorithm': b'CRC32', 'X-Amz-Date': b'20250323T184830Z', 'X-Amz-Content-SHA256': b'STREAMING-UNSIGNED-PAYLOAD-TRAILER', 'Authorization': b'AWS4-HMAC-SHA256 Credential=f1ac1dc043a240f996be558cfba72868/20250323/us-east-1/s3/aws4_request, SignedHeaders=content-encoding;host;x-amz-content-sha256;x-amz-date;x-amz-decoded-content-length;x-amz-sdk-checksum-algorithm;x-amz-trailer, Signature=301ef84c8daa3ad7083d0a361eb28a62f21444359990d49dc9ff97f84273e3d0', 'amz-sdk-invocation-id': b'afddd240-3db9-46f5-91d2-1d20da8f2425', 'amz-sdk-request': b'attempt=1'}>
2025-03-23 23:48:30,661 [DEBUG] Certificate path: /home/syed-hassan-ul-haq/repos/fin_scraper/venv/lib/python3.12/site-packages/certifi/cacert.pem
2025-03-23 23:48:30,662 [DEBUG] Starting new HTTPS connection (1): 3c5636b6cfe0011ec1887ff62b057097.r2.cloudflarestorage.com:443
2025-03-23 23:48:30,978 [DEBUG] Waiting for 100 Continue response.
2025-03-23 23:48:31,060 [DEBUG] 100 Continue response seen, now sending request body.
2025-03-23 23:48:31,406 [DEBUG] https://3c5636b6cfe0011ec1887ff62b057097.r2.cloudflarestorage.com:443 "PUT /fin-scraping-bucket/CORZ/2024-03-31/954677374/954677374 HTTP/1.1" 200 0
2025-03-23 23:48:31,407 [DEBUG] Event before-parse.s3.PutObject: calling handler <function _handle_200_error at 0x7e639f16cfe0>
2025-03-23 23:48:31,408 [DEBUG] Event before-parse.s3.PutObject: calling handler <function handle_expires_header at 0x7e639f16ce00>
2025-03-23 23:48:31,408 [DEBUG] Response headers: {'Date': 'Sun, 23 Mar 2025 18:48:31 GMT', 'Content-Type': 'text/plain;charset=UTF-8', 'Content-Length': '0', 'Connection': 'keep-alive', 'ETag': '"10ce8fa6302e492c1bc8d91f93541ace"', 'x-amz-checksum-crc32': 'KbQa/w==', 'x-amz-version-id': '7e6a3baa3757d996b14731fd7baaa10a', 'Vary': 'Accept-Encoding', 'Server': 'cloudflare', 'CF-RAY': '92501a79e941f875-SIN'}
2025-03-23 23:48:31,409 [DEBUG] Response body:
b''
2025-03-23 23:48:31,410 [DEBUG] Event needs-retry.s3.PutObject: calling handler <function _update_status_code at 0x7e639f16d120>
2025-03-23 23:48:31,410 [DEBUG] Event needs-retry.s3.PutObject: calling handler <botocore.retryhandler.RetryHandler object at 0x7e63983c2a80>
2025-03-23 23:48:31,411 [DEBUG] No retry needed.
2025-03-23 23:48:31,411 [DEBUG] Event needs-retry.s3.PutObject: calling handler <bound method S3RegionRedirectorv2.redirect_from_error of <botocore.utils.S3RegionRedirectorv2 object at 0x7e63983838f0>>
2025-03-23 23:48:31,417 [DEBUG] Constructed data object: {'file_name': '954677374', 'file_type': 'html', 'published_date': '2024-03-31', 'url': 'https://3c5636b6cfe0011ec1887ff62b057097.r2.cloudflarestorage.com/fin-scraping-bucket/CORZ/2024-03-31/954677374/954677374', 'content_type': ['webcast', 'sec_filing', 'financial_filing', 'presentation', '10-Q', 'three-month-results']}
2025-03-23 23:48:31,423 [DEBUG] Starting new HTTPS connection (1): d1io3yog0oux5.cloudfront.net:443
2025-03-23 23:48:31,521 [DEBUG] https://d1io3yog0oux5.cloudfront.net:443 "GET /_1809aef3bf74227ab43f8f02a5800c1a/corescientific/db/946/9233/presentation/Q1FY2024-Earnings-Presentation.pdf HTTP/1.1" 200 4106618
2025-03-23 23:48:32,568 [DEBUG] Changing event name from creating-client-class.iot-data to creating-client-class.iot-data-plane
2025-03-23 23:48:32,583 [DEBUG] Changing event name from before-call.apigateway to before-call.api-gateway
2025-03-23 23:48:32,589 [DEBUG] Changing event name from request-created.machinelearning.Predict to request-created.machine-learning.Predict
2025-03-23 23:48:32,598 [DEBUG] Changing event name from before-parameter-build.autoscaling.CreateLaunchConfiguration to before-parameter-build.auto-scaling.CreateLaunchConfiguration
2025-03-23 23:48:32,600 [DEBUG] Changing event name from before-parameter-build.route53 to before-parameter-build.route-53
2025-03-23 23:48:32,604 [DEBUG] Changing event name from request-created.cloudsearchdomain.Search to request-created.cloudsearch-domain.Search
2025-03-23 23:48:32,609 [DEBUG] Changing event name from docs.*.autoscaling.CreateLaunchConfiguration.complete-section to docs.*.auto-scaling.CreateLaunchConfiguration.complete-section
2025-03-23 23:48:32,628 [DEBUG] Changing event name from before-parameter-build.logs.CreateExportTask to before-parameter-build.cloudwatch-logs.CreateExportTask
2025-03-23 23:48:32,630 [DEBUG] Changing event name from docs.*.logs.CreateExportTask.complete-section to docs.*.cloudwatch-logs.CreateExportTask.complete-section
2025-03-23 23:48:32,631 [DEBUG] Changing event name from before-parameter-build.cloudsearchdomain.Search to before-parameter-build.cloudsearch-domain.Search
2025-03-23 23:48:32,632 [DEBUG] Changing event name from docs.*.cloudsearchdomain.Search.complete-section to docs.*.cloudsearch-domain.Search.complete-section
2025-03-23 23:48:32,643 [DEBUG] Loading JSON file: /home/syed-hassan-ul-haq/repos/fin_scraper/venv/lib/python3.12/site-packages/botocore/data/endpoints.json
2025-03-23 23:48:32,769 [DEBUG] Loading JSON file: /home/syed-hassan-ul-haq/repos/fin_scraper/venv/lib/python3.12/site-packages/botocore/data/sdk-default-configuration.json
2025-03-23 23:48:32,769 [DEBUG] Event choose-service-name: calling handler <function handle_service_name_alias at 0x7e639f144b80>
2025-03-23 23:48:32,808 [DEBUG] Loading JSON file: /home/syed-hassan-ul-haq/repos/fin_scraper/venv/lib/python3.12/site-packages/botocore/data/s3/2006-03-01/service-2.json.gz
2025-03-23 23:48:32,872 [DEBUG] Loading JSON file: /home/syed-hassan-ul-haq/repos/fin_scraper/venv/lib/python3.12/site-packages/botocore/data/s3/2006-03-01/service-2.sdk-extras.json
2025-03-23 23:48:32,901 [DEBUG] Loading JSON file: /home/syed-hassan-ul-haq/repos/fin_scraper/venv/lib/python3.12/site-packages/botocore/data/s3/2006-03-01/endpoint-rule-set-1.json.gz
2025-03-23 23:48:32,908 [DEBUG] Loading JSON file: /home/syed-hassan-ul-haq/repos/fin_scraper/venv/lib/python3.12/site-packages/botocore/data/partitions.json
2025-03-23 23:48:32,911 [DEBUG] Event creating-client-class.s3: calling handler <function add_generate_presigned_post at 0x7e639f2d2700>
2025-03-23 23:48:32,911 [DEBUG] Event creating-client-class.s3: calling handler <function lazy_call.<locals>._handler at 0x7e6398c27e20>
2025-03-23 23:48:32,911 [DEBUG] Event creating-client-class.s3: calling handler <function add_generate_presigned_url at 0x7e639f2d2480>
2025-03-23 23:48:32,914 [DEBUG] Setting s3 timeout as (60, 60)
2025-03-23 23:48:32,919 [DEBUG] Loading JSON file: /home/syed-hassan-ul-haq/repos/fin_scraper/venv/lib/python3.12/site-packages/botocore/data/_retry.json
2025-03-23 23:48:32,920 [DEBUG] Registering retry handlers for service: s3
2025-03-23 23:48:32,921 [DEBUG] Registering S3 region redirector handler
2025-03-23 23:48:32,922 [DEBUG] Registering S3Express Identity Resolver
2025-03-23 23:48:32,924 [DEBUG] Event before-parameter-build.s3.PutObject: calling handler <function validate_ascii_metadata at 0x7e639f1476a0>
2025-03-23 23:48:32,924 [DEBUG] Event before-parameter-build.s3.PutObject: calling handler <function sse_md5 at 0x7e639f146980>
2025-03-23 23:48:32,924 [DEBUG] Event before-parameter-build.s3.PutObject: calling handler <function convert_body_to_file_like_object at 0x7e639f16c0e0>
2025-03-23 23:48:32,924 [DEBUG] Event before-parameter-build.s3.PutObject: calling handler <function validate_bucket_name at 0x7e639f1468e0>
2025-03-23 23:48:32,924 [DEBUG] Event before-parameter-build.s3.PutObject: calling handler <function remove_bucket_from_url_paths_from_model at 0x7e639f16cae0>
2025-03-23 23:48:32,925 [DEBUG] Event before-parameter-build.s3.PutObject: calling handler <bound method S3RegionRedirectorv2.annotate_request_context of <botocore.utils.S3RegionRedirectorv2 object at 0x7e63987f1f10>>
2025-03-23 23:48:32,925 [DEBUG] Event before-parameter-build.s3.PutObject: calling handler <bound method ClientCreator._inject_s3_input_parameters of <botocore.client.ClientCreator object at 0x7e6397de4e00>>
2025-03-23 23:48:32,925 [DEBUG] Event before-parameter-build.s3.PutObject: calling handler <function generate_idempotent_uuid at 0x7e639f146700>
2025-03-23 23:48:32,925 [DEBUG] Event before-parameter-build.s3.PutObject: calling handler <function _handle_request_validation_mode_member at 0x7e639f16d260>
2025-03-23 23:48:32,926 [DEBUG] Event before-endpoint-resolution.s3: calling handler <function customize_endpoint_resolver_builtins at 0x7e639f16ccc0>
2025-03-23 23:48:32,926 [DEBUG] Event before-endpoint-resolution.s3: calling handler <bound method S3RegionRedirectorv2.redirect_from_cache of <botocore.utils.S3RegionRedirectorv2 object at 0x7e63987f1f10>>
2025-03-23 23:48:32,926 [DEBUG] Calling endpoint provider with parameters: {'Bucket': 'fin-scraping-bucket', 'Region': 'us-east-1', 'UseFIPS': False, 'UseDualStack': False, 'Endpoint': 'https://3c5636b6cfe0011ec1887ff62b057097.r2.cloudflarestorage.com', 'ForcePathStyle': True, 'Accelerate': False, 'UseGlobalEndpoint': True, 'Key': 'CORZ/2024-03-31/Q1FY2024-Earnings-Presentation.pdf/Q1FY2024-Earnings-Presentation.pdf', 'DisableMultiRegionAccessPoints': False, 'UseArnRegion': True}
2025-03-23 23:48:32,927 [DEBUG] Endpoint provider result: https://3c5636b6cfe0011ec1887ff62b057097.r2.cloudflarestorage.com/fin-scraping-bucket
2025-03-23 23:48:32,928 [DEBUG] Selecting from endpoint provider's list of auth schemes: "sigv4". User selected auth scheme is: "None"
2025-03-23 23:48:32,928 [DEBUG] Selected auth type "v4" as "v4" with signing context params: {'region': 'us-east-1', 'signing_name': 's3', 'disableDoubleEncoding': True}
2025-03-23 23:48:32,929 [DEBUG] Event before-call.s3.PutObject: calling handler <function add_expect_header at 0x7e639f146ca0>
2025-03-23 23:48:32,929 [DEBUG] Adding expect 100 continue header to request.
2025-03-23 23:48:32,929 [DEBUG] Event before-call.s3.PutObject: calling handler <bound method S3ExpressIdentityResolver.apply_signing_cache_key of <botocore.utils.S3ExpressIdentityResolver object at 0x7e63987f1850>>
2025-03-23 23:48:32,929 [DEBUG] Event before-call.s3.PutObject: calling handler <function add_recursion_detection_header at 0x7e639f145b20>
2025-03-23 23:48:32,930 [DEBUG] Event before-call.s3.PutObject: calling handler <function add_query_compatibility_header at 0x7e639f16d1c0>
2025-03-23 23:48:32,930 [DEBUG] Event before-call.s3.PutObject: calling handler <function inject_api_version_header_if_needed at 0x7e639f16c220>
2025-03-23 23:48:32,930 [DEBUG] Making request for OperationModel(name=PutObject) with params: {'url_path': '/CORZ/2024-03-31/Q1FY2024-Earnings-Presentation.pdf/Q1FY2024-Earnings-Presentation.pdf', 'query_string': {}, 'method': 'PUT', 'headers': {'User-Agent': 'Boto3/1.37.16 md/Botocore#1.37.17 ua/2.1 os/linux#6.11.0-19-generic md/arch#x86_64 lang/python#3.12.3 md/pyimpl#CPython m/N cfg/retry-mode#legacy Botocore/1.37.17', 'Expect': '100-continue', 'Transfer-Encoding': 'chunked', 'Content-Encoding': 'aws-chunked', 'X-Amz-Trailer': 'x-amz-checksum-crc32', 'X-Amz-Decoded-Content-Length': '4106618', 'x-amz-sdk-checksum-algorithm': 'CRC32'}, 'body': <botocore.httpchecksum.AwsChunkedWrapper object at 0x7e63987f3ec0>, 'auth_path': '/fin-scraping-bucket/CORZ/2024-03-31/Q1FY2024-Earnings-Presentation.pdf/Q1FY2024-Earnings-Presentation.pdf', 'url': 'https://3c5636b6cfe0011ec1887ff62b057097.r2.cloudflarestorage.com/fin-scraping-bucket/CORZ/2024-03-31/Q1FY2024-Earnings-Presentation.pdf/Q1FY2024-Earnings-Presentation.pdf', 'context': {'client_region': 'us-east-1', 'client_config': <botocore.config.Config object at 0x7e639832a510>, 'has_streaming_input': True, 'auth_type': 'v4', 'unsigned_payload': None, 's3_redirect': {'redirected': False, 'bucket': 'fin-scraping-bucket', 'params': {'Bucket': 'fin-scraping-bucket', 'Key': 'CORZ/2024-03-31/Q1FY2024-Earnings-Presentation.pdf/Q1FY2024-Earnings-Presentation.pdf', 'Body': <_io.BufferedReader name='downloads/Q1FY2024-Earnings-Presentation.pdf'>}}, 'input_params': {'Bucket': 'fin-scraping-bucket', 'Key': 'CORZ/2024-03-31/Q1FY2024-Earnings-Presentation.pdf/Q1FY2024-Earnings-Presentation.pdf'}, 'signing': {'region': 'us-east-1', 'signing_name': 's3', 'disableDoubleEncoding': True}, 'endpoint_properties': {'authSchemes': [{'disableDoubleEncoding': True, 'name': 'sigv4', 'signingName': 's3', 'signingRegion': 'us-east-1'}]}, 'checksum': {'request_algorithm_header': {'name': 'x-amz-sdk-checksum-algorithm', 'value': 'CRC32'}, 'request_algorithm': {'algorithm': 'crc32', 'in': 'trailer', 'name': 'x-amz-checksum-crc32'}}}}
2025-03-23 23:48:32,931 [DEBUG] Event request-created.s3.PutObject: calling handler <bound method RequestSigner.handler of <botocore.signers.RequestSigner object at 0x7e639832a570>>
2025-03-23 23:48:32,932 [DEBUG] Event choose-signer.s3.PutObject: calling handler <bound method ClientCreator._default_s3_presign_to_sigv2 of <botocore.client.ClientCreator object at 0x7e6397de4e00>>
2025-03-23 23:48:32,932 [DEBUG] Event choose-signer.s3.PutObject: calling handler <function set_operation_specific_signer at 0x7e639f146520>
2025-03-23 23:48:32,932 [DEBUG] Event before-sign.s3.PutObject: calling handler <function remove_arn_from_signing_path at 0x7e639f16cc20>
2025-03-23 23:48:32,933 [DEBUG] Event before-sign.s3.PutObject: calling handler <function _set_extra_headers_for_unsigned_request at 0x7e639f16d300>
2025-03-23 23:48:32,933 [DEBUG] Event before-sign.s3.PutObject: calling handler <bound method S3ExpressIdentityResolver.resolve_s3express_identity of <botocore.utils.S3ExpressIdentityResolver object at 0x7e63987f1850>>
2025-03-23 23:48:32,933 [DEBUG] Calculating signature using v4 auth.
2025-03-23 23:48:32,934 [DEBUG] CanonicalRequest:
PUT
/fin-scraping-bucket/CORZ/2024-03-31/Q1FY2024-Earnings-Presentation.pdf/Q1FY2024-Earnings-Presentation.pdf

content-encoding:aws-chunked
host:3c5636b6cfe0011ec1887ff62b057097.r2.cloudflarestorage.com
x-amz-content-sha256:STREAMING-UNSIGNED-PAYLOAD-TRAILER
x-amz-date:20250323T184832Z
x-amz-decoded-content-length:4106618
x-amz-sdk-checksum-algorithm:CRC32
x-amz-trailer:x-amz-checksum-crc32

content-encoding;host;x-amz-content-sha256;x-amz-date;x-amz-decoded-content-length;x-amz-sdk-checksum-algorithm;x-amz-trailer
STREAMING-UNSIGNED-PAYLOAD-TRAILER
2025-03-23 23:48:32,934 [DEBUG] StringToSign:
AWS4-HMAC-SHA256
20250323T184832Z
20250323/us-east-1/s3/aws4_request
a4d84d8a76d9f6f7b1320bfd5dcb045e2efec5aa974278ae01fbe43dc931ac9b
2025-03-23 23:48:32,934 [DEBUG] Signature:
65d552fcd7acea403d062bf804d700ea9a119eab3d33b6575cf3b7a2efb69f1a
2025-03-23 23:48:32,935 [DEBUG] Event request-created.s3.PutObject: calling handler <bound method UserAgentString.rebuild_and_replace_user_agent_handler of <botocore.useragent.UserAgentString object at 0x7e63987f1ee0>>
2025-03-23 23:48:32,936 [DEBUG] Event request-created.s3.PutObject: calling handler <function add_retry_headers at 0x7e639f16ca40>
2025-03-23 23:48:32,936 [DEBUG] Sending http request: <AWSPreparedRequest stream_output=False, method=PUT, url=https://3c5636b6cfe0011ec1887ff62b057097.r2.cloudflarestorage.com/fin-scraping-bucket/CORZ/2024-03-31/Q1FY2024-Earnings-Presentation.pdf/Q1FY2024-Earnings-Presentation.pdf, headers={'User-Agent': b'Boto3/1.37.16 md/Botocore#1.37.17 ua/2.1 os/linux#6.11.0-19-generic md/arch#x86_64 lang/python#3.12.3 md/pyimpl#CPython m/N cfg/retry-mode#legacy Botocore/1.37.17', 'Expect': b'100-continue', 'Transfer-Encoding': b'chunked', 'Content-Encoding': b'aws-chunked', 'X-Amz-Trailer': b'x-amz-checksum-crc32', 'X-Amz-Decoded-Content-Length': b'4106618', 'x-amz-sdk-checksum-algorithm': b'CRC32', 'X-Amz-Date': b'20250323T184832Z', 'X-Amz-Content-SHA256': b'STREAMING-UNSIGNED-PAYLOAD-TRAILER', 'Authorization': b'AWS4-HMAC-SHA256 Credential=f1ac1dc043a240f996be558cfba72868/20250323/us-east-1/s3/aws4_request, SignedHeaders=content-encoding;host;x-amz-content-sha256;x-amz-date;x-amz-decoded-content-length;x-amz-sdk-checksum-algorithm;x-amz-trailer, Signature=65d552fcd7acea403d062bf804d700ea9a119eab3d33b6575cf3b7a2efb69f1a', 'amz-sdk-invocation-id': b'0f04a28c-e335-4087-8918-e71a9d2f3904', 'amz-sdk-request': b'attempt=1'}>
2025-03-23 23:48:32,937 [DEBUG] Certificate path: /home/syed-hassan-ul-haq/repos/fin_scraper/venv/lib/python3.12/site-packages/certifi/cacert.pem
2025-03-23 23:48:32,938 [DEBUG] Starting new HTTPS connection (1): 3c5636b6cfe0011ec1887ff62b057097.r2.cloudflarestorage.com:443
2025-03-23 23:48:33,033 [DEBUG] Waiting for 100 Continue response.
2025-03-23 23:48:33,040 [DEBUG] 100 Continue response seen, now sending request body.
2025-03-23 23:48:39,801 [DEBUG] https://3c5636b6cfe0011ec1887ff62b057097.r2.cloudflarestorage.com:443 "PUT /fin-scraping-bucket/CORZ/2024-03-31/Q1FY2024-Earnings-Presentation.pdf/Q1FY2024-Earnings-Presentation.pdf HTTP/1.1" 200 0
2025-03-23 23:48:39,803 [DEBUG] Event before-parse.s3.PutObject: calling handler <function _handle_200_error at 0x7e639f16cfe0>
2025-03-23 23:48:39,803 [DEBUG] Event before-parse.s3.PutObject: calling handler <function handle_expires_header at 0x7e639f16ce00>
2025-03-23 23:48:39,804 [DEBUG] Response headers: {'Date': 'Sun, 23 Mar 2025 18:48:39 GMT', 'Content-Type': 'text/plain;charset=UTF-8', 'Content-Length': '0', 'Connection': 'keep-alive', 'ETag': '"72a75c0f408d65a045bc5ee265f44526"', 'x-amz-checksum-crc32': '14FzXA==', 'x-amz-version-id': '7e6a3baa2e4f40a34b67497c1e357ceb', 'Vary': 'Accept-Encoding', 'Server': 'cloudflare', 'CF-RAY': '92501a867e7321f5-KHI'}
2025-03-23 23:48:39,804 [DEBUG] Response body:
b''
2025-03-23 23:48:39,806 [DEBUG] Event needs-retry.s3.PutObject: calling handler <function _update_status_code at 0x7e639f16d120>
2025-03-23 23:48:39,806 [DEBUG] Event needs-retry.s3.PutObject: calling handler <botocore.retryhandler.RetryHandler object at 0x7e63987f1880>
2025-03-23 23:48:39,807 [DEBUG] No retry needed.
2025-03-23 23:48:39,807 [DEBUG] Event needs-retry.s3.PutObject: calling handler <bound method S3RegionRedirectorv2.redirect_from_error of <botocore.utils.S3RegionRedirectorv2 object at 0x7e63987f1f10>>
2025-03-23 23:48:39,814 [DEBUG] Constructed data object: {'file_name': 'Q1FY2024-Earnings-Presentation.pdf', 'file_type': 'pdf', 'published_date': '2024-03-31', 'url': 'https://3c5636b6cfe0011ec1887ff62b057097.r2.cloudflarestorage.com/fin-scraping-bucket/CORZ/2024-03-31/Q1FY2024-Earnings-Presentation.pdf/Q1FY2024-Earnings-Presentation.pdf', 'content_type': ['webcast', 'sec_filing', 'financial_filing', 'presentation', '10-Q', 'three-month-results']}
2025-03-23 23:48:39,819 [DEBUG] Starting new HTTPS connection (1): www.pvh.com:443
2025-03-23 23:48:40,417 [DEBUG] https://www.pvh.com:443 "GET /sec-filings/all-sec-filings/content/0001628280-24-021848/core-20240331.htm HTTP/1.1" 404 1245
2025-03-23 23:48:40,421 [DEBUG] Changing event name from creating-client-class.iot-data to creating-client-class.iot-data-plane
2025-03-23 23:48:40,430 [DEBUG] Changing event name from before-call.apigateway to before-call.api-gateway
2025-03-23 23:48:40,434 [DEBUG] Changing event name from request-created.machinelearning.Predict to request-created.machine-learning.Predict
2025-03-23 23:48:40,443 [DEBUG] Changing event name from before-parameter-build.autoscaling.CreateLaunchConfiguration to before-parameter-build.auto-scaling.CreateLaunchConfiguration
2025-03-23 23:48:40,444 [DEBUG] Changing event name from before-parameter-build.route53 to before-parameter-build.route-53
2025-03-23 23:48:40,449 [DEBUG] Changing event name from request-created.cloudsearchdomain.Search to request-created.cloudsearch-domain.Search
2025-03-23 23:48:40,453 [DEBUG] Changing event name from docs.*.autoscaling.CreateLaunchConfiguration.complete-section to docs.*.auto-scaling.CreateLaunchConfiguration.complete-section
2025-03-23 23:48:40,468 [DEBUG] Changing event name from before-parameter-build.logs.CreateExportTask to before-parameter-build.cloudwatch-logs.CreateExportTask
2025-03-23 23:48:40,471 [DEBUG] Changing event name from docs.*.logs.CreateExportTask.complete-section to docs.*.cloudwatch-logs.CreateExportTask.complete-section
2025-03-23 23:48:40,472 [DEBUG] Changing event name from before-parameter-build.cloudsearchdomain.Search to before-parameter-build.cloudsearch-domain.Search
2025-03-23 23:48:40,473 [DEBUG] Changing event name from docs.*.cloudsearchdomain.Search.complete-section to docs.*.cloudsearch-domain.Search.complete-section
2025-03-23 23:48:40,483 [DEBUG] Loading JSON file: /home/syed-hassan-ul-haq/repos/fin_scraper/venv/lib/python3.12/site-packages/botocore/data/endpoints.json
2025-03-23 23:48:40,574 [DEBUG] Loading JSON file: /home/syed-hassan-ul-haq/repos/fin_scraper/venv/lib/python3.12/site-packages/botocore/data/sdk-default-configuration.json
2025-03-23 23:48:40,575 [DEBUG] Event choose-service-name: calling handler <function handle_service_name_alias at 0x7e639f144b80>
2025-03-23 23:48:40,616 [DEBUG] Loading JSON file: /home/syed-hassan-ul-haq/repos/fin_scraper/venv/lib/python3.12/site-packages/botocore/data/s3/2006-03-01/service-2.json.gz
2025-03-23 23:48:40,638 [DEBUG] Loading JSON file: /home/syed-hassan-ul-haq/repos/fin_scraper/venv/lib/python3.12/site-packages/botocore/data/s3/2006-03-01/service-2.sdk-extras.json
2025-03-23 23:48:40,669 [DEBUG] Loading JSON file: /home/syed-hassan-ul-haq/repos/fin_scraper/venv/lib/python3.12/site-packages/botocore/data/s3/2006-03-01/endpoint-rule-set-1.json.gz
2025-03-23 23:48:40,676 [DEBUG] Loading JSON file: /home/syed-hassan-ul-haq/repos/fin_scraper/venv/lib/python3.12/site-packages/botocore/data/partitions.json
2025-03-23 23:48:40,679 [DEBUG] Event creating-client-class.s3: calling handler <function add_generate_presigned_post at 0x7e639f2d2700>
2025-03-23 23:48:40,679 [DEBUG] Event creating-client-class.s3: calling handler <function lazy_call.<locals>._handler at 0x7e639c435f80>
2025-03-23 23:48:40,679 [DEBUG] Event creating-client-class.s3: calling handler <function add_generate_presigned_url at 0x7e639f2d2480>
2025-03-23 23:48:40,683 [DEBUG] Setting s3 timeout as (60, 60)
2025-03-23 23:48:40,687 [DEBUG] Loading JSON file: /home/syed-hassan-ul-haq/repos/fin_scraper/venv/lib/python3.12/site-packages/botocore/data/_retry.json
2025-03-23 23:48:40,689 [DEBUG] Registering retry handlers for service: s3
2025-03-23 23:48:40,689 [DEBUG] Registering S3 region redirector handler
2025-03-23 23:48:40,690 [DEBUG] Registering S3Express Identity Resolver
2025-03-23 23:48:50,693 [DEBUG] Constructed data object: {'file_name': 'core-20240331.htm', 'file_type': 'html', 'published_date': '2024-03-31', 'url': None, 'content_type': ['webcast', 'sec_filing', 'financial_filing', 'presentation', '10-Q', 'three-month-results']}
2025-03-23 23:48:50,696 [DEBUG] Starting new HTTPS connection (1): www.pvh.com:443
2025-03-23 23:48:51,328 [DEBUG] https://www.pvh.com:443 "GET /sec-filings/all-sec-filings/content/0001628280-24-021848/0001628280-24-021848.pdf HTTP/1.1" 404 1245
2025-03-23 23:48:51,333 [DEBUG] Changing event name from creating-client-class.iot-data to creating-client-class.iot-data-plane
2025-03-23 23:48:51,344 [DEBUG] Changing event name from before-call.apigateway to before-call.api-gateway
2025-03-23 23:48:51,348 [DEBUG] Changing event name from request-created.machinelearning.Predict to request-created.machine-learning.Predict
2025-03-23 23:48:51,355 [DEBUG] Changing event name from before-parameter-build.autoscaling.CreateLaunchConfiguration to before-parameter-build.auto-scaling.CreateLaunchConfiguration
2025-03-23 23:48:51,356 [DEBUG] Changing event name from before-parameter-build.route53 to before-parameter-build.route-53
2025-03-23 23:48:51,360 [DEBUG] Changing event name from request-created.cloudsearchdomain.Search to request-created.cloudsearch-domain.Search
2025-03-23 23:48:51,364 [DEBUG] Changing event name from docs.*.autoscaling.CreateLaunchConfiguration.complete-section to docs.*.auto-scaling.CreateLaunchConfiguration.complete-section
2025-03-23 23:48:51,379 [DEBUG] Changing event name from before-parameter-build.logs.CreateExportTask to before-parameter-build.cloudwatch-logs.CreateExportTask
2025-03-23 23:48:51,380 [DEBUG] Changing event name from docs.*.logs.CreateExportTask.complete-section to docs.*.cloudwatch-logs.CreateExportTask.complete-section
2025-03-23 23:48:51,381 [DEBUG] Changing event name from before-parameter-build.cloudsearchdomain.Search to before-parameter-build.cloudsearch-domain.Search
2025-03-23 23:48:51,382 [DEBUG] Changing event name from docs.*.cloudsearchdomain.Search.complete-section to docs.*.cloudsearch-domain.Search.complete-section
2025-03-23 23:48:51,465 [DEBUG] Loading JSON file: /home/syed-hassan-ul-haq/repos/fin_scraper/venv/lib/python3.12/site-packages/botocore/data/endpoints.json
2025-03-23 23:48:51,978 [DEBUG] Loading JSON file: /home/syed-hassan-ul-haq/repos/fin_scraper/venv/lib/python3.12/site-packages/botocore/data/sdk-default-configuration.json
2025-03-23 23:48:51,979 [DEBUG] Event choose-service-name: calling handler <function handle_service_name_alias at 0x7e639f144b80>
2025-03-23 23:48:52,013 [DEBUG] Loading JSON file: /home/syed-hassan-ul-haq/repos/fin_scraper/venv/lib/python3.12/site-packages/botocore/data/s3/2006-03-01/service-2.json.gz
2025-03-23 23:48:52,028 [DEBUG] Loading JSON file: /home/syed-hassan-ul-haq/repos/fin_scraper/venv/lib/python3.12/site-packages/botocore/data/s3/2006-03-01/service-2.sdk-extras.json
2025-03-23 23:48:52,065 [DEBUG] Loading JSON file: /home/syed-hassan-ul-haq/repos/fin_scraper/venv/lib/python3.12/site-packages/botocore/data/s3/2006-03-01/endpoint-rule-set-1.json.gz
2025-03-23 23:48:52,073 [DEBUG] Loading JSON file: /home/syed-hassan-ul-haq/repos/fin_scraper/venv/lib/python3.12/site-packages/botocore/data/partitions.json
2025-03-23 23:48:52,075 [DEBUG] Event creating-client-class.s3: calling handler <function add_generate_presigned_post at 0x7e639f2d2700>
2025-03-23 23:48:52,075 [DEBUG] Event creating-client-class.s3: calling handler <function lazy_call.<locals>._handler at 0x7e639ec46de0>
2025-03-23 23:48:52,075 [DEBUG] Event creating-client-class.s3: calling handler <function add_generate_presigned_url at 0x7e639f2d2480>
2025-03-23 23:48:52,080 [DEBUG] Setting s3 timeout as (60, 60)
2025-03-23 23:48:52,085 [DEBUG] Loading JSON file: /home/syed-hassan-ul-haq/repos/fin_scraper/venv/lib/python3.12/site-packages/botocore/data/_retry.json
2025-03-23 23:48:52,086 [DEBUG] Registering retry handlers for service: s3
2025-03-23 23:48:52,087 [DEBUG] Registering S3 region redirector handler
2025-03-23 23:48:52,089 [DEBUG] Registering S3Express Identity Resolver
2025-03-23 23:49:02,092 [DEBUG] Constructed data object: {'file_name': '0001628280-24-021848.pdf', 'file_type': 'html', 'published_date': '2024-03-31', 'url': None, 'content_type': ['webcast', 'sec_filing', 'financial_filing', 'presentation', '10-Q', 'three-month-results']}
2025-03-23 23:49:02,094 [DEBUG] Starting new HTTPS connection (1): www.pvh.com:443
2025-03-23 23:49:02,583 [DEBUG] https://www.pvh.com:443 "GET /sec-filings/all-sec-filings/content/0001628280-24-021848/0001628280-24-021848-xbrl.zip HTTP/1.1" 404 1245
2025-03-23 23:49:02,587 [DEBUG] Changing event name from creating-client-class.iot-data to creating-client-class.iot-data-plane
2025-03-23 23:49:02,601 [DEBUG] Changing event name from before-call.apigateway to before-call.api-gateway
2025-03-23 23:49:02,604 [DEBUG] Changing event name from request-created.machinelearning.Predict to request-created.machine-learning.Predict
2025-03-23 23:49:02,612 [DEBUG] Changing event name from before-parameter-build.autoscaling.CreateLaunchConfiguration to before-parameter-build.auto-scaling.CreateLaunchConfiguration
2025-03-23 23:49:02,613 [DEBUG] Changing event name from before-parameter-build.route53 to before-parameter-build.route-53
2025-03-23 23:49:02,617 [DEBUG] Changing event name from request-created.cloudsearchdomain.Search to request-created.cloudsearch-domain.Search
2025-03-23 23:49:02,625 [DEBUG] Changing event name from docs.*.autoscaling.CreateLaunchConfiguration.complete-section to docs.*.auto-scaling.CreateLaunchConfiguration.complete-section
2025-03-23 23:49:02,641 [DEBUG] Changing event name from before-parameter-build.logs.CreateExportTask to before-parameter-build.cloudwatch-logs.CreateExportTask
2025-03-23 23:49:02,642 [DEBUG] Changing event name from docs.*.logs.CreateExportTask.complete-section to docs.*.cloudwatch-logs.CreateExportTask.complete-section
2025-03-23 23:49:02,643 [DEBUG] Changing event name from before-parameter-build.cloudsearchdomain.Search to before-parameter-build.cloudsearch-domain.Search
2025-03-23 23:49:02,644 [DEBUG] Changing event name from docs.*.cloudsearchdomain.Search.complete-section to docs.*.cloudsearch-domain.Search.complete-section
2025-03-23 23:49:02,654 [DEBUG] Loading JSON file: /home/syed-hassan-ul-haq/repos/fin_scraper/venv/lib/python3.12/site-packages/botocore/data/endpoints.json
2025-03-23 23:49:02,738 [DEBUG] Loading JSON file: /home/syed-hassan-ul-haq/repos/fin_scraper/venv/lib/python3.12/site-packages/botocore/data/sdk-default-configuration.json
2025-03-23 23:49:02,740 [DEBUG] Event choose-service-name: calling handler <function handle_service_name_alias at 0x7e639f144b80>
2025-03-23 23:49:02,801 [DEBUG] Loading JSON file: /home/syed-hassan-ul-haq/repos/fin_scraper/venv/lib/python3.12/site-packages/botocore/data/s3/2006-03-01/service-2.json.gz
2025-03-23 23:49:02,818 [DEBUG] Loading JSON file: /home/syed-hassan-ul-haq/repos/fin_scraper/venv/lib/python3.12/site-packages/botocore/data/s3/2006-03-01/service-2.sdk-extras.json
2025-03-23 23:49:02,847 [DEBUG] Loading JSON file: /home/syed-hassan-ul-haq/repos/fin_scraper/venv/lib/python3.12/site-packages/botocore/data/s3/2006-03-01/endpoint-rule-set-1.json.gz
2025-03-23 23:49:02,857 [DEBUG] Loading JSON file: /home/syed-hassan-ul-haq/repos/fin_scraper/venv/lib/python3.12/site-packages/botocore/data/partitions.json
2025-03-23 23:49:02,859 [DEBUG] Event creating-client-class.s3: calling handler <function add_generate_presigned_post at 0x7e639f2d2700>
2025-03-23 23:49:02,859 [DEBUG] Event creating-client-class.s3: calling handler <function lazy_call.<locals>._handler at 0x7e639e2c20c0>
2025-03-23 23:49:02,860 [DEBUG] Event creating-client-class.s3: calling handler <function add_generate_presigned_url at 0x7e639f2d2480>
2025-03-23 23:49:02,863 [DEBUG] Setting s3 timeout as (60, 60)
2025-03-23 23:49:02,891 [DEBUG] Loading JSON file: /home/syed-hassan-ul-haq/repos/fin_scraper/venv/lib/python3.12/site-packages/botocore/data/_retry.json
2025-03-23 23:49:02,892 [DEBUG] Registering retry handlers for service: s3
2025-03-23 23:49:02,893 [DEBUG] Registering S3 region redirector handler
2025-03-23 23:49:02,894 [DEBUG] Registering S3Express Identity Resolver
2025-03-23 23:49:12,896 [DEBUG] Constructed data object: {'file_name': '0001628280-24-021848-xbrl.zip', 'file_type': 'html', 'published_date': '2024-03-31', 'url': None, 'content_type': ['webcast', 'sec_filing', 'financial_filing', 'presentation', '10-Q', 'three-month-results']}
2025-03-23 23:49:12,897 [DEBUG] Constructed final JSON: {'event_name': 'Q1 2024 Quarter Ended Mar 31, 2024 Earnings Release Earnings Webcast Presentation 10-Q', 'equity_ticker': 'CORZ', 'geography': 'US', 'periodicity': 'non-periodic', 'data': [{'file_name': 'core-scientific-announces-fiscal-first-quarter-2024-results', 'file_type': 'html', 'published_date': '2024-03-31', 'url': 'https://3c5636b6cfe0011ec1887ff62b057097.r2.cloudflarestorage.com/fin-scraping-bucket/CORZ/2024-03-31/core-scientific-announces-fiscal-first-quarter-2024-results/core-scientific-announces-fiscal-first-quarter-2024-results', 'content_type': ['webcast', 'sec_filing', 'financial_filing', 'presentation', '10-Q', 'three-month-results']}, {'file_name': '2024-05-08_Core_Scientific_Announces_Fiscal_First_Quarter_72.pdf', 'file_type': 'pdf', 'published_date': '2024-03-31', 'url': 'https://3c5636b6cfe0011ec1887ff62b057097.r2.cloudflarestorage.com/fin-scraping-bucket/CORZ/2024-03-31/2024-05-08_Core_Scientific_Announces_Fiscal_First_Quarter_72.pdf/2024-05-08_Core_Scientific_Announces_Fiscal_First_Quarter_72.pdf', 'content_type': ['webcast', 'sec_filing', 'financial_filing', 'presentation', '10-Q', 'three-month-results']}, {'file_name': '954677374', 'file_type': 'html', 'published_date': '2024-03-31', 'url': 'https://3c5636b6cfe0011ec1887ff62b057097.r2.cloudflarestorage.com/fin-scraping-bucket/CORZ/2024-03-31/954677374/954677374', 'content_type': ['webcast', 'sec_filing', 'financial_filing', 'presentation', '10-Q', 'three-month-results']}, {'file_name': 'Q1FY2024-Earnings-Presentation.pdf', 'file_type': 'pdf', 'published_date': '2024-03-31', 'url': 'https://3c5636b6cfe0011ec1887ff62b057097.r2.cloudflarestorage.com/fin-scraping-bucket/CORZ/2024-03-31/Q1FY2024-Earnings-Presentation.pdf/Q1FY2024-Earnings-Presentation.pdf', 'content_type': ['webcast', 'sec_filing', 'financial_filing', 'presentation', '10-Q', 'three-month-results']}, {'file_name': 'core-20240331.htm', 'file_type': 'html', 'published_date': '2024-03-31', 'url': None, 'content_type': ['webcast', 'sec_filing', 'financial_filing', 'presentation', '10-Q', 'three-month-results']}, {'file_name': '0001628280-24-021848.pdf', 'file_type': 'html', 'published_date': '2024-03-31', 'url': None, 'content_type': ['webcast', 'sec_filing', 'financial_filing', 'presentation', '10-Q', 'three-month-results']}, {'file_name': '0001628280-24-021848-xbrl.zip', 'file_type': 'html', 'published_date': '2024-03-31', 'url': None, 'content_type': ['webcast', 'sec_filing', 'financial_filing', 'presentation', '10-Q', 'three-month-results']}]}
2025-03-23 23:49:12,897 [DEBUG] Returning constructed JSON.
2025-03-23 23:49:12,898 [INFO] Snippet #4 -> Event JSON created.
2025-03-23 23:49:12,898 [INFO] Processing snippet #5 / 16
2025-03-23 23:49:12,898 [DEBUG] Starting construct_event_json function.
2025-03-23 23:49:12,899 [DEBUG] html_element length=2487
2025-03-23 23:49:12,899 [DEBUG] equity_ticker=CORZ, geography=US, periodicity=non-periodic
2025-03-23 23:49:12,899 [DEBUG] 

2025-03-23 23:49:12,899 [DEBUG] Original Snippet Text: 
          <div class="col-md-4 results-info">
        <h3>FY 2023</h3>
                <div class="date">Fiscal Year Ended Dec 31, 2023</div>
                        
      </div>
    
    <div class="col-md-8">     
    

    <div class="result-line">
                        <a href="https://investors.corescientific.com/news-events/press-releases/detail/8/core-scientific-announces-fiscal-fourth-quarter-and-full-fiscal-year-2023-results" class="headline-link" aria-label="Earnings Release FY 2023">
                <span class="headline">Earnings Release</span>
                <span class="result-link link" aria-hidden="true"><span class="eqicon-HTML"></span>HTML</span>
            </a>
            <a href="https://d1io3yog0oux5.cloudfront.net/_1809aef3bf74227ab43f8f02a5800c1a/corescientific/news/2024-03-12_Core_Scientific_Announces_Fiscal_Fourth_Quarter_8.pdf" class="result-link link" target="_blank" rel="noopener" aria-label="Earnings Release FY 2023 PDF" title="Opens in a new window"><span class="eqicon-PDF"></span>PDF</a>
                </div>

<div class="result-line">
    <a href="https://d1io3yog0oux5.cloudfront.net/_1809aef3bf74227ab43f8f02a5800c1a/corescientific/db/946/9130/presentation/FINAL-CORZ-FY2023-Earnings-Presentation-031124.pdf" class="headline-link" target="_blank" rel="noopener" aria-label="Presentation FY 2023 PDF" title="Opens in a new window">
        <span class="headline">Presentation</span>
        <span class="result-link link" aria-hidden="true"><span class="eqicon-PDF"></span>PDF</span>
    </a>
</div><div class="result-line">
    <a href="/sec-filings/all-sec-filings/content/0001628280-24-010682/core-20231231.htm" class="headline-link" aria-label="10-K FY 2023" target="_blank" rel="noopener" title="Opens in a new window">
        <span class="headline">10-K</span>
        <span class="result-link link" aria-hidden="true"><span class="eqicon-HTML"></span>HTML</span>
    </a>
    <a href="/sec-filings/all-sec-filings/content/0001628280-24-010682/0001628280-24-010682.pdf" class="result-link link" aria-label="10-K FY 2023 PDF" target="_blank" rel="noopener" title="Opens in a new window"><span class="eqicon-PDF"></span>PDF</a>
    <a href="/sec-filings/all-sec-filings/content/0001628280-24-010682/0001628280-24-010682-xbrl.zip" aria-label="Download Raw XBRL Zip Files of 10-K FY 2023" class="link" target="_blank" rel="noopener" title="Opens in a new window"><span class="eqicon-ZIP"></span>XBRL Zip</a>
</div>    </div>
  
2025-03-23 23:49:12,907 [DEBUG] Original Snippet Text: FY 2023 Fiscal Year Ended Dec 31, 2023 Earnings Release HTML PDF Presentation PDF 10-K HTML PDF XBRL Zip
2025-03-23 23:49:12,950 [DEBUG] Analyzing Sentence: 'FY 2023 Fiscal Year Ended Dec 31, 2023 Earnings Release HTML PDF Presentation PDF 10-K HTML PDF XBRL Zip'
2025-03-23 23:49:12,973 [DEBUG] Match found! Token='Fiscal' ~ Concept='fiscal report' (sim=0.88)
2025-03-23 23:49:12,975 [DEBUG] Cleaning up sentence: 'FY 2023 Fiscal Year Ended Dec 31, 2023 Earnings Release HTML PDF Presentation PDF 10-K HTML PDF XBRL Zip'
2025-03-23 23:49:12,975 [DEBUG] Final Extracted Event Name: FY 2023 Fiscal Year Ended Dec 31, 2023 Earnings Release Presentation 10-K
2025-03-23 23:49:12,976 [DEBUG] Extracted event_name=FY 2023 Fiscal Year Ended Dec 31, 2023 Earnings Release Presentation 10-K
2025-03-23 23:49:12,996 [DEBUG] Extracted published_date=2023-12-31
2025-03-23 23:49:12,998 [DEBUG] 
----------------------------------------------------
2025-03-23 23:49:12,998 [DEBUG] Raw HTML Snippet (truncated):

          <div class="col-md-4 results-info">
        <h3>FY 2023</h3>
                <div class="date">Fiscal Year Ended Dec 31, 2023</div>
                        
      </div>
    
    <div class="col-md-8">     
    

    <div class="result-line">
                        <a href="https://inves...
2025-03-23 23:49:12,999 [DEBUG] ----------------------------------------------------
2025-03-23 23:49:13,007 [DEBUG] Extracted Text:
FY 2023 Fiscal Year Ended Dec 31, 2023 Earnings Release HTML PDF Presentation PDF 10-K HTML PDF XBRL Zip Earnings Release HTML https://investors.corescientific.com/news-events/press-releases/detail/8/core-scientific-announces-fiscal-fourth-quarter-and-full-fiscal-year-2023-results PDF https://d1io3yog0oux5.cloudfront.net/_1809aef3bf74227ab43f8f02a5800c1a/corescientific/news/2024-03-12_Core_Scientific_Announces_Fiscal_Fourth_Quarter_8.pdf Presentation PDF https://d1io3yog0oux5.cloudfront.net/_1809aef3bf74227ab43f8f02a5800c1a/corescientific/db/946/9130/presentation/FINAL-CORZ-FY2023-Earnings-Presentation-031124.pdf 10-K HTML /sec-filings/all-sec-filings/content/0001628280-24-010682/core-20231231.htm PDF /sec-filings/all-sec-filings/content/0001628280-24-010682/0001628280-24-010682.pdf XBRL Zip /sec-filings/all-sec-filings/content/0001628280-24-010682/0001628280-24-010682-xbrl.zip

2025-03-23 23:49:13,011 [DEBUG] [DICT] Found dictionary-based content types: {'presentation', 'sec_filing', 'financial_filing', '10-K'}
2025-03-23 23:49:13,223 [DEBUG] [SIM] Found similarity-based content types: {'presentation'}
2025-03-23 23:49:13,223 [DEBUG] [UNION] Final content types = {'sec_filing', 'financial_filing', 'presentation', '10-K'}
2025-03-23 23:49:13,223 [DEBUG] Extracted content_type=['sec_filing', 'financial_filing', 'presentation', '10-K']
2025-03-23 23:49:13,227 [DEBUG] Starting new HTTPS connection (1): investors.corescientific.com:443
2025-03-23 23:49:13,634 [DEBUG] https://investors.corescientific.com:443 "GET /news-events/press-releases/detail/8/core-scientific-announces-fiscal-fourth-quarter-and-full-fiscal-year-2023-results HTTP/1.1" 200 27129
2025-03-23 23:49:13,807 [DEBUG] Changing event name from creating-client-class.iot-data to creating-client-class.iot-data-plane
2025-03-23 23:49:13,815 [DEBUG] Changing event name from before-call.apigateway to before-call.api-gateway
2025-03-23 23:49:13,819 [DEBUG] Changing event name from request-created.machinelearning.Predict to request-created.machine-learning.Predict
2025-03-23 23:49:13,829 [DEBUG] Changing event name from before-parameter-build.autoscaling.CreateLaunchConfiguration to before-parameter-build.auto-scaling.CreateLaunchConfiguration
2025-03-23 23:49:13,830 [DEBUG] Changing event name from before-parameter-build.route53 to before-parameter-build.route-53
2025-03-23 23:49:13,836 [DEBUG] Changing event name from request-created.cloudsearchdomain.Search to request-created.cloudsearch-domain.Search
2025-03-23 23:49:13,841 [DEBUG] Changing event name from docs.*.autoscaling.CreateLaunchConfiguration.complete-section to docs.*.auto-scaling.CreateLaunchConfiguration.complete-section
2025-03-23 23:49:13,851 [DEBUG] Changing event name from before-parameter-build.logs.CreateExportTask to before-parameter-build.cloudwatch-logs.CreateExportTask
2025-03-23 23:49:13,852 [DEBUG] Changing event name from docs.*.logs.CreateExportTask.complete-section to docs.*.cloudwatch-logs.CreateExportTask.complete-section
2025-03-23 23:49:13,853 [DEBUG] Changing event name from before-parameter-build.cloudsearchdomain.Search to before-parameter-build.cloudsearch-domain.Search
2025-03-23 23:49:13,854 [DEBUG] Changing event name from docs.*.cloudsearchdomain.Search.complete-section to docs.*.cloudsearch-domain.Search.complete-section
2025-03-23 23:49:13,861 [DEBUG] Loading JSON file: /home/syed-hassan-ul-haq/repos/fin_scraper/venv/lib/python3.12/site-packages/botocore/data/endpoints.json
2025-03-23 23:49:13,956 [DEBUG] Loading JSON file: /home/syed-hassan-ul-haq/repos/fin_scraper/venv/lib/python3.12/site-packages/botocore/data/sdk-default-configuration.json
2025-03-23 23:49:13,958 [DEBUG] Event choose-service-name: calling handler <function handle_service_name_alias at 0x7e639f144b80>
2025-03-23 23:49:14,039 [DEBUG] Loading JSON file: /home/syed-hassan-ul-haq/repos/fin_scraper/venv/lib/python3.12/site-packages/botocore/data/s3/2006-03-01/service-2.json.gz
2025-03-23 23:49:14,058 [DEBUG] Loading JSON file: /home/syed-hassan-ul-haq/repos/fin_scraper/venv/lib/python3.12/site-packages/botocore/data/s3/2006-03-01/service-2.sdk-extras.json
2025-03-23 23:49:14,087 [DEBUG] Loading JSON file: /home/syed-hassan-ul-haq/repos/fin_scraper/venv/lib/python3.12/site-packages/botocore/data/s3/2006-03-01/endpoint-rule-set-1.json.gz
2025-03-23 23:49:14,097 [DEBUG] Loading JSON file: /home/syed-hassan-ul-haq/repos/fin_scraper/venv/lib/python3.12/site-packages/botocore/data/partitions.json
2025-03-23 23:49:14,100 [DEBUG] Event creating-client-class.s3: calling handler <function add_generate_presigned_post at 0x7e639f2d2700>
2025-03-23 23:49:14,100 [DEBUG] Event creating-client-class.s3: calling handler <function lazy_call.<locals>._handler at 0x7e639e2c1440>
2025-03-23 23:49:14,100 [DEBUG] Event creating-client-class.s3: calling handler <function add_generate_presigned_url at 0x7e639f2d2480>
2025-03-23 23:49:14,102 [DEBUG] Setting s3 timeout as (60, 60)
2025-03-23 23:49:14,106 [DEBUG] Loading JSON file: /home/syed-hassan-ul-haq/repos/fin_scraper/venv/lib/python3.12/site-packages/botocore/data/_retry.json
2025-03-23 23:49:14,107 [DEBUG] Registering retry handlers for service: s3
2025-03-23 23:49:14,108 [DEBUG] Registering S3 region redirector handler
2025-03-23 23:49:14,109 [DEBUG] Registering S3Express Identity Resolver
2025-03-23 23:49:14,111 [DEBUG] Event before-parameter-build.s3.PutObject: calling handler <function validate_ascii_metadata at 0x7e639f1476a0>
2025-03-23 23:49:14,111 [DEBUG] Event before-parameter-build.s3.PutObject: calling handler <function sse_md5 at 0x7e639f146980>
2025-03-23 23:49:14,111 [DEBUG] Event before-parameter-build.s3.PutObject: calling handler <function convert_body_to_file_like_object at 0x7e639f16c0e0>
2025-03-23 23:49:14,111 [DEBUG] Event before-parameter-build.s3.PutObject: calling handler <function validate_bucket_name at 0x7e639f1468e0>
2025-03-23 23:49:14,111 [DEBUG] Event before-parameter-build.s3.PutObject: calling handler <function remove_bucket_from_url_paths_from_model at 0x7e639f16cae0>
2025-03-23 23:49:14,111 [DEBUG] Event before-parameter-build.s3.PutObject: calling handler <bound method S3RegionRedirectorv2.annotate_request_context of <botocore.utils.S3RegionRedirectorv2 object at 0x7e639b65a780>>
2025-03-23 23:49:14,112 [DEBUG] Event before-parameter-build.s3.PutObject: calling handler <bound method ClientCreator._inject_s3_input_parameters of <botocore.client.ClientCreator object at 0x7e639cdb4f50>>
2025-03-23 23:49:14,112 [DEBUG] Event before-parameter-build.s3.PutObject: calling handler <function generate_idempotent_uuid at 0x7e639f146700>
2025-03-23 23:49:14,112 [DEBUG] Event before-parameter-build.s3.PutObject: calling handler <function _handle_request_validation_mode_member at 0x7e639f16d260>
2025-03-23 23:49:14,112 [DEBUG] Event before-endpoint-resolution.s3: calling handler <function customize_endpoint_resolver_builtins at 0x7e639f16ccc0>
2025-03-23 23:49:14,113 [DEBUG] Event before-endpoint-resolution.s3: calling handler <bound method S3RegionRedirectorv2.redirect_from_cache of <botocore.utils.S3RegionRedirectorv2 object at 0x7e639b65a780>>
2025-03-23 23:49:14,113 [DEBUG] Calling endpoint provider with parameters: {'Bucket': 'fin-scraping-bucket', 'Region': 'us-east-1', 'UseFIPS': False, 'UseDualStack': False, 'Endpoint': 'https://3c5636b6cfe0011ec1887ff62b057097.r2.cloudflarestorage.com', 'ForcePathStyle': True, 'Accelerate': False, 'UseGlobalEndpoint': True, 'Key': 'CORZ/2023-12-31/core-scientific-announces-fiscal-fourth-quarter-and-full-fiscal-year-2023-results/core-scientific-announces-fiscal-fourth-quarter-and-full-fiscal-year-2023-results', 'DisableMultiRegionAccessPoints': False, 'UseArnRegion': True}
2025-03-23 23:49:14,114 [DEBUG] Endpoint provider result: https://3c5636b6cfe0011ec1887ff62b057097.r2.cloudflarestorage.com/fin-scraping-bucket
2025-03-23 23:49:14,115 [DEBUG] Selecting from endpoint provider's list of auth schemes: "sigv4". User selected auth scheme is: "None"
2025-03-23 23:49:14,115 [DEBUG] Selected auth type "v4" as "v4" with signing context params: {'region': 'us-east-1', 'signing_name': 's3', 'disableDoubleEncoding': True}
2025-03-23 23:49:14,116 [DEBUG] Event before-call.s3.PutObject: calling handler <function add_expect_header at 0x7e639f146ca0>
2025-03-23 23:49:14,116 [DEBUG] Adding expect 100 continue header to request.
2025-03-23 23:49:14,116 [DEBUG] Event before-call.s3.PutObject: calling handler <bound method S3ExpressIdentityResolver.apply_signing_cache_key of <botocore.utils.S3ExpressIdentityResolver object at 0x7e639b6ae390>>
2025-03-23 23:49:14,117 [DEBUG] Event before-call.s3.PutObject: calling handler <function add_recursion_detection_header at 0x7e639f145b20>
2025-03-23 23:49:14,117 [DEBUG] Event before-call.s3.PutObject: calling handler <function add_query_compatibility_header at 0x7e639f16d1c0>
2025-03-23 23:49:14,117 [DEBUG] Event before-call.s3.PutObject: calling handler <function inject_api_version_header_if_needed at 0x7e639f16c220>
2025-03-23 23:49:14,117 [DEBUG] Making request for OperationModel(name=PutObject) with params: {'url_path': '/CORZ/2023-12-31/core-scientific-announces-fiscal-fourth-quarter-and-full-fiscal-year-2023-results/core-scientific-announces-fiscal-fourth-quarter-and-full-fiscal-year-2023-results', 'query_string': {}, 'method': 'PUT', 'headers': {'User-Agent': 'Boto3/1.37.16 md/Botocore#1.37.17 ua/2.1 os/linux#6.11.0-19-generic md/arch#x86_64 lang/python#3.12.3 md/pyimpl#CPython m/N cfg/retry-mode#legacy Botocore/1.37.17', 'Expect': '100-continue', 'Transfer-Encoding': 'chunked', 'Content-Encoding': 'aws-chunked', 'X-Amz-Trailer': 'x-amz-checksum-crc32', 'X-Amz-Decoded-Content-Length': '318748', 'x-amz-sdk-checksum-algorithm': 'CRC32'}, 'body': <botocore.httpchecksum.AwsChunkedWrapper object at 0x7e639b65a900>, 'auth_path': '/fin-scraping-bucket/CORZ/2023-12-31/core-scientific-announces-fiscal-fourth-quarter-and-full-fiscal-year-2023-results/core-scientific-announces-fiscal-fourth-quarter-and-full-fiscal-year-2023-results', 'url': 'https://3c5636b6cfe0011ec1887ff62b057097.r2.cloudflarestorage.com/fin-scraping-bucket/CORZ/2023-12-31/core-scientific-announces-fiscal-fourth-quarter-and-full-fiscal-year-2023-results/core-scientific-announces-fiscal-fourth-quarter-and-full-fiscal-year-2023-results', 'context': {'client_region': 'us-east-1', 'client_config': <botocore.config.Config object at 0x7e639b65a3f0>, 'has_streaming_input': True, 'auth_type': 'v4', 'unsigned_payload': None, 's3_redirect': {'redirected': False, 'bucket': 'fin-scraping-bucket', 'params': {'Bucket': 'fin-scraping-bucket', 'Key': 'CORZ/2023-12-31/core-scientific-announces-fiscal-fourth-quarter-and-full-fiscal-year-2023-results/core-scientific-announces-fiscal-fourth-quarter-and-full-fiscal-year-2023-results', 'Body': <_io.BufferedReader name='downloads/core-scientific-announces-fiscal-fourth-quarter-and-full-fiscal-year-2023-results'>}}, 'input_params': {'Bucket': 'fin-scraping-bucket', 'Key': 'CORZ/2023-12-31/core-scientific-announces-fiscal-fourth-quarter-and-full-fiscal-year-2023-results/core-scientific-announces-fiscal-fourth-quarter-and-full-fiscal-year-2023-results'}, 'signing': {'region': 'us-east-1', 'signing_name': 's3', 'disableDoubleEncoding': True}, 'endpoint_properties': {'authSchemes': [{'disableDoubleEncoding': True, 'name': 'sigv4', 'signingName': 's3', 'signingRegion': 'us-east-1'}]}, 'checksum': {'request_algorithm_header': {'name': 'x-amz-sdk-checksum-algorithm', 'value': 'CRC32'}, 'request_algorithm': {'algorithm': 'crc32', 'in': 'trailer', 'name': 'x-amz-checksum-crc32'}}}}
2025-03-23 23:49:14,119 [DEBUG] Event request-created.s3.PutObject: calling handler <bound method RequestSigner.handler of <botocore.signers.RequestSigner object at 0x7e639b65a510>>
2025-03-23 23:49:14,119 [DEBUG] Event choose-signer.s3.PutObject: calling handler <bound method ClientCreator._default_s3_presign_to_sigv2 of <botocore.client.ClientCreator object at 0x7e639cdb4f50>>
2025-03-23 23:49:14,120 [DEBUG] Event choose-signer.s3.PutObject: calling handler <function set_operation_specific_signer at 0x7e639f146520>
2025-03-23 23:49:14,120 [DEBUG] Event before-sign.s3.PutObject: calling handler <function remove_arn_from_signing_path at 0x7e639f16cc20>
2025-03-23 23:49:14,120 [DEBUG] Event before-sign.s3.PutObject: calling handler <function _set_extra_headers_for_unsigned_request at 0x7e639f16d300>
2025-03-23 23:49:14,121 [DEBUG] Event before-sign.s3.PutObject: calling handler <bound method S3ExpressIdentityResolver.resolve_s3express_identity of <botocore.utils.S3ExpressIdentityResolver object at 0x7e639b6ae390>>
2025-03-23 23:49:14,121 [DEBUG] Calculating signature using v4 auth.
2025-03-23 23:49:14,121 [DEBUG] CanonicalRequest:
PUT
/fin-scraping-bucket/CORZ/2023-12-31/core-scientific-announces-fiscal-fourth-quarter-and-full-fiscal-year-2023-results/core-scientific-announces-fiscal-fourth-quarter-and-full-fiscal-year-2023-results

content-encoding:aws-chunked
host:3c5636b6cfe0011ec1887ff62b057097.r2.cloudflarestorage.com
x-amz-content-sha256:STREAMING-UNSIGNED-PAYLOAD-TRAILER
x-amz-date:20250323T184914Z
x-amz-decoded-content-length:318748
x-amz-sdk-checksum-algorithm:CRC32
x-amz-trailer:x-amz-checksum-crc32

content-encoding;host;x-amz-content-sha256;x-amz-date;x-amz-decoded-content-length;x-amz-sdk-checksum-algorithm;x-amz-trailer
STREAMING-UNSIGNED-PAYLOAD-TRAILER
2025-03-23 23:49:14,122 [DEBUG] StringToSign:
AWS4-HMAC-SHA256
20250323T184914Z
20250323/us-east-1/s3/aws4_request
57126636941f9ec0b2f6bb78576bfd09228ef051818701715d6e9a636259a282
2025-03-23 23:49:14,122 [DEBUG] Signature:
eef5615d5aa01bb43b7152d46b66719e762faad4dfdb72055e32eba86b764129
2025-03-23 23:49:14,122 [DEBUG] Event request-created.s3.PutObject: calling handler <bound method UserAgentString.rebuild_and_replace_user_agent_handler of <botocore.useragent.UserAgentString object at 0x7e639b6adbb0>>
2025-03-23 23:49:14,122 [DEBUG] Event request-created.s3.PutObject: calling handler <function add_retry_headers at 0x7e639f16ca40>
2025-03-23 23:49:14,123 [DEBUG] Sending http request: <AWSPreparedRequest stream_output=False, method=PUT, url=https://3c5636b6cfe0011ec1887ff62b057097.r2.cloudflarestorage.com/fin-scraping-bucket/CORZ/2023-12-31/core-scientific-announces-fiscal-fourth-quarter-and-full-fiscal-year-2023-results/core-scientific-announces-fiscal-fourth-quarter-and-full-fiscal-year-2023-results, headers={'User-Agent': b'Boto3/1.37.16 md/Botocore#1.37.17 ua/2.1 os/linux#6.11.0-19-generic md/arch#x86_64 lang/python#3.12.3 md/pyimpl#CPython m/N cfg/retry-mode#legacy Botocore/1.37.17', 'Expect': b'100-continue', 'Transfer-Encoding': b'chunked', 'Content-Encoding': b'aws-chunked', 'X-Amz-Trailer': b'x-amz-checksum-crc32', 'X-Amz-Decoded-Content-Length': b'318748', 'x-amz-sdk-checksum-algorithm': b'CRC32', 'X-Amz-Date': b'20250323T184914Z', 'X-Amz-Content-SHA256': b'STREAMING-UNSIGNED-PAYLOAD-TRAILER', 'Authorization': b'AWS4-HMAC-SHA256 Credential=f1ac1dc043a240f996be558cfba72868/20250323/us-east-1/s3/aws4_request, SignedHeaders=content-encoding;host;x-amz-content-sha256;x-amz-date;x-amz-decoded-content-length;x-amz-sdk-checksum-algorithm;x-amz-trailer, Signature=eef5615d5aa01bb43b7152d46b66719e762faad4dfdb72055e32eba86b764129', 'amz-sdk-invocation-id': b'20d3d0d0-8f7a-49e0-910c-fafe5ecc5aff', 'amz-sdk-request': b'attempt=1'}>
2025-03-23 23:49:14,124 [DEBUG] Certificate path: /home/syed-hassan-ul-haq/repos/fin_scraper/venv/lib/python3.12/site-packages/certifi/cacert.pem
2025-03-23 23:49:14,125 [DEBUG] Starting new HTTPS connection (1): 3c5636b6cfe0011ec1887ff62b057097.r2.cloudflarestorage.com:443
2025-03-23 23:49:14,261 [DEBUG] Waiting for 100 Continue response.
2025-03-23 23:49:14,269 [DEBUG] 100 Continue response seen, now sending request body.
2025-03-23 23:49:16,394 [DEBUG] https://3c5636b6cfe0011ec1887ff62b057097.r2.cloudflarestorage.com:443 "PUT /fin-scraping-bucket/CORZ/2023-12-31/core-scientific-announces-fiscal-fourth-quarter-and-full-fiscal-year-2023-results/core-scientific-announces-fiscal-fourth-quarter-and-full-fiscal-year-2023-results HTTP/1.1" 200 0
2025-03-23 23:49:16,395 [DEBUG] Event before-parse.s3.PutObject: calling handler <function _handle_200_error at 0x7e639f16cfe0>
2025-03-23 23:49:16,396 [DEBUG] Event before-parse.s3.PutObject: calling handler <function handle_expires_header at 0x7e639f16ce00>
2025-03-23 23:49:16,396 [DEBUG] Response headers: {'Date': 'Sun, 23 Mar 2025 18:49:16 GMT', 'Content-Type': 'text/plain;charset=UTF-8', 'Content-Length': '0', 'Connection': 'keep-alive', 'ETag': '"7a1c1f6a5e43989e725e542963d111d1"', 'x-amz-checksum-crc32': 'ZfIcew==', 'x-amz-version-id': '7e6a3ba98d23431e40758de24986d747', 'Vary': 'Accept-Encoding', 'Server': 'cloudflare', 'CF-RAY': '92501b882e7021e8-KHI'}
2025-03-23 23:49:16,397 [DEBUG] Response body:
b''
2025-03-23 23:49:16,398 [DEBUG] Event needs-retry.s3.PutObject: calling handler <function _update_status_code at 0x7e639f16d120>
2025-03-23 23:49:16,399 [DEBUG] Event needs-retry.s3.PutObject: calling handler <botocore.retryhandler.RetryHandler object at 0x7e639b6ae1e0>
2025-03-23 23:49:16,399 [DEBUG] No retry needed.
2025-03-23 23:49:16,400 [DEBUG] Event needs-retry.s3.PutObject: calling handler <bound method S3RegionRedirectorv2.redirect_from_error of <botocore.utils.S3RegionRedirectorv2 object at 0x7e639b65a780>>
2025-03-23 23:49:16,409 [DEBUG] Constructed data object: {'file_name': 'core-scientific-announces-fiscal-fourth-quarter-and-full-fiscal-year-2023-results', 'file_type': 'html', 'published_date': '2023-12-31', 'url': 'https://3c5636b6cfe0011ec1887ff62b057097.r2.cloudflarestorage.com/fin-scraping-bucket/CORZ/2023-12-31/core-scientific-announces-fiscal-fourth-quarter-and-full-fiscal-year-2023-results/core-scientific-announces-fiscal-fourth-quarter-and-full-fiscal-year-2023-results', 'content_type': ['sec_filing', 'financial_filing', 'presentation', '10-K']}
2025-03-23 23:49:16,413 [DEBUG] Starting new HTTPS connection (1): d1io3yog0oux5.cloudfront.net:443
2025-03-23 23:49:16,655 [DEBUG] https://d1io3yog0oux5.cloudfront.net:443 "GET /_1809aef3bf74227ab43f8f02a5800c1a/corescientific/news/2024-03-12_Core_Scientific_Announces_Fiscal_Fourth_Quarter_8.pdf HTTP/1.1" 200 280736
2025-03-23 23:49:17,370 [DEBUG] Changing event name from creating-client-class.iot-data to creating-client-class.iot-data-plane
2025-03-23 23:49:17,381 [DEBUG] Changing event name from before-call.apigateway to before-call.api-gateway
2025-03-23 23:49:17,385 [DEBUG] Changing event name from request-created.machinelearning.Predict to request-created.machine-learning.Predict
2025-03-23 23:49:17,394 [DEBUG] Changing event name from before-parameter-build.autoscaling.CreateLaunchConfiguration to before-parameter-build.auto-scaling.CreateLaunchConfiguration
2025-03-23 23:49:17,396 [DEBUG] Changing event name from before-parameter-build.route53 to before-parameter-build.route-53
2025-03-23 23:49:17,400 [DEBUG] Changing event name from request-created.cloudsearchdomain.Search to request-created.cloudsearch-domain.Search
2025-03-23 23:49:17,405 [DEBUG] Changing event name from docs.*.autoscaling.CreateLaunchConfiguration.complete-section to docs.*.auto-scaling.CreateLaunchConfiguration.complete-section
2025-03-23 23:49:17,419 [DEBUG] Changing event name from before-parameter-build.logs.CreateExportTask to before-parameter-build.cloudwatch-logs.CreateExportTask
2025-03-23 23:49:17,420 [DEBUG] Changing event name from docs.*.logs.CreateExportTask.complete-section to docs.*.cloudwatch-logs.CreateExportTask.complete-section
2025-03-23 23:49:17,421 [DEBUG] Changing event name from before-parameter-build.cloudsearchdomain.Search to before-parameter-build.cloudsearch-domain.Search
2025-03-23 23:49:17,421 [DEBUG] Changing event name from docs.*.cloudsearchdomain.Search.complete-section to docs.*.cloudsearch-domain.Search.complete-section
2025-03-23 23:49:17,430 [DEBUG] Loading JSON file: /home/syed-hassan-ul-haq/repos/fin_scraper/venv/lib/python3.12/site-packages/botocore/data/endpoints.json
2025-03-23 23:49:17,523 [DEBUG] Loading JSON file: /home/syed-hassan-ul-haq/repos/fin_scraper/venv/lib/python3.12/site-packages/botocore/data/sdk-default-configuration.json
2025-03-23 23:49:17,524 [DEBUG] Event choose-service-name: calling handler <function handle_service_name_alias at 0x7e639f144b80>
2025-03-23 23:49:17,614 [DEBUG] Loading JSON file: /home/syed-hassan-ul-haq/repos/fin_scraper/venv/lib/python3.12/site-packages/botocore/data/s3/2006-03-01/service-2.json.gz
2025-03-23 23:49:17,691 [DEBUG] Loading JSON file: /home/syed-hassan-ul-haq/repos/fin_scraper/venv/lib/python3.12/site-packages/botocore/data/s3/2006-03-01/service-2.sdk-extras.json
2025-03-23 23:49:17,725 [DEBUG] Loading JSON file: /home/syed-hassan-ul-haq/repos/fin_scraper/venv/lib/python3.12/site-packages/botocore/data/s3/2006-03-01/endpoint-rule-set-1.json.gz
2025-03-23 23:49:17,731 [DEBUG] Loading JSON file: /home/syed-hassan-ul-haq/repos/fin_scraper/venv/lib/python3.12/site-packages/botocore/data/partitions.json
2025-03-23 23:49:17,734 [DEBUG] Event creating-client-class.s3: calling handler <function add_generate_presigned_post at 0x7e639f2d2700>
2025-03-23 23:49:17,734 [DEBUG] Event creating-client-class.s3: calling handler <function lazy_call.<locals>._handler at 0x7e639e3acc20>
2025-03-23 23:49:17,734 [DEBUG] Event creating-client-class.s3: calling handler <function add_generate_presigned_url at 0x7e639f2d2480>
2025-03-23 23:49:17,738 [DEBUG] Setting s3 timeout as (60, 60)
2025-03-23 23:49:17,743 [DEBUG] Loading JSON file: /home/syed-hassan-ul-haq/repos/fin_scraper/venv/lib/python3.12/site-packages/botocore/data/_retry.json
2025-03-23 23:49:17,744 [DEBUG] Registering retry handlers for service: s3
2025-03-23 23:49:17,744 [DEBUG] Registering S3 region redirector handler
2025-03-23 23:49:17,745 [DEBUG] Registering S3Express Identity Resolver
2025-03-23 23:49:17,747 [DEBUG] Event before-parameter-build.s3.PutObject: calling handler <function validate_ascii_metadata at 0x7e639f1476a0>
2025-03-23 23:49:17,747 [DEBUG] Event before-parameter-build.s3.PutObject: calling handler <function sse_md5 at 0x7e639f146980>
2025-03-23 23:49:17,747 [DEBUG] Event before-parameter-build.s3.PutObject: calling handler <function convert_body_to_file_like_object at 0x7e639f16c0e0>
2025-03-23 23:49:17,748 [DEBUG] Event before-parameter-build.s3.PutObject: calling handler <function validate_bucket_name at 0x7e639f1468e0>
2025-03-23 23:49:17,748 [DEBUG] Event before-parameter-build.s3.PutObject: calling handler <function remove_bucket_from_url_paths_from_model at 0x7e639f16cae0>
2025-03-23 23:49:17,748 [DEBUG] Event before-parameter-build.s3.PutObject: calling handler <bound method S3RegionRedirectorv2.annotate_request_context of <botocore.utils.S3RegionRedirectorv2 object at 0x7e639aa92c00>>
2025-03-23 23:49:17,748 [DEBUG] Event before-parameter-build.s3.PutObject: calling handler <bound method ClientCreator._inject_s3_input_parameters of <botocore.client.ClientCreator object at 0x7e639dd3c7d0>>
2025-03-23 23:49:17,748 [DEBUG] Event before-parameter-build.s3.PutObject: calling handler <function generate_idempotent_uuid at 0x7e639f146700>
2025-03-23 23:49:17,749 [DEBUG] Event before-parameter-build.s3.PutObject: calling handler <function _handle_request_validation_mode_member at 0x7e639f16d260>
2025-03-23 23:49:17,749 [DEBUG] Event before-endpoint-resolution.s3: calling handler <function customize_endpoint_resolver_builtins at 0x7e639f16ccc0>
2025-03-23 23:49:17,749 [DEBUG] Event before-endpoint-resolution.s3: calling handler <bound method S3RegionRedirectorv2.redirect_from_cache of <botocore.utils.S3RegionRedirectorv2 object at 0x7e639aa92c00>>
2025-03-23 23:49:17,750 [DEBUG] Calling endpoint provider with parameters: {'Bucket': 'fin-scraping-bucket', 'Region': 'us-east-1', 'UseFIPS': False, 'UseDualStack': False, 'Endpoint': 'https://3c5636b6cfe0011ec1887ff62b057097.r2.cloudflarestorage.com', 'ForcePathStyle': True, 'Accelerate': False, 'UseGlobalEndpoint': True, 'Key': 'CORZ/2023-12-31/2024-03-12_Core_Scientific_Announces_Fiscal_Fourth_Quarter_8.pdf/2024-03-12_Core_Scientific_Announces_Fiscal_Fourth_Quarter_8.pdf', 'DisableMultiRegionAccessPoints': False, 'UseArnRegion': True}
2025-03-23 23:49:17,751 [DEBUG] Endpoint provider result: https://3c5636b6cfe0011ec1887ff62b057097.r2.cloudflarestorage.com/fin-scraping-bucket
2025-03-23 23:49:17,751 [DEBUG] Selecting from endpoint provider's list of auth schemes: "sigv4". User selected auth scheme is: "None"
2025-03-23 23:49:17,751 [DEBUG] Selected auth type "v4" as "v4" with signing context params: {'region': 'us-east-1', 'signing_name': 's3', 'disableDoubleEncoding': True}
2025-03-23 23:49:17,752 [DEBUG] Event before-call.s3.PutObject: calling handler <function add_expect_header at 0x7e639f146ca0>
2025-03-23 23:49:17,753 [DEBUG] Adding expect 100 continue header to request.
2025-03-23 23:49:17,753 [DEBUG] Event before-call.s3.PutObject: calling handler <bound method S3ExpressIdentityResolver.apply_signing_cache_key of <botocore.utils.S3ExpressIdentityResolver object at 0x7e639aa927e0>>
2025-03-23 23:49:17,753 [DEBUG] Event before-call.s3.PutObject: calling handler <function add_recursion_detection_header at 0x7e639f145b20>
2025-03-23 23:49:17,753 [DEBUG] Event before-call.s3.PutObject: calling handler <function add_query_compatibility_header at 0x7e639f16d1c0>
2025-03-23 23:49:17,753 [DEBUG] Event before-call.s3.PutObject: calling handler <function inject_api_version_header_if_needed at 0x7e639f16c220>
2025-03-23 23:49:17,754 [DEBUG] Making request for OperationModel(name=PutObject) with params: {'url_path': '/CORZ/2023-12-31/2024-03-12_Core_Scientific_Announces_Fiscal_Fourth_Quarter_8.pdf/2024-03-12_Core_Scientific_Announces_Fiscal_Fourth_Quarter_8.pdf', 'query_string': {}, 'method': 'PUT', 'headers': {'User-Agent': 'Boto3/1.37.16 md/Botocore#1.37.17 ua/2.1 os/linux#6.11.0-19-generic md/arch#x86_64 lang/python#3.12.3 md/pyimpl#CPython m/N cfg/retry-mode#legacy Botocore/1.37.17', 'Expect': '100-continue', 'Transfer-Encoding': 'chunked', 'Content-Encoding': 'aws-chunked', 'X-Amz-Trailer': 'x-amz-checksum-crc32', 'X-Amz-Decoded-Content-Length': '280736', 'x-amz-sdk-checksum-algorithm': 'CRC32'}, 'body': <botocore.httpchecksum.AwsChunkedWrapper object at 0x7e639aa91e20>, 'auth_path': '/fin-scraping-bucket/CORZ/2023-12-31/2024-03-12_Core_Scientific_Announces_Fiscal_Fourth_Quarter_8.pdf/2024-03-12_Core_Scientific_Announces_Fiscal_Fourth_Quarter_8.pdf', 'url': 'https://3c5636b6cfe0011ec1887ff62b057097.r2.cloudflarestorage.com/fin-scraping-bucket/CORZ/2023-12-31/2024-03-12_Core_Scientific_Announces_Fiscal_Fourth_Quarter_8.pdf/2024-03-12_Core_Scientific_Announces_Fiscal_Fourth_Quarter_8.pdf', 'context': {'client_region': 'us-east-1', 'client_config': <botocore.config.Config object at 0x7e639ead7200>, 'has_streaming_input': True, 'auth_type': 'v4', 'unsigned_payload': None, 's3_redirect': {'redirected': False, 'bucket': 'fin-scraping-bucket', 'params': {'Bucket': 'fin-scraping-bucket', 'Key': 'CORZ/2023-12-31/2024-03-12_Core_Scientific_Announces_Fiscal_Fourth_Quarter_8.pdf/2024-03-12_Core_Scientific_Announces_Fiscal_Fourth_Quarter_8.pdf', 'Body': <_io.BufferedReader name='downloads/2024-03-12_Core_Scientific_Announces_Fiscal_Fourth_Quarter_8.pdf'>}}, 'input_params': {'Bucket': 'fin-scraping-bucket', 'Key': 'CORZ/2023-12-31/2024-03-12_Core_Scientific_Announces_Fiscal_Fourth_Quarter_8.pdf/2024-03-12_Core_Scientific_Announces_Fiscal_Fourth_Quarter_8.pdf'}, 'signing': {'region': 'us-east-1', 'signing_name': 's3', 'disableDoubleEncoding': True}, 'endpoint_properties': {'authSchemes': [{'disableDoubleEncoding': True, 'name': 'sigv4', 'signingName': 's3', 'signingRegion': 'us-east-1'}]}, 'checksum': {'request_algorithm_header': {'name': 'x-amz-sdk-checksum-algorithm', 'value': 'CRC32'}, 'request_algorithm': {'algorithm': 'crc32', 'in': 'trailer', 'name': 'x-amz-checksum-crc32'}}}}
2025-03-23 23:49:17,755 [DEBUG] Event request-created.s3.PutObject: calling handler <bound method RequestSigner.handler of <botocore.signers.RequestSigner object at 0x7e639ead7380>>
2025-03-23 23:49:17,756 [DEBUG] Event choose-signer.s3.PutObject: calling handler <bound method ClientCreator._default_s3_presign_to_sigv2 of <botocore.client.ClientCreator object at 0x7e639dd3c7d0>>
2025-03-23 23:49:17,756 [DEBUG] Event choose-signer.s3.PutObject: calling handler <function set_operation_specific_signer at 0x7e639f146520>
2025-03-23 23:49:17,757 [DEBUG] Event before-sign.s3.PutObject: calling handler <function remove_arn_from_signing_path at 0x7e639f16cc20>
2025-03-23 23:49:17,757 [DEBUG] Event before-sign.s3.PutObject: calling handler <function _set_extra_headers_for_unsigned_request at 0x7e639f16d300>
2025-03-23 23:49:17,757 [DEBUG] Event before-sign.s3.PutObject: calling handler <bound method S3ExpressIdentityResolver.resolve_s3express_identity of <botocore.utils.S3ExpressIdentityResolver object at 0x7e639aa927e0>>
2025-03-23 23:49:17,758 [DEBUG] Calculating signature using v4 auth.
2025-03-23 23:49:17,758 [DEBUG] CanonicalRequest:
PUT
/fin-scraping-bucket/CORZ/2023-12-31/2024-03-12_Core_Scientific_Announces_Fiscal_Fourth_Quarter_8.pdf/2024-03-12_Core_Scientific_Announces_Fiscal_Fourth_Quarter_8.pdf

content-encoding:aws-chunked
host:3c5636b6cfe0011ec1887ff62b057097.r2.cloudflarestorage.com
x-amz-content-sha256:STREAMING-UNSIGNED-PAYLOAD-TRAILER
x-amz-date:20250323T184917Z
x-amz-decoded-content-length:280736
x-amz-sdk-checksum-algorithm:CRC32
x-amz-trailer:x-amz-checksum-crc32

content-encoding;host;x-amz-content-sha256;x-amz-date;x-amz-decoded-content-length;x-amz-sdk-checksum-algorithm;x-amz-trailer
STREAMING-UNSIGNED-PAYLOAD-TRAILER
2025-03-23 23:49:17,758 [DEBUG] StringToSign:
AWS4-HMAC-SHA256
20250323T184917Z
20250323/us-east-1/s3/aws4_request
74ee1fbc7686caa41d7c484522eb817b0c7958ff13452d8d13d8752d43e0885c
2025-03-23 23:49:17,759 [DEBUG] Signature:
324bde2523b2afb4d0ac8eecc1f38c856aeae4188b2279eed1801d47c8444899
2025-03-23 23:49:17,759 [DEBUG] Event request-created.s3.PutObject: calling handler <bound method UserAgentString.rebuild_and_replace_user_agent_handler of <botocore.useragent.UserAgentString object at 0x7e639aa92c30>>
2025-03-23 23:49:17,759 [DEBUG] Event request-created.s3.PutObject: calling handler <function add_retry_headers at 0x7e639f16ca40>
2025-03-23 23:49:17,760 [DEBUG] Sending http request: <AWSPreparedRequest stream_output=False, method=PUT, url=https://3c5636b6cfe0011ec1887ff62b057097.r2.cloudflarestorage.com/fin-scraping-bucket/CORZ/2023-12-31/2024-03-12_Core_Scientific_Announces_Fiscal_Fourth_Quarter_8.pdf/2024-03-12_Core_Scientific_Announces_Fiscal_Fourth_Quarter_8.pdf, headers={'User-Agent': b'Boto3/1.37.16 md/Botocore#1.37.17 ua/2.1 os/linux#6.11.0-19-generic md/arch#x86_64 lang/python#3.12.3 md/pyimpl#CPython m/N cfg/retry-mode#legacy Botocore/1.37.17', 'Expect': b'100-continue', 'Transfer-Encoding': b'chunked', 'Content-Encoding': b'aws-chunked', 'X-Amz-Trailer': b'x-amz-checksum-crc32', 'X-Amz-Decoded-Content-Length': b'280736', 'x-amz-sdk-checksum-algorithm': b'CRC32', 'X-Amz-Date': b'20250323T184917Z', 'X-Amz-Content-SHA256': b'STREAMING-UNSIGNED-PAYLOAD-TRAILER', 'Authorization': b'AWS4-HMAC-SHA256 Credential=f1ac1dc043a240f996be558cfba72868/20250323/us-east-1/s3/aws4_request, SignedHeaders=content-encoding;host;x-amz-content-sha256;x-amz-date;x-amz-decoded-content-length;x-amz-sdk-checksum-algorithm;x-amz-trailer, Signature=324bde2523b2afb4d0ac8eecc1f38c856aeae4188b2279eed1801d47c8444899', 'amz-sdk-invocation-id': b'6da1f7ec-7159-490a-85a4-a67fb11207c9', 'amz-sdk-request': b'attempt=1'}>
2025-03-23 23:49:17,761 [DEBUG] Certificate path: /home/syed-hassan-ul-haq/repos/fin_scraper/venv/lib/python3.12/site-packages/certifi/cacert.pem
2025-03-23 23:49:17,762 [DEBUG] Starting new HTTPS connection (1): 3c5636b6cfe0011ec1887ff62b057097.r2.cloudflarestorage.com:443
2025-03-23 23:49:18,135 [DEBUG] Waiting for 100 Continue response.
2025-03-23 23:49:18,224 [DEBUG] 100 Continue response seen, now sending request body.
2025-03-23 23:49:19,634 [DEBUG] https://3c5636b6cfe0011ec1887ff62b057097.r2.cloudflarestorage.com:443 "PUT /fin-scraping-bucket/CORZ/2023-12-31/2024-03-12_Core_Scientific_Announces_Fiscal_Fourth_Quarter_8.pdf/2024-03-12_Core_Scientific_Announces_Fiscal_Fourth_Quarter_8.pdf HTTP/1.1" 200 0
2025-03-23 23:49:19,636 [DEBUG] Event before-parse.s3.PutObject: calling handler <function _handle_200_error at 0x7e639f16cfe0>
2025-03-23 23:49:19,638 [DEBUG] Event before-parse.s3.PutObject: calling handler <function handle_expires_header at 0x7e639f16ce00>
2025-03-23 23:49:19,639 [DEBUG] Response headers: {'Date': 'Sun, 23 Mar 2025 18:49:19 GMT', 'Content-Type': 'text/plain;charset=UTF-8', 'Content-Length': '0', 'Connection': 'keep-alive', 'ETag': '"86c3ca5b9a65162ed8b1c8a77471eafa"', 'x-amz-checksum-crc32': 'bn7/HA==', 'x-amz-version-id': '7e6a3ba97f40fe5bbd68d3d35ca77beb', 'Vary': 'Accept-Encoding', 'Server': 'cloudflare', 'CF-RAY': '92501ba09e22a3ef-SIN'}
2025-03-23 23:49:19,639 [DEBUG] Response body:
b''
2025-03-23 23:49:19,641 [DEBUG] Event needs-retry.s3.PutObject: calling handler <function _update_status_code at 0x7e639f16d120>
2025-03-23 23:49:19,641 [DEBUG] Event needs-retry.s3.PutObject: calling handler <botocore.retryhandler.RetryHandler object at 0x7e639aa92780>
2025-03-23 23:49:19,642 [DEBUG] No retry needed.
2025-03-23 23:49:19,642 [DEBUG] Event needs-retry.s3.PutObject: calling handler <bound method S3RegionRedirectorv2.redirect_from_error of <botocore.utils.S3RegionRedirectorv2 object at 0x7e639aa92c00>>
2025-03-23 23:49:19,647 [DEBUG] Constructed data object: {'file_name': '2024-03-12_Core_Scientific_Announces_Fiscal_Fourth_Quarter_8.pdf', 'file_type': 'pdf', 'published_date': '2023-12-31', 'url': 'https://3c5636b6cfe0011ec1887ff62b057097.r2.cloudflarestorage.com/fin-scraping-bucket/CORZ/2023-12-31/2024-03-12_Core_Scientific_Announces_Fiscal_Fourth_Quarter_8.pdf/2024-03-12_Core_Scientific_Announces_Fiscal_Fourth_Quarter_8.pdf', 'content_type': ['sec_filing', 'financial_filing', 'presentation', '10-K']}
2025-03-23 23:49:19,653 [DEBUG] Starting new HTTPS connection (1): d1io3yog0oux5.cloudfront.net:443
2025-03-23 23:49:19,760 [DEBUG] https://d1io3yog0oux5.cloudfront.net:443 "GET /_1809aef3bf74227ab43f8f02a5800c1a/corescientific/db/946/9130/presentation/FINAL-CORZ-FY2023-Earnings-Presentation-031124.pdf HTTP/1.1" 200 5844839
2025-03-23 23:49:21,835 [DEBUG] Changing event name from creating-client-class.iot-data to creating-client-class.iot-data-plane
2025-03-23 23:49:21,844 [DEBUG] Changing event name from before-call.apigateway to before-call.api-gateway
2025-03-23 23:49:21,847 [DEBUG] Changing event name from request-created.machinelearning.Predict to request-created.machine-learning.Predict
2025-03-23 23:49:21,855 [DEBUG] Changing event name from before-parameter-build.autoscaling.CreateLaunchConfiguration to before-parameter-build.auto-scaling.CreateLaunchConfiguration
2025-03-23 23:49:21,856 [DEBUG] Changing event name from before-parameter-build.route53 to before-parameter-build.route-53
2025-03-23 23:49:21,861 [DEBUG] Changing event name from request-created.cloudsearchdomain.Search to request-created.cloudsearch-domain.Search
2025-03-23 23:49:21,866 [DEBUG] Changing event name from docs.*.autoscaling.CreateLaunchConfiguration.complete-section to docs.*.auto-scaling.CreateLaunchConfiguration.complete-section
2025-03-23 23:49:21,880 [DEBUG] Changing event name from before-parameter-build.logs.CreateExportTask to before-parameter-build.cloudwatch-logs.CreateExportTask
2025-03-23 23:49:21,882 [DEBUG] Changing event name from docs.*.logs.CreateExportTask.complete-section to docs.*.cloudwatch-logs.CreateExportTask.complete-section
2025-03-23 23:49:21,883 [DEBUG] Changing event name from before-parameter-build.cloudsearchdomain.Search to before-parameter-build.cloudsearch-domain.Search
2025-03-23 23:49:21,884 [DEBUG] Changing event name from docs.*.cloudsearchdomain.Search.complete-section to docs.*.cloudsearch-domain.Search.complete-section
2025-03-23 23:49:21,893 [DEBUG] Loading JSON file: /home/syed-hassan-ul-haq/repos/fin_scraper/venv/lib/python3.12/site-packages/botocore/data/endpoints.json
2025-03-23 23:49:21,981 [DEBUG] Loading JSON file: /home/syed-hassan-ul-haq/repos/fin_scraper/venv/lib/python3.12/site-packages/botocore/data/sdk-default-configuration.json
2025-03-23 23:49:21,982 [DEBUG] Event choose-service-name: calling handler <function handle_service_name_alias at 0x7e639f144b80>
2025-03-23 23:49:22,060 [DEBUG] Loading JSON file: /home/syed-hassan-ul-haq/repos/fin_scraper/venv/lib/python3.12/site-packages/botocore/data/s3/2006-03-01/service-2.json.gz
2025-03-23 23:49:22,084 [DEBUG] Loading JSON file: /home/syed-hassan-ul-haq/repos/fin_scraper/venv/lib/python3.12/site-packages/botocore/data/s3/2006-03-01/service-2.sdk-extras.json
2025-03-23 23:49:22,115 [DEBUG] Loading JSON file: /home/syed-hassan-ul-haq/repos/fin_scraper/venv/lib/python3.12/site-packages/botocore/data/s3/2006-03-01/endpoint-rule-set-1.json.gz
2025-03-23 23:49:22,125 [DEBUG] Loading JSON file: /home/syed-hassan-ul-haq/repos/fin_scraper/venv/lib/python3.12/site-packages/botocore/data/partitions.json
2025-03-23 23:49:22,126 [DEBUG] Event creating-client-class.s3: calling handler <function add_generate_presigned_post at 0x7e639f2d2700>
2025-03-23 23:49:22,127 [DEBUG] Event creating-client-class.s3: calling handler <function lazy_call.<locals>._handler at 0x7e639a48e160>
2025-03-23 23:49:22,127 [DEBUG] Event creating-client-class.s3: calling handler <function add_generate_presigned_url at 0x7e639f2d2480>
2025-03-23 23:49:22,129 [DEBUG] Setting s3 timeout as (60, 60)
2025-03-23 23:49:22,133 [DEBUG] Loading JSON file: /home/syed-hassan-ul-haq/repos/fin_scraper/venv/lib/python3.12/site-packages/botocore/data/_retry.json
2025-03-23 23:49:22,134 [DEBUG] Registering retry handlers for service: s3
2025-03-23 23:49:22,134 [DEBUG] Registering S3 region redirector handler
2025-03-23 23:49:22,135 [DEBUG] Registering S3Express Identity Resolver
2025-03-23 23:49:22,138 [DEBUG] Event before-parameter-build.s3.PutObject: calling handler <function validate_ascii_metadata at 0x7e639f1476a0>
2025-03-23 23:49:22,138 [DEBUG] Event before-parameter-build.s3.PutObject: calling handler <function sse_md5 at 0x7e639f146980>
2025-03-23 23:49:22,138 [DEBUG] Event before-parameter-build.s3.PutObject: calling handler <function convert_body_to_file_like_object at 0x7e639f16c0e0>
2025-03-23 23:49:22,139 [DEBUG] Event before-parameter-build.s3.PutObject: calling handler <function validate_bucket_name at 0x7e639f1468e0>
2025-03-23 23:49:22,139 [DEBUG] Event before-parameter-build.s3.PutObject: calling handler <function remove_bucket_from_url_paths_from_model at 0x7e639f16cae0>
2025-03-23 23:49:22,139 [DEBUG] Event before-parameter-build.s3.PutObject: calling handler <bound method S3RegionRedirectorv2.annotate_request_context of <botocore.utils.S3RegionRedirectorv2 object at 0x7e639ec48410>>
2025-03-23 23:49:22,139 [DEBUG] Event before-parameter-build.s3.PutObject: calling handler <bound method ClientCreator._inject_s3_input_parameters of <botocore.client.ClientCreator object at 0x7e639cad2210>>
2025-03-23 23:49:22,139 [DEBUG] Event before-parameter-build.s3.PutObject: calling handler <function generate_idempotent_uuid at 0x7e639f146700>
2025-03-23 23:49:22,140 [DEBUG] Event before-parameter-build.s3.PutObject: calling handler <function _handle_request_validation_mode_member at 0x7e639f16d260>
2025-03-23 23:49:22,140 [DEBUG] Event before-endpoint-resolution.s3: calling handler <function customize_endpoint_resolver_builtins at 0x7e639f16ccc0>
2025-03-23 23:49:22,140 [DEBUG] Event before-endpoint-resolution.s3: calling handler <bound method S3RegionRedirectorv2.redirect_from_cache of <botocore.utils.S3RegionRedirectorv2 object at 0x7e639ec48410>>
2025-03-23 23:49:22,140 [DEBUG] Calling endpoint provider with parameters: {'Bucket': 'fin-scraping-bucket', 'Region': 'us-east-1', 'UseFIPS': False, 'UseDualStack': False, 'Endpoint': 'https://3c5636b6cfe0011ec1887ff62b057097.r2.cloudflarestorage.com', 'ForcePathStyle': True, 'Accelerate': False, 'UseGlobalEndpoint': True, 'Key': 'CORZ/2023-12-31/FINAL-CORZ-FY2023-Earnings-Presentation-031124.pdf/FINAL-CORZ-FY2023-Earnings-Presentation-031124.pdf', 'DisableMultiRegionAccessPoints': False, 'UseArnRegion': True}
2025-03-23 23:49:22,142 [DEBUG] Endpoint provider result: https://3c5636b6cfe0011ec1887ff62b057097.r2.cloudflarestorage.com/fin-scraping-bucket
2025-03-23 23:49:22,142 [DEBUG] Selecting from endpoint provider's list of auth schemes: "sigv4". User selected auth scheme is: "None"
2025-03-23 23:49:22,142 [DEBUG] Selected auth type "v4" as "v4" with signing context params: {'region': 'us-east-1', 'signing_name': 's3', 'disableDoubleEncoding': True}
2025-03-23 23:49:22,143 [DEBUG] Event before-call.s3.PutObject: calling handler <function add_expect_header at 0x7e639f146ca0>
2025-03-23 23:49:22,144 [DEBUG] Adding expect 100 continue header to request.
2025-03-23 23:49:22,144 [DEBUG] Event before-call.s3.PutObject: calling handler <bound method S3ExpressIdentityResolver.apply_signing_cache_key of <botocore.utils.S3ExpressIdentityResolver object at 0x7e639e6b6a80>>
2025-03-23 23:49:22,144 [DEBUG] Event before-call.s3.PutObject: calling handler <function add_recursion_detection_header at 0x7e639f145b20>
2025-03-23 23:49:22,144 [DEBUG] Event before-call.s3.PutObject: calling handler <function add_query_compatibility_header at 0x7e639f16d1c0>
2025-03-23 23:49:22,144 [DEBUG] Event before-call.s3.PutObject: calling handler <function inject_api_version_header_if_needed at 0x7e639f16c220>
2025-03-23 23:49:22,145 [DEBUG] Making request for OperationModel(name=PutObject) with params: {'url_path': '/CORZ/2023-12-31/FINAL-CORZ-FY2023-Earnings-Presentation-031124.pdf/FINAL-CORZ-FY2023-Earnings-Presentation-031124.pdf', 'query_string': {}, 'method': 'PUT', 'headers': {'User-Agent': 'Boto3/1.37.16 md/Botocore#1.37.17 ua/2.1 os/linux#6.11.0-19-generic md/arch#x86_64 lang/python#3.12.3 md/pyimpl#CPython m/N cfg/retry-mode#legacy Botocore/1.37.17', 'Expect': '100-continue', 'Transfer-Encoding': 'chunked', 'Content-Encoding': 'aws-chunked', 'X-Amz-Trailer': 'x-amz-checksum-crc32', 'X-Amz-Decoded-Content-Length': '5844839', 'x-amz-sdk-checksum-algorithm': 'CRC32'}, 'body': <botocore.httpchecksum.AwsChunkedWrapper object at 0x7e639e6b7650>, 'auth_path': '/fin-scraping-bucket/CORZ/2023-12-31/FINAL-CORZ-FY2023-Earnings-Presentation-031124.pdf/FINAL-CORZ-FY2023-Earnings-Presentation-031124.pdf', 'url': 'https://3c5636b6cfe0011ec1887ff62b057097.r2.cloudflarestorage.com/fin-scraping-bucket/CORZ/2023-12-31/FINAL-CORZ-FY2023-Earnings-Presentation-031124.pdf/FINAL-CORZ-FY2023-Earnings-Presentation-031124.pdf', 'context': {'client_region': 'us-east-1', 'client_config': <botocore.config.Config object at 0x7e639ec4b920>, 'has_streaming_input': True, 'auth_type': 'v4', 'unsigned_payload': None, 's3_redirect': {'redirected': False, 'bucket': 'fin-scraping-bucket', 'params': {'Bucket': 'fin-scraping-bucket', 'Key': 'CORZ/2023-12-31/FINAL-CORZ-FY2023-Earnings-Presentation-031124.pdf/FINAL-CORZ-FY2023-Earnings-Presentation-031124.pdf', 'Body': <_io.BufferedReader name='downloads/FINAL-CORZ-FY2023-Earnings-Presentation-031124.pdf'>}}, 'input_params': {'Bucket': 'fin-scraping-bucket', 'Key': 'CORZ/2023-12-31/FINAL-CORZ-FY2023-Earnings-Presentation-031124.pdf/FINAL-CORZ-FY2023-Earnings-Presentation-031124.pdf'}, 'signing': {'region': 'us-east-1', 'signing_name': 's3', 'disableDoubleEncoding': True}, 'endpoint_properties': {'authSchemes': [{'disableDoubleEncoding': True, 'name': 'sigv4', 'signingName': 's3', 'signingRegion': 'us-east-1'}]}, 'checksum': {'request_algorithm_header': {'name': 'x-amz-sdk-checksum-algorithm', 'value': 'CRC32'}, 'request_algorithm': {'algorithm': 'crc32', 'in': 'trailer', 'name': 'x-amz-checksum-crc32'}}}}
2025-03-23 23:49:22,146 [DEBUG] Event request-created.s3.PutObject: calling handler <bound method RequestSigner.handler of <botocore.signers.RequestSigner object at 0x7e639ec4bbc0>>
2025-03-23 23:49:22,146 [DEBUG] Event choose-signer.s3.PutObject: calling handler <bound method ClientCreator._default_s3_presign_to_sigv2 of <botocore.client.ClientCreator object at 0x7e639cad2210>>
2025-03-23 23:49:22,147 [DEBUG] Event choose-signer.s3.PutObject: calling handler <function set_operation_specific_signer at 0x7e639f146520>
2025-03-23 23:49:22,148 [DEBUG] Event before-sign.s3.PutObject: calling handler <function remove_arn_from_signing_path at 0x7e639f16cc20>
2025-03-23 23:49:22,148 [DEBUG] Event before-sign.s3.PutObject: calling handler <function _set_extra_headers_for_unsigned_request at 0x7e639f16d300>
2025-03-23 23:49:22,148 [DEBUG] Event before-sign.s3.PutObject: calling handler <bound method S3ExpressIdentityResolver.resolve_s3express_identity of <botocore.utils.S3ExpressIdentityResolver object at 0x7e639e6b6a80>>
2025-03-23 23:49:22,149 [DEBUG] Calculating signature using v4 auth.
2025-03-23 23:49:22,150 [DEBUG] CanonicalRequest:
PUT
/fin-scraping-bucket/CORZ/2023-12-31/FINAL-CORZ-FY2023-Earnings-Presentation-031124.pdf/FINAL-CORZ-FY2023-Earnings-Presentation-031124.pdf

content-encoding:aws-chunked
host:3c5636b6cfe0011ec1887ff62b057097.r2.cloudflarestorage.com
x-amz-content-sha256:STREAMING-UNSIGNED-PAYLOAD-TRAILER
x-amz-date:20250323T184922Z
x-amz-decoded-content-length:5844839
x-amz-sdk-checksum-algorithm:CRC32
x-amz-trailer:x-amz-checksum-crc32

content-encoding;host;x-amz-content-sha256;x-amz-date;x-amz-decoded-content-length;x-amz-sdk-checksum-algorithm;x-amz-trailer
STREAMING-UNSIGNED-PAYLOAD-TRAILER
2025-03-23 23:49:22,150 [DEBUG] StringToSign:
AWS4-HMAC-SHA256
20250323T184922Z
20250323/us-east-1/s3/aws4_request
3aa896972608898d1ea98bce51658f9c3763b23c5092a5179985e3522b18a6e5
2025-03-23 23:49:22,150 [DEBUG] Signature:
dd849aa9e6b7eabd754dad779622d4937fe2d75a737ca5e502177818072ec2ee
2025-03-23 23:49:22,151 [DEBUG] Event request-created.s3.PutObject: calling handler <bound method UserAgentString.rebuild_and_replace_user_agent_handler of <botocore.useragent.UserAgentString object at 0x7e639e6b44d0>>
2025-03-23 23:49:22,151 [DEBUG] Event request-created.s3.PutObject: calling handler <function add_retry_headers at 0x7e639f16ca40>
2025-03-23 23:49:22,151 [DEBUG] Sending http request: <AWSPreparedRequest stream_output=False, method=PUT, url=https://3c5636b6cfe0011ec1887ff62b057097.r2.cloudflarestorage.com/fin-scraping-bucket/CORZ/2023-12-31/FINAL-CORZ-FY2023-Earnings-Presentation-031124.pdf/FINAL-CORZ-FY2023-Earnings-Presentation-031124.pdf, headers={'User-Agent': b'Boto3/1.37.16 md/Botocore#1.37.17 ua/2.1 os/linux#6.11.0-19-generic md/arch#x86_64 lang/python#3.12.3 md/pyimpl#CPython m/N cfg/retry-mode#legacy Botocore/1.37.17', 'Expect': b'100-continue', 'Transfer-Encoding': b'chunked', 'Content-Encoding': b'aws-chunked', 'X-Amz-Trailer': b'x-amz-checksum-crc32', 'X-Amz-Decoded-Content-Length': b'5844839', 'x-amz-sdk-checksum-algorithm': b'CRC32', 'X-Amz-Date': b'20250323T184922Z', 'X-Amz-Content-SHA256': b'STREAMING-UNSIGNED-PAYLOAD-TRAILER', 'Authorization': b'AWS4-HMAC-SHA256 Credential=f1ac1dc043a240f996be558cfba72868/20250323/us-east-1/s3/aws4_request, SignedHeaders=content-encoding;host;x-amz-content-sha256;x-amz-date;x-amz-decoded-content-length;x-amz-sdk-checksum-algorithm;x-amz-trailer, Signature=dd849aa9e6b7eabd754dad779622d4937fe2d75a737ca5e502177818072ec2ee', 'amz-sdk-invocation-id': b'f7f9437d-0d1a-40d6-8a35-33d2608eccdc', 'amz-sdk-request': b'attempt=1'}>
2025-03-23 23:49:22,174 [DEBUG] Certificate path: /home/syed-hassan-ul-haq/repos/fin_scraper/venv/lib/python3.12/site-packages/certifi/cacert.pem
2025-03-23 23:49:22,175 [DEBUG] Starting new HTTPS connection (1): 3c5636b6cfe0011ec1887ff62b057097.r2.cloudflarestorage.com:443
2025-03-23 23:49:22,273 [DEBUG] Waiting for 100 Continue response.
2025-03-23 23:49:22,280 [DEBUG] 100 Continue response seen, now sending request body.
2025-03-23 23:49:31,921 [DEBUG] https://3c5636b6cfe0011ec1887ff62b057097.r2.cloudflarestorage.com:443 "PUT /fin-scraping-bucket/CORZ/2023-12-31/FINAL-CORZ-FY2023-Earnings-Presentation-031124.pdf/FINAL-CORZ-FY2023-Earnings-Presentation-031124.pdf HTTP/1.1" 200 0
2025-03-23 23:49:31,922 [DEBUG] Event before-parse.s3.PutObject: calling handler <function _handle_200_error at 0x7e639f16cfe0>
2025-03-23 23:49:31,923 [DEBUG] Event before-parse.s3.PutObject: calling handler <function handle_expires_header at 0x7e639f16ce00>
2025-03-23 23:49:31,924 [DEBUG] Response headers: {'Date': 'Sun, 23 Mar 2025 18:49:31 GMT', 'Content-Type': 'text/plain;charset=UTF-8', 'Content-Length': '0', 'Connection': 'keep-alive', 'ETag': '"876abb7f749a9a51579f946e1127b5dd"', 'x-amz-checksum-crc32': 'xO0bgg==', 'x-amz-version-id': '7e6a3ba96e265b63ffc0f169acd129c1', 'Vary': 'Accept-Encoding', 'Server': 'cloudflare', 'CF-RAY': '92501bba3d1721ec-KHI'}
2025-03-23 23:49:31,924 [DEBUG] Response body:
b''
2025-03-23 23:49:31,925 [DEBUG] Event needs-retry.s3.PutObject: calling handler <function _update_status_code at 0x7e639f16d120>
2025-03-23 23:49:31,926 [DEBUG] Event needs-retry.s3.PutObject: calling handler <botocore.retryhandler.RetryHandler object at 0x7e639e6b67b0>
2025-03-23 23:49:31,926 [DEBUG] No retry needed.
2025-03-23 23:49:31,926 [DEBUG] Event needs-retry.s3.PutObject: calling handler <bound method S3RegionRedirectorv2.redirect_from_error of <botocore.utils.S3RegionRedirectorv2 object at 0x7e639ec48410>>
2025-03-23 23:49:31,933 [DEBUG] Constructed data object: {'file_name': 'FINAL-CORZ-FY2023-Earnings-Presentation-031124.pdf', 'file_type': 'pdf', 'published_date': '2023-12-31', 'url': 'https://3c5636b6cfe0011ec1887ff62b057097.r2.cloudflarestorage.com/fin-scraping-bucket/CORZ/2023-12-31/FINAL-CORZ-FY2023-Earnings-Presentation-031124.pdf/FINAL-CORZ-FY2023-Earnings-Presentation-031124.pdf', 'content_type': ['sec_filing', 'financial_filing', 'presentation', '10-K']}
2025-03-23 23:49:31,939 [DEBUG] Starting new HTTPS connection (1): www.pvh.com:443
2025-03-23 23:49:32,385 [DEBUG] https://www.pvh.com:443 "GET /sec-filings/all-sec-filings/content/0001628280-24-010682/core-20231231.htm HTTP/1.1" 404 1245
2025-03-23 23:49:32,391 [DEBUG] Changing event name from creating-client-class.iot-data to creating-client-class.iot-data-plane
2025-03-23 23:49:32,402 [DEBUG] Changing event name from before-call.apigateway to before-call.api-gateway
2025-03-23 23:49:32,406 [DEBUG] Changing event name from request-created.machinelearning.Predict to request-created.machine-learning.Predict
2025-03-23 23:49:32,415 [DEBUG] Changing event name from before-parameter-build.autoscaling.CreateLaunchConfiguration to before-parameter-build.auto-scaling.CreateLaunchConfiguration
2025-03-23 23:49:32,417 [DEBUG] Changing event name from before-parameter-build.route53 to before-parameter-build.route-53
2025-03-23 23:49:32,421 [DEBUG] Changing event name from request-created.cloudsearchdomain.Search to request-created.cloudsearch-domain.Search
2025-03-23 23:49:32,426 [DEBUG] Changing event name from docs.*.autoscaling.CreateLaunchConfiguration.complete-section to docs.*.auto-scaling.CreateLaunchConfiguration.complete-section
2025-03-23 23:49:32,441 [DEBUG] Changing event name from before-parameter-build.logs.CreateExportTask to before-parameter-build.cloudwatch-logs.CreateExportTask
2025-03-23 23:49:32,442 [DEBUG] Changing event name from docs.*.logs.CreateExportTask.complete-section to docs.*.cloudwatch-logs.CreateExportTask.complete-section
2025-03-23 23:49:32,443 [DEBUG] Changing event name from before-parameter-build.cloudsearchdomain.Search to before-parameter-build.cloudsearch-domain.Search
2025-03-23 23:49:32,443 [DEBUG] Changing event name from docs.*.cloudsearchdomain.Search.complete-section to docs.*.cloudsearch-domain.Search.complete-section
2025-03-23 23:49:32,453 [DEBUG] Loading JSON file: /home/syed-hassan-ul-haq/repos/fin_scraper/venv/lib/python3.12/site-packages/botocore/data/endpoints.json
2025-03-23 23:49:32,537 [DEBUG] Loading JSON file: /home/syed-hassan-ul-haq/repos/fin_scraper/venv/lib/python3.12/site-packages/botocore/data/sdk-default-configuration.json
2025-03-23 23:49:32,538 [DEBUG] Event choose-service-name: calling handler <function handle_service_name_alias at 0x7e639f144b80>
2025-03-23 23:49:32,616 [DEBUG] Loading JSON file: /home/syed-hassan-ul-haq/repos/fin_scraper/venv/lib/python3.12/site-packages/botocore/data/s3/2006-03-01/service-2.json.gz
2025-03-23 23:49:32,649 [DEBUG] Loading JSON file: /home/syed-hassan-ul-haq/repos/fin_scraper/venv/lib/python3.12/site-packages/botocore/data/s3/2006-03-01/service-2.sdk-extras.json
2025-03-23 23:49:32,686 [DEBUG] Loading JSON file: /home/syed-hassan-ul-haq/repos/fin_scraper/venv/lib/python3.12/site-packages/botocore/data/s3/2006-03-01/endpoint-rule-set-1.json.gz
2025-03-23 23:49:32,692 [DEBUG] Loading JSON file: /home/syed-hassan-ul-haq/repos/fin_scraper/venv/lib/python3.12/site-packages/botocore/data/partitions.json
2025-03-23 23:49:32,694 [DEBUG] Event creating-client-class.s3: calling handler <function add_generate_presigned_post at 0x7e639f2d2700>
2025-03-23 23:49:32,694 [DEBUG] Event creating-client-class.s3: calling handler <function lazy_call.<locals>._handler at 0x7e639c78d800>
2025-03-23 23:49:32,694 [DEBUG] Event creating-client-class.s3: calling handler <function add_generate_presigned_url at 0x7e639f2d2480>
2025-03-23 23:49:32,696 [DEBUG] Setting s3 timeout as (60, 60)
2025-03-23 23:49:32,703 [DEBUG] Loading JSON file: /home/syed-hassan-ul-haq/repos/fin_scraper/venv/lib/python3.12/site-packages/botocore/data/_retry.json
2025-03-23 23:49:32,703 [DEBUG] Registering retry handlers for service: s3
2025-03-23 23:49:32,704 [DEBUG] Registering S3 region redirector handler
2025-03-23 23:49:32,705 [DEBUG] Registering S3Express Identity Resolver
2025-03-23 23:49:42,708 [DEBUG] Constructed data object: {'file_name': 'core-20231231.htm', 'file_type': 'html', 'published_date': '2023-12-31', 'url': None, 'content_type': ['sec_filing', 'financial_filing', 'presentation', '10-K']}
2025-03-23 23:49:42,711 [DEBUG] Starting new HTTPS connection (1): www.pvh.com:443
2025-03-23 23:49:43,391 [DEBUG] https://www.pvh.com:443 "GET /sec-filings/all-sec-filings/content/0001628280-24-010682/0001628280-24-010682.pdf HTTP/1.1" 404 1245
2025-03-23 23:49:43,393 [DEBUG] Changing event name from creating-client-class.iot-data to creating-client-class.iot-data-plane
2025-03-23 23:49:43,400 [DEBUG] Changing event name from before-call.apigateway to before-call.api-gateway
2025-03-23 23:49:43,403 [DEBUG] Changing event name from request-created.machinelearning.Predict to request-created.machine-learning.Predict
2025-03-23 23:49:43,409 [DEBUG] Changing event name from before-parameter-build.autoscaling.CreateLaunchConfiguration to before-parameter-build.auto-scaling.CreateLaunchConfiguration
2025-03-23 23:49:43,410 [DEBUG] Changing event name from before-parameter-build.route53 to before-parameter-build.route-53
2025-03-23 23:49:43,414 [DEBUG] Changing event name from request-created.cloudsearchdomain.Search to request-created.cloudsearch-domain.Search
2025-03-23 23:49:43,418 [DEBUG] Changing event name from docs.*.autoscaling.CreateLaunchConfiguration.complete-section to docs.*.auto-scaling.CreateLaunchConfiguration.complete-section
2025-03-23 23:49:43,433 [DEBUG] Changing event name from before-parameter-build.logs.CreateExportTask to before-parameter-build.cloudwatch-logs.CreateExportTask
2025-03-23 23:49:43,434 [DEBUG] Changing event name from docs.*.logs.CreateExportTask.complete-section to docs.*.cloudwatch-logs.CreateExportTask.complete-section
2025-03-23 23:49:43,435 [DEBUG] Changing event name from before-parameter-build.cloudsearchdomain.Search to before-parameter-build.cloudsearch-domain.Search
2025-03-23 23:49:43,436 [DEBUG] Changing event name from docs.*.cloudsearchdomain.Search.complete-section to docs.*.cloudsearch-domain.Search.complete-section
2025-03-23 23:49:43,444 [DEBUG] Loading JSON file: /home/syed-hassan-ul-haq/repos/fin_scraper/venv/lib/python3.12/site-packages/botocore/data/endpoints.json
2025-03-23 23:49:43,522 [DEBUG] Loading JSON file: /home/syed-hassan-ul-haq/repos/fin_scraper/venv/lib/python3.12/site-packages/botocore/data/sdk-default-configuration.json
2025-03-23 23:49:43,523 [DEBUG] Event choose-service-name: calling handler <function handle_service_name_alias at 0x7e639f144b80>
2025-03-23 23:49:43,595 [DEBUG] Loading JSON file: /home/syed-hassan-ul-haq/repos/fin_scraper/venv/lib/python3.12/site-packages/botocore/data/s3/2006-03-01/service-2.json.gz
2025-03-23 23:49:43,615 [DEBUG] Loading JSON file: /home/syed-hassan-ul-haq/repos/fin_scraper/venv/lib/python3.12/site-packages/botocore/data/s3/2006-03-01/service-2.sdk-extras.json
2025-03-23 23:49:43,644 [DEBUG] Loading JSON file: /home/syed-hassan-ul-haq/repos/fin_scraper/venv/lib/python3.12/site-packages/botocore/data/s3/2006-03-01/endpoint-rule-set-1.json.gz
2025-03-23 23:49:43,650 [DEBUG] Loading JSON file: /home/syed-hassan-ul-haq/repos/fin_scraper/venv/lib/python3.12/site-packages/botocore/data/partitions.json
2025-03-23 23:49:43,705 [DEBUG] Event creating-client-class.s3: calling handler <function add_generate_presigned_post at 0x7e639f2d2700>
2025-03-23 23:49:43,706 [DEBUG] Event creating-client-class.s3: calling handler <function lazy_call.<locals>._handler at 0x7e639ec46d40>
2025-03-23 23:49:43,706 [DEBUG] Event creating-client-class.s3: calling handler <function add_generate_presigned_url at 0x7e639f2d2480>
2025-03-23 23:49:43,708 [DEBUG] Setting s3 timeout as (60, 60)
2025-03-23 23:49:43,712 [DEBUG] Loading JSON file: /home/syed-hassan-ul-haq/repos/fin_scraper/venv/lib/python3.12/site-packages/botocore/data/_retry.json
2025-03-23 23:49:43,713 [DEBUG] Registering retry handlers for service: s3
2025-03-23 23:49:43,714 [DEBUG] Registering S3 region redirector handler
2025-03-23 23:49:43,715 [DEBUG] Registering S3Express Identity Resolver
2025-03-23 23:49:53,718 [DEBUG] Constructed data object: {'file_name': '0001628280-24-010682.pdf', 'file_type': 'html', 'published_date': '2023-12-31', 'url': None, 'content_type': ['sec_filing', 'financial_filing', 'presentation', '10-K']}
2025-03-23 23:49:53,721 [DEBUG] Starting new HTTPS connection (1): www.pvh.com:443
2025-03-23 23:49:54,552 [DEBUG] https://www.pvh.com:443 "GET /sec-filings/all-sec-filings/content/0001628280-24-010682/0001628280-24-010682-xbrl.zip HTTP/1.1" 404 1245
2025-03-23 23:49:54,555 [DEBUG] Changing event name from creating-client-class.iot-data to creating-client-class.iot-data-plane
2025-03-23 23:49:54,563 [DEBUG] Changing event name from before-call.apigateway to before-call.api-gateway
2025-03-23 23:49:54,565 [DEBUG] Changing event name from request-created.machinelearning.Predict to request-created.machine-learning.Predict
2025-03-23 23:49:54,574 [DEBUG] Changing event name from before-parameter-build.autoscaling.CreateLaunchConfiguration to before-parameter-build.auto-scaling.CreateLaunchConfiguration
2025-03-23 23:49:54,575 [DEBUG] Changing event name from before-parameter-build.route53 to before-parameter-build.route-53
2025-03-23 23:49:54,579 [DEBUG] Changing event name from request-created.cloudsearchdomain.Search to request-created.cloudsearch-domain.Search
2025-03-23 23:49:54,583 [DEBUG] Changing event name from docs.*.autoscaling.CreateLaunchConfiguration.complete-section to docs.*.auto-scaling.CreateLaunchConfiguration.complete-section
2025-03-23 23:49:54,601 [DEBUG] Changing event name from before-parameter-build.logs.CreateExportTask to before-parameter-build.cloudwatch-logs.CreateExportTask
2025-03-23 23:49:54,602 [DEBUG] Changing event name from docs.*.logs.CreateExportTask.complete-section to docs.*.cloudwatch-logs.CreateExportTask.complete-section
2025-03-23 23:49:54,603 [DEBUG] Changing event name from before-parameter-build.cloudsearchdomain.Search to before-parameter-build.cloudsearch-domain.Search
2025-03-23 23:49:54,603 [DEBUG] Changing event name from docs.*.cloudsearchdomain.Search.complete-section to docs.*.cloudsearch-domain.Search.complete-section
2025-03-23 23:49:54,612 [DEBUG] Loading JSON file: /home/syed-hassan-ul-haq/repos/fin_scraper/venv/lib/python3.12/site-packages/botocore/data/endpoints.json
2025-03-23 23:49:54,698 [DEBUG] Loading JSON file: /home/syed-hassan-ul-haq/repos/fin_scraper/venv/lib/python3.12/site-packages/botocore/data/sdk-default-configuration.json
2025-03-23 23:49:54,699 [DEBUG] Event choose-service-name: calling handler <function handle_service_name_alias at 0x7e639f144b80>
2025-03-23 23:49:54,742 [DEBUG] Loading JSON file: /home/syed-hassan-ul-haq/repos/fin_scraper/venv/lib/python3.12/site-packages/botocore/data/s3/2006-03-01/service-2.json.gz
2025-03-23 23:49:54,763 [DEBUG] Loading JSON file: /home/syed-hassan-ul-haq/repos/fin_scraper/venv/lib/python3.12/site-packages/botocore/data/s3/2006-03-01/service-2.sdk-extras.json
2025-03-23 23:49:54,792 [DEBUG] Loading JSON file: /home/syed-hassan-ul-haq/repos/fin_scraper/venv/lib/python3.12/site-packages/botocore/data/s3/2006-03-01/endpoint-rule-set-1.json.gz
2025-03-23 23:49:54,799 [DEBUG] Loading JSON file: /home/syed-hassan-ul-haq/repos/fin_scraper/venv/lib/python3.12/site-packages/botocore/data/partitions.json
2025-03-23 23:49:54,801 [DEBUG] Event creating-client-class.s3: calling handler <function add_generate_presigned_post at 0x7e639f2d2700>
2025-03-23 23:49:54,801 [DEBUG] Event creating-client-class.s3: calling handler <function lazy_call.<locals>._handler at 0x7e639ec47240>
2025-03-23 23:49:54,801 [DEBUG] Event creating-client-class.s3: calling handler <function add_generate_presigned_url at 0x7e639f2d2480>
2025-03-23 23:49:54,805 [DEBUG] Setting s3 timeout as (60, 60)
2025-03-23 23:49:54,809 [DEBUG] Loading JSON file: /home/syed-hassan-ul-haq/repos/fin_scraper/venv/lib/python3.12/site-packages/botocore/data/_retry.json
2025-03-23 23:49:54,810 [DEBUG] Registering retry handlers for service: s3
2025-03-23 23:49:54,810 [DEBUG] Registering S3 region redirector handler
2025-03-23 23:49:54,811 [DEBUG] Registering S3Express Identity Resolver
2025-03-23 23:50:04,814 [DEBUG] Constructed data object: {'file_name': '0001628280-24-010682-xbrl.zip', 'file_type': 'html', 'published_date': '2023-12-31', 'url': None, 'content_type': ['sec_filing', 'financial_filing', 'presentation', '10-K']}
2025-03-23 23:50:04,815 [DEBUG] Constructed final JSON: {'event_name': 'FY 2023 Fiscal Year Ended Dec 31, 2023 Earnings Release Presentation 10-K', 'equity_ticker': 'CORZ', 'geography': 'US', 'periodicity': 'non-periodic', 'data': [{'file_name': 'core-scientific-announces-fiscal-fourth-quarter-and-full-fiscal-year-2023-results', 'file_type': 'html', 'published_date': '2023-12-31', 'url': 'https://3c5636b6cfe0011ec1887ff62b057097.r2.cloudflarestorage.com/fin-scraping-bucket/CORZ/2023-12-31/core-scientific-announces-fiscal-fourth-quarter-and-full-fiscal-year-2023-results/core-scientific-announces-fiscal-fourth-quarter-and-full-fiscal-year-2023-results', 'content_type': ['sec_filing', 'financial_filing', 'presentation', '10-K']}, {'file_name': '2024-03-12_Core_Scientific_Announces_Fiscal_Fourth_Quarter_8.pdf', 'file_type': 'pdf', 'published_date': '2023-12-31', 'url': 'https://3c5636b6cfe0011ec1887ff62b057097.r2.cloudflarestorage.com/fin-scraping-bucket/CORZ/2023-12-31/2024-03-12_Core_Scientific_Announces_Fiscal_Fourth_Quarter_8.pdf/2024-03-12_Core_Scientific_Announces_Fiscal_Fourth_Quarter_8.pdf', 'content_type': ['sec_filing', 'financial_filing', 'presentation', '10-K']}, {'file_name': 'FINAL-CORZ-FY2023-Earnings-Presentation-031124.pdf', 'file_type': 'pdf', 'published_date': '2023-12-31', 'url': 'https://3c5636b6cfe0011ec1887ff62b057097.r2.cloudflarestorage.com/fin-scraping-bucket/CORZ/2023-12-31/FINAL-CORZ-FY2023-Earnings-Presentation-031124.pdf/FINAL-CORZ-FY2023-Earnings-Presentation-031124.pdf', 'content_type': ['sec_filing', 'financial_filing', 'presentation', '10-K']}, {'file_name': 'core-20231231.htm', 'file_type': 'html', 'published_date': '2023-12-31', 'url': None, 'content_type': ['sec_filing', 'financial_filing', 'presentation', '10-K']}, {'file_name': '0001628280-24-010682.pdf', 'file_type': 'html', 'published_date': '2023-12-31', 'url': None, 'content_type': ['sec_filing', 'financial_filing', 'presentation', '10-K']}, {'file_name': '0001628280-24-010682-xbrl.zip', 'file_type': 'html', 'published_date': '2023-12-31', 'url': None, 'content_type': ['sec_filing', 'financial_filing', 'presentation', '10-K']}]}
2025-03-23 23:50:04,815 [DEBUG] Returning constructed JSON.
2025-03-23 23:50:04,816 [INFO] Snippet #5 -> Event JSON created.
2025-03-23 23:50:04,816 [INFO] Processing snippet #6 / 16
2025-03-23 23:50:04,816 [DEBUG] Starting construct_event_json function.
2025-03-23 23:50:04,817 [DEBUG] html_element length=1149
2025-03-23 23:50:04,817 [DEBUG] equity_ticker=CORZ, geography=US, periodicity=non-periodic
2025-03-23 23:50:04,817 [DEBUG] 

2025-03-23 23:50:04,817 [DEBUG] Original Snippet Text: 
          <div class="col-md-4 results-info">
        <h3>Q3 2023</h3>
                <div class="date">Quarter Ended Sep 30, 2023</div>
                        
      </div>
    
    <div class="col-md-8">     
    <div class="result-line">
    <a href="/sec-filings/all-sec-filings/content/0001628280-23-036849/core-20230930.htm" class="headline-link" aria-label="10-Q Q3 2023" target="_blank" rel="noopener" title="Opens in a new window">
        <span class="headline">10-Q</span>
        <span class="result-link link" aria-hidden="true"><span class="eqicon-HTML"></span>HTML</span>
    </a>
    <a href="/sec-filings/all-sec-filings/content/0001628280-23-036849/0001628280-23-036849.pdf" class="result-link link" aria-label="10-Q Q3 2023 PDF" target="_blank" rel="noopener" title="Opens in a new window"><span class="eqicon-PDF"></span>PDF</a>
    <a href="/sec-filings/all-sec-filings/content/0001628280-23-036849/0001628280-23-036849-xbrl.zip" aria-label="Download Raw XBRL Zip Files of 10-Q Q3 2023" class="link" target="_blank" rel="noopener" title="Opens in a new window"><span class="eqicon-ZIP"></span>XBRL Zip</a>
</div>    </div>
  
2025-03-23 23:50:04,821 [DEBUG] Original Snippet Text: Q3 2023 Quarter Ended Sep 30, 2023 10-Q HTML PDF XBRL Zip
2025-03-23 23:50:04,855 [DEBUG] Analyzing Sentence: 'Q3 2023 Quarter Ended Sep 30, 2023 10-Q HTML PDF XBRL Zip'
2025-03-23 23:50:04,860 [DEBUG] Match found! Token='Quarter' ~ Concept='acquisition' (sim=0.73)
2025-03-23 23:50:04,861 [DEBUG] Cleaning up sentence: 'Q3 2023 Quarter Ended Sep 30, 2023 10-Q HTML PDF XBRL Zip'
2025-03-23 23:50:04,861 [DEBUG] Final Extracted Event Name: Q3 2023 Quarter Ended Sep 30, 2023 10-Q
2025-03-23 23:50:04,862 [DEBUG] Extracted event_name=Q3 2023 Quarter Ended Sep 30, 2023 10-Q
2025-03-23 23:50:04,886 [DEBUG] Extracted published_date=2023-09-30
2025-03-23 23:50:04,886 [DEBUG] 
----------------------------------------------------
2025-03-23 23:50:04,887 [DEBUG] Raw HTML Snippet (truncated):

          <div class="col-md-4 results-info">
        <h3>Q3 2023</h3>
                <div class="date">Quarter Ended Sep 30, 2023</div>
                        
      </div>
    
    <div class="col-md-8">     
    <div class="result-line">
    <a href="/sec-filings/all-sec-filings/content/000162...
2025-03-23 23:50:04,887 [DEBUG] ----------------------------------------------------
2025-03-23 23:50:04,892 [DEBUG] Extracted Text:
Q3 2023 Quarter Ended Sep 30, 2023 10-Q HTML PDF XBRL Zip 10-Q HTML /sec-filings/all-sec-filings/content/0001628280-23-036849/core-20230930.htm PDF /sec-filings/all-sec-filings/content/0001628280-23-036849/0001628280-23-036849.pdf XBRL Zip /sec-filings/all-sec-filings/content/0001628280-23-036849/0001628280-23-036849-xbrl.zip

2025-03-23 23:50:04,894 [DEBUG] [DICT] Found dictionary-based content types: {'10-Q', 'sec_filing', 'three-month-results'}
2025-03-23 23:50:05,092 [DEBUG] [SIM] Found similarity-based content types: set()
2025-03-23 23:50:05,092 [DEBUG] [UNION] Final content types = {'10-Q', 'sec_filing', 'three-month-results'}
2025-03-23 23:50:05,092 [DEBUG] Extracted content_type=['10-Q', 'sec_filing', 'three-month-results']
2025-03-23 23:50:05,094 [DEBUG] Starting new HTTPS connection (1): www.pvh.com:443
2025-03-23 23:50:05,478 [DEBUG] https://www.pvh.com:443 "GET /sec-filings/all-sec-filings/content/0001628280-23-036849/core-20230930.htm HTTP/1.1" 404 1245
2025-03-23 23:50:05,482 [DEBUG] Changing event name from creating-client-class.iot-data to creating-client-class.iot-data-plane
2025-03-23 23:50:05,491 [DEBUG] Changing event name from before-call.apigateway to before-call.api-gateway
2025-03-23 23:50:05,495 [DEBUG] Changing event name from request-created.machinelearning.Predict to request-created.machine-learning.Predict
2025-03-23 23:50:05,504 [DEBUG] Changing event name from before-parameter-build.autoscaling.CreateLaunchConfiguration to before-parameter-build.auto-scaling.CreateLaunchConfiguration
2025-03-23 23:50:05,504 [DEBUG] Changing event name from before-parameter-build.route53 to before-parameter-build.route-53
2025-03-23 23:50:05,509 [DEBUG] Changing event name from request-created.cloudsearchdomain.Search to request-created.cloudsearch-domain.Search
2025-03-23 23:50:05,513 [DEBUG] Changing event name from docs.*.autoscaling.CreateLaunchConfiguration.complete-section to docs.*.auto-scaling.CreateLaunchConfiguration.complete-section
2025-03-23 23:50:05,530 [DEBUG] Changing event name from before-parameter-build.logs.CreateExportTask to before-parameter-build.cloudwatch-logs.CreateExportTask
2025-03-23 23:50:05,531 [DEBUG] Changing event name from docs.*.logs.CreateExportTask.complete-section to docs.*.cloudwatch-logs.CreateExportTask.complete-section
2025-03-23 23:50:05,532 [DEBUG] Changing event name from before-parameter-build.cloudsearchdomain.Search to before-parameter-build.cloudsearch-domain.Search
2025-03-23 23:50:05,533 [DEBUG] Changing event name from docs.*.cloudsearchdomain.Search.complete-section to docs.*.cloudsearch-domain.Search.complete-section
2025-03-23 23:50:05,542 [DEBUG] Loading JSON file: /home/syed-hassan-ul-haq/repos/fin_scraper/venv/lib/python3.12/site-packages/botocore/data/endpoints.json
2025-03-23 23:50:05,664 [DEBUG] Loading JSON file: /home/syed-hassan-ul-haq/repos/fin_scraper/venv/lib/python3.12/site-packages/botocore/data/sdk-default-configuration.json
2025-03-23 23:50:05,664 [DEBUG] Event choose-service-name: calling handler <function handle_service_name_alias at 0x7e639f144b80>
2025-03-23 23:50:05,704 [DEBUG] Loading JSON file: /home/syed-hassan-ul-haq/repos/fin_scraper/venv/lib/python3.12/site-packages/botocore/data/s3/2006-03-01/service-2.json.gz
2025-03-23 23:50:05,726 [DEBUG] Loading JSON file: /home/syed-hassan-ul-haq/repos/fin_scraper/venv/lib/python3.12/site-packages/botocore/data/s3/2006-03-01/service-2.sdk-extras.json
2025-03-23 23:50:05,757 [DEBUG] Loading JSON file: /home/syed-hassan-ul-haq/repos/fin_scraper/venv/lib/python3.12/site-packages/botocore/data/s3/2006-03-01/endpoint-rule-set-1.json.gz
2025-03-23 23:50:05,762 [DEBUG] Loading JSON file: /home/syed-hassan-ul-haq/repos/fin_scraper/venv/lib/python3.12/site-packages/botocore/data/partitions.json
2025-03-23 23:50:05,764 [DEBUG] Event creating-client-class.s3: calling handler <function add_generate_presigned_post at 0x7e639f2d2700>
2025-03-23 23:50:05,764 [DEBUG] Event creating-client-class.s3: calling handler <function lazy_call.<locals>._handler at 0x7e639cfdab60>
2025-03-23 23:50:05,765 [DEBUG] Event creating-client-class.s3: calling handler <function add_generate_presigned_url at 0x7e639f2d2480>
2025-03-23 23:50:05,766 [DEBUG] Setting s3 timeout as (60, 60)
2025-03-23 23:50:05,770 [DEBUG] Loading JSON file: /home/syed-hassan-ul-haq/repos/fin_scraper/venv/lib/python3.12/site-packages/botocore/data/_retry.json
2025-03-23 23:50:05,771 [DEBUG] Registering retry handlers for service: s3
2025-03-23 23:50:05,771 [DEBUG] Registering S3 region redirector handler
2025-03-23 23:50:05,773 [DEBUG] Registering S3Express Identity Resolver
2025-03-23 23:50:15,775 [DEBUG] Constructed data object: {'file_name': 'core-20230930.htm', 'file_type': 'html', 'published_date': '2023-09-30', 'url': None, 'content_type': ['10-Q', 'sec_filing', 'three-month-results']}
2025-03-23 23:50:15,778 [DEBUG] Starting new HTTPS connection (1): www.pvh.com:443
2025-03-23 23:50:16,362 [DEBUG] https://www.pvh.com:443 "GET /sec-filings/all-sec-filings/content/0001628280-23-036849/0001628280-23-036849.pdf HTTP/1.1" 404 1245
2025-03-23 23:50:16,367 [DEBUG] Changing event name from creating-client-class.iot-data to creating-client-class.iot-data-plane
2025-03-23 23:50:16,377 [DEBUG] Changing event name from before-call.apigateway to before-call.api-gateway
2025-03-23 23:50:16,379 [DEBUG] Changing event name from request-created.machinelearning.Predict to request-created.machine-learning.Predict
2025-03-23 23:50:16,384 [DEBUG] Changing event name from before-parameter-build.autoscaling.CreateLaunchConfiguration to before-parameter-build.auto-scaling.CreateLaunchConfiguration
2025-03-23 23:50:16,384 [DEBUG] Changing event name from before-parameter-build.route53 to before-parameter-build.route-53
2025-03-23 23:50:16,387 [DEBUG] Changing event name from request-created.cloudsearchdomain.Search to request-created.cloudsearch-domain.Search
2025-03-23 23:50:16,390 [DEBUG] Changing event name from docs.*.autoscaling.CreateLaunchConfiguration.complete-section to docs.*.auto-scaling.CreateLaunchConfiguration.complete-section
2025-03-23 23:50:16,407 [DEBUG] Changing event name from before-parameter-build.logs.CreateExportTask to before-parameter-build.cloudwatch-logs.CreateExportTask
2025-03-23 23:50:16,408 [DEBUG] Changing event name from docs.*.logs.CreateExportTask.complete-section to docs.*.cloudwatch-logs.CreateExportTask.complete-section
2025-03-23 23:50:16,408 [DEBUG] Changing event name from before-parameter-build.cloudsearchdomain.Search to before-parameter-build.cloudsearch-domain.Search
2025-03-23 23:50:16,409 [DEBUG] Changing event name from docs.*.cloudsearchdomain.Search.complete-section to docs.*.cloudsearch-domain.Search.complete-section
2025-03-23 23:50:16,418 [DEBUG] Loading JSON file: /home/syed-hassan-ul-haq/repos/fin_scraper/venv/lib/python3.12/site-packages/botocore/data/endpoints.json
2025-03-23 23:50:16,503 [DEBUG] Loading JSON file: /home/syed-hassan-ul-haq/repos/fin_scraper/venv/lib/python3.12/site-packages/botocore/data/sdk-default-configuration.json
2025-03-23 23:50:16,504 [DEBUG] Event choose-service-name: calling handler <function handle_service_name_alias at 0x7e639f144b80>
2025-03-23 23:50:16,578 [DEBUG] Loading JSON file: /home/syed-hassan-ul-haq/repos/fin_scraper/venv/lib/python3.12/site-packages/botocore/data/s3/2006-03-01/service-2.json.gz
2025-03-23 23:50:16,617 [DEBUG] Loading JSON file: /home/syed-hassan-ul-haq/repos/fin_scraper/venv/lib/python3.12/site-packages/botocore/data/s3/2006-03-01/service-2.sdk-extras.json
2025-03-23 23:50:16,655 [DEBUG] Loading JSON file: /home/syed-hassan-ul-haq/repos/fin_scraper/venv/lib/python3.12/site-packages/botocore/data/s3/2006-03-01/endpoint-rule-set-1.json.gz
2025-03-23 23:50:16,662 [DEBUG] Loading JSON file: /home/syed-hassan-ul-haq/repos/fin_scraper/venv/lib/python3.12/site-packages/botocore/data/partitions.json
2025-03-23 23:50:16,665 [DEBUG] Event creating-client-class.s3: calling handler <function add_generate_presigned_post at 0x7e639f2d2700>
2025-03-23 23:50:16,665 [DEBUG] Event creating-client-class.s3: calling handler <function lazy_call.<locals>._handler at 0x7e639ec462a0>
2025-03-23 23:50:16,665 [DEBUG] Event creating-client-class.s3: calling handler <function add_generate_presigned_url at 0x7e639f2d2480>
2025-03-23 23:50:16,669 [DEBUG] Setting s3 timeout as (60, 60)
2025-03-23 23:50:16,696 [DEBUG] Loading JSON file: /home/syed-hassan-ul-haq/repos/fin_scraper/venv/lib/python3.12/site-packages/botocore/data/_retry.json
2025-03-23 23:50:16,698 [DEBUG] Registering retry handlers for service: s3
2025-03-23 23:50:16,699 [DEBUG] Registering S3 region redirector handler
2025-03-23 23:50:16,700 [DEBUG] Registering S3Express Identity Resolver
2025-03-23 23:50:26,702 [DEBUG] Constructed data object: {'file_name': '0001628280-23-036849.pdf', 'file_type': 'html', 'published_date': '2023-09-30', 'url': None, 'content_type': ['10-Q', 'sec_filing', 'three-month-results']}
2025-03-23 23:50:26,705 [DEBUG] Starting new HTTPS connection (1): www.pvh.com:443
2025-03-23 23:50:27,523 [DEBUG] https://www.pvh.com:443 "GET /sec-filings/all-sec-filings/content/0001628280-23-036849/0001628280-23-036849-xbrl.zip HTTP/1.1" 404 1245
2025-03-23 23:50:27,527 [DEBUG] Changing event name from creating-client-class.iot-data to creating-client-class.iot-data-plane
2025-03-23 23:50:27,534 [DEBUG] Changing event name from before-call.apigateway to before-call.api-gateway
2025-03-23 23:50:27,538 [DEBUG] Changing event name from request-created.machinelearning.Predict to request-created.machine-learning.Predict
2025-03-23 23:50:27,545 [DEBUG] Changing event name from before-parameter-build.autoscaling.CreateLaunchConfiguration to before-parameter-build.auto-scaling.CreateLaunchConfiguration
2025-03-23 23:50:27,545 [DEBUG] Changing event name from before-parameter-build.route53 to before-parameter-build.route-53
2025-03-23 23:50:27,548 [DEBUG] Changing event name from request-created.cloudsearchdomain.Search to request-created.cloudsearch-domain.Search
2025-03-23 23:50:27,552 [DEBUG] Changing event name from docs.*.autoscaling.CreateLaunchConfiguration.complete-section to docs.*.auto-scaling.CreateLaunchConfiguration.complete-section
2025-03-23 23:50:27,565 [DEBUG] Changing event name from before-parameter-build.logs.CreateExportTask to before-parameter-build.cloudwatch-logs.CreateExportTask
2025-03-23 23:50:27,566 [DEBUG] Changing event name from docs.*.logs.CreateExportTask.complete-section to docs.*.cloudwatch-logs.CreateExportTask.complete-section
2025-03-23 23:50:27,567 [DEBUG] Changing event name from before-parameter-build.cloudsearchdomain.Search to before-parameter-build.cloudsearch-domain.Search
2025-03-23 23:50:27,568 [DEBUG] Changing event name from docs.*.cloudsearchdomain.Search.complete-section to docs.*.cloudsearch-domain.Search.complete-section
2025-03-23 23:50:27,576 [DEBUG] Loading JSON file: /home/syed-hassan-ul-haq/repos/fin_scraper/venv/lib/python3.12/site-packages/botocore/data/endpoints.json
2025-03-23 23:50:27,665 [DEBUG] Loading JSON file: /home/syed-hassan-ul-haq/repos/fin_scraper/venv/lib/python3.12/site-packages/botocore/data/sdk-default-configuration.json
2025-03-23 23:50:27,666 [DEBUG] Event choose-service-name: calling handler <function handle_service_name_alias at 0x7e639f144b80>
2025-03-23 23:50:27,737 [DEBUG] Loading JSON file: /home/syed-hassan-ul-haq/repos/fin_scraper/venv/lib/python3.12/site-packages/botocore/data/s3/2006-03-01/service-2.json.gz
2025-03-23 23:50:27,759 [DEBUG] Loading JSON file: /home/syed-hassan-ul-haq/repos/fin_scraper/venv/lib/python3.12/site-packages/botocore/data/s3/2006-03-01/service-2.sdk-extras.json
2025-03-23 23:50:27,789 [DEBUG] Loading JSON file: /home/syed-hassan-ul-haq/repos/fin_scraper/venv/lib/python3.12/site-packages/botocore/data/s3/2006-03-01/endpoint-rule-set-1.json.gz
2025-03-23 23:50:27,799 [DEBUG] Loading JSON file: /home/syed-hassan-ul-haq/repos/fin_scraper/venv/lib/python3.12/site-packages/botocore/data/partitions.json
2025-03-23 23:50:27,801 [DEBUG] Event creating-client-class.s3: calling handler <function add_generate_presigned_post at 0x7e639f2d2700>
2025-03-23 23:50:27,801 [DEBUG] Event creating-client-class.s3: calling handler <function lazy_call.<locals>._handler at 0x7e639ec44f40>
2025-03-23 23:50:27,802 [DEBUG] Event creating-client-class.s3: calling handler <function add_generate_presigned_url at 0x7e639f2d2480>
2025-03-23 23:50:27,804 [DEBUG] Setting s3 timeout as (60, 60)
2025-03-23 23:50:27,808 [DEBUG] Loading JSON file: /home/syed-hassan-ul-haq/repos/fin_scraper/venv/lib/python3.12/site-packages/botocore/data/_retry.json
2025-03-23 23:50:27,809 [DEBUG] Registering retry handlers for service: s3
2025-03-23 23:50:27,810 [DEBUG] Registering S3 region redirector handler
2025-03-23 23:50:27,811 [DEBUG] Registering S3Express Identity Resolver
2025-03-23 23:50:37,813 [DEBUG] Constructed data object: {'file_name': '0001628280-23-036849-xbrl.zip', 'file_type': 'html', 'published_date': '2023-09-30', 'url': None, 'content_type': ['10-Q', 'sec_filing', 'three-month-results']}
2025-03-23 23:50:37,814 [DEBUG] Constructed final JSON: {'event_name': 'Q3 2023 Quarter Ended Sep 30, 2023 10-Q', 'equity_ticker': 'CORZ', 'geography': 'US', 'periodicity': 'non-periodic', 'data': [{'file_name': 'core-20230930.htm', 'file_type': 'html', 'published_date': '2023-09-30', 'url': None, 'content_type': ['10-Q', 'sec_filing', 'three-month-results']}, {'file_name': '0001628280-23-036849.pdf', 'file_type': 'html', 'published_date': '2023-09-30', 'url': None, 'content_type': ['10-Q', 'sec_filing', 'three-month-results']}, {'file_name': '0001628280-23-036849-xbrl.zip', 'file_type': 'html', 'published_date': '2023-09-30', 'url': None, 'content_type': ['10-Q', 'sec_filing', 'three-month-results']}]}
2025-03-23 23:50:37,814 [DEBUG] Returning constructed JSON.
2025-03-23 23:50:37,815 [INFO] Snippet #6 -> Event JSON created.
2025-03-23 23:50:37,815 [INFO] Processing snippet #7 / 16
2025-03-23 23:50:37,815 [DEBUG] Starting construct_event_json function.
2025-03-23 23:50:37,815 [DEBUG] html_element length=2075
2025-03-23 23:50:37,816 [DEBUG] equity_ticker=CORZ, geography=US, periodicity=non-periodic
2025-03-23 23:50:37,816 [DEBUG] 

2025-03-23 23:50:37,816 [DEBUG] Original Snippet Text: 
          <div class="col-md-4 results-info">
        <h3>Q2 2023</h3>
                <div class="date">Quarter Ended Jun 30, 2023</div>
                        
      </div>
    
    <div class="col-md-8">     
    <div class="result-line">
    <a href="/sec-filings/all-sec-filings/content/0001628280-23-027559/core-20230630.htm" class="headline-link" aria-label="10-Q Q2 2023" target="_blank" rel="noopener" title="Opens in a new window">
        <span class="headline">10-Q</span>
        <span class="result-link link" aria-hidden="true"><span class="eqicon-HTML"></span>HTML</span>
    </a>
    <a href="/sec-filings/all-sec-filings/content/0001628280-23-027559/0001628280-23-027559.pdf" class="result-link link" aria-label="10-Q Q2 2023 PDF" target="_blank" rel="noopener" title="Opens in a new window"><span class="eqicon-PDF"></span>PDF</a>
    <a href="/sec-filings/all-sec-filings/content/0001628280-23-032799/0001628280-23-032799-xbrl.zip" aria-label="Download Raw XBRL Zip Files of 10-Q Q2 2023" class="link" target="_blank" rel="noopener" title="Opens in a new window"><span class="eqicon-ZIP"></span>XBRL Zip</a>
</div><div class="result-line">
    <a href="/sec-filings/all-sec-filings/content/0001628280-23-032799/core-20230630.htm" class="headline-link" aria-label="10-Q/A Q2 2023" target="_blank" rel="noopener" title="Opens in a new window">
        <span class="headline">10-Q/A</span>
        <span class="result-link link" aria-hidden="true"><span class="eqicon-HTML"></span>HTML</span>
    </a>
    <a href="/sec-filings/all-sec-filings/content/0001628280-23-032799/0001628280-23-032799.pdf" class="result-link link" aria-label="10-Q/A Q2 2023 PDF" target="_blank" rel="noopener" title="Opens in a new window"><span class="eqicon-PDF"></span>PDF</a>
    <a href="/sec-filings/all-sec-filings/content/0001628280-23-032799/0001628280-23-032799-xbrl.zip" aria-label="Download Raw XBRL Zip Files of 10-Q/A Q2 2023" class="link" target="_blank" rel="noopener" title="Opens in a new window"><span class="eqicon-ZIP"></span>XBRL Zip</a>
</div>    </div>
  
2025-03-23 23:50:37,823 [DEBUG] Original Snippet Text: Q2 2023 Quarter Ended Jun 30, 2023 10-Q HTML PDF XBRL Zip 10-Q/A HTML PDF XBRL Zip
2025-03-23 23:50:37,863 [DEBUG] Analyzing Sentence: 'Q2 2023 Quarter Ended Jun 30, 2023 10-Q HTML PDF XBRL Zip 10-Q/A HTML PDF XBRL Zip'
2025-03-23 23:50:37,872 [DEBUG] Match found! Token='Quarter' ~ Concept='acquisition' (sim=0.73)
2025-03-23 23:50:37,873 [DEBUG] Cleaning up sentence: 'Q2 2023 Quarter Ended Jun 30, 2023 10-Q HTML PDF XBRL Zip 10-Q/A HTML PDF XBRL Zip'
2025-03-23 23:50:37,874 [DEBUG] Final Extracted Event Name: Q2 2023 Quarter Ended Jun 30, 2023 10-Q 10-Q/A
2025-03-23 23:50:37,874 [DEBUG] Extracted event_name=Q2 2023 Quarter Ended Jun 30, 2023 10-Q 10-Q/A
2025-03-23 23:50:37,893 [DEBUG] Extracted published_date=2023-06-30
2025-03-23 23:50:37,893 [DEBUG] 
----------------------------------------------------
2025-03-23 23:50:37,894 [DEBUG] Raw HTML Snippet (truncated):

          <div class="col-md-4 results-info">
        <h3>Q2 2023</h3>
                <div class="date">Quarter Ended Jun 30, 2023</div>
                        
      </div>
    
    <div class="col-md-8">     
    <div class="result-line">
    <a href="/sec-filings/all-sec-filings/content/000162...
2025-03-23 23:50:37,894 [DEBUG] ----------------------------------------------------
2025-03-23 23:50:37,902 [DEBUG] Extracted Text:
Q2 2023 Quarter Ended Jun 30, 2023 10-Q HTML PDF XBRL Zip 10-Q/A HTML PDF XBRL Zip 10-Q HTML /sec-filings/all-sec-filings/content/0001628280-23-027559/core-20230630.htm PDF /sec-filings/all-sec-filings/content/0001628280-23-027559/0001628280-23-027559.pdf XBRL Zip /sec-filings/all-sec-filings/content/0001628280-23-032799/0001628280-23-032799-xbrl.zip 10-Q/A HTML /sec-filings/all-sec-filings/content/0001628280-23-032799/core-20230630.htm PDF /sec-filings/all-sec-filings/content/0001628280-23-032799/0001628280-23-032799.pdf XBRL Zip /sec-filings/all-sec-filings/content/0001628280-23-032799/0001628280-23-032799-xbrl.zip

2025-03-23 23:50:37,905 [DEBUG] [DICT] Found dictionary-based content types: {'10-Q', 'sec_filing', 'three-month-results'}
2025-03-23 23:50:38,254 [DEBUG] [SIM] Found similarity-based content types: set()
2025-03-23 23:50:38,255 [DEBUG] [UNION] Final content types = {'10-Q', 'sec_filing', 'three-month-results'}
2025-03-23 23:50:38,255 [DEBUG] Extracted content_type=['10-Q', 'sec_filing', 'three-month-results']
2025-03-23 23:50:38,257 [DEBUG] Starting new HTTPS connection (1): www.pvh.com:443
2025-03-23 23:50:38,889 [DEBUG] https://www.pvh.com:443 "GET /sec-filings/all-sec-filings/content/0001628280-23-027559/core-20230630.htm HTTP/1.1" 404 1245
2025-03-23 23:50:38,893 [DEBUG] Changing event name from creating-client-class.iot-data to creating-client-class.iot-data-plane
2025-03-23 23:50:38,901 [DEBUG] Changing event name from before-call.apigateway to before-call.api-gateway
2025-03-23 23:50:38,904 [DEBUG] Changing event name from request-created.machinelearning.Predict to request-created.machine-learning.Predict
2025-03-23 23:50:38,912 [DEBUG] Changing event name from before-parameter-build.autoscaling.CreateLaunchConfiguration to before-parameter-build.auto-scaling.CreateLaunchConfiguration
2025-03-23 23:50:38,913 [DEBUG] Changing event name from before-parameter-build.route53 to before-parameter-build.route-53
2025-03-23 23:50:38,917 [DEBUG] Changing event name from request-created.cloudsearchdomain.Search to request-created.cloudsearch-domain.Search
2025-03-23 23:50:38,922 [DEBUG] Changing event name from docs.*.autoscaling.CreateLaunchConfiguration.complete-section to docs.*.auto-scaling.CreateLaunchConfiguration.complete-section
2025-03-23 23:50:38,933 [DEBUG] Changing event name from before-parameter-build.logs.CreateExportTask to before-parameter-build.cloudwatch-logs.CreateExportTask
2025-03-23 23:50:38,934 [DEBUG] Changing event name from docs.*.logs.CreateExportTask.complete-section to docs.*.cloudwatch-logs.CreateExportTask.complete-section
2025-03-23 23:50:38,935 [DEBUG] Changing event name from before-parameter-build.cloudsearchdomain.Search to before-parameter-build.cloudsearch-domain.Search
2025-03-23 23:50:38,936 [DEBUG] Changing event name from docs.*.cloudsearchdomain.Search.complete-section to docs.*.cloudsearch-domain.Search.complete-section
2025-03-23 23:50:38,944 [DEBUG] Loading JSON file: /home/syed-hassan-ul-haq/repos/fin_scraper/venv/lib/python3.12/site-packages/botocore/data/endpoints.json
2025-03-23 23:50:39,027 [DEBUG] Loading JSON file: /home/syed-hassan-ul-haq/repos/fin_scraper/venv/lib/python3.12/site-packages/botocore/data/sdk-default-configuration.json
2025-03-23 23:50:39,028 [DEBUG] Event choose-service-name: calling handler <function handle_service_name_alias at 0x7e639f144b80>
2025-03-23 23:50:39,072 [DEBUG] Loading JSON file: /home/syed-hassan-ul-haq/repos/fin_scraper/venv/lib/python3.12/site-packages/botocore/data/s3/2006-03-01/service-2.json.gz
2025-03-23 23:50:39,092 [DEBUG] Loading JSON file: /home/syed-hassan-ul-haq/repos/fin_scraper/venv/lib/python3.12/site-packages/botocore/data/s3/2006-03-01/service-2.sdk-extras.json
2025-03-23 23:50:39,121 [DEBUG] Loading JSON file: /home/syed-hassan-ul-haq/repos/fin_scraper/venv/lib/python3.12/site-packages/botocore/data/s3/2006-03-01/endpoint-rule-set-1.json.gz
2025-03-23 23:50:39,180 [DEBUG] Loading JSON file: /home/syed-hassan-ul-haq/repos/fin_scraper/venv/lib/python3.12/site-packages/botocore/data/partitions.json
2025-03-23 23:50:39,182 [DEBUG] Event creating-client-class.s3: calling handler <function add_generate_presigned_post at 0x7e639f2d2700>
2025-03-23 23:50:39,183 [DEBUG] Event creating-client-class.s3: calling handler <function lazy_call.<locals>._handler at 0x7e63aae26340>
2025-03-23 23:50:39,183 [DEBUG] Event creating-client-class.s3: calling handler <function add_generate_presigned_url at 0x7e639f2d2480>
2025-03-23 23:50:39,186 [DEBUG] Setting s3 timeout as (60, 60)
2025-03-23 23:50:39,192 [DEBUG] Loading JSON file: /home/syed-hassan-ul-haq/repos/fin_scraper/venv/lib/python3.12/site-packages/botocore/data/_retry.json
2025-03-23 23:50:39,193 [DEBUG] Registering retry handlers for service: s3
2025-03-23 23:50:39,194 [DEBUG] Registering S3 region redirector handler
2025-03-23 23:50:39,196 [DEBUG] Registering S3Express Identity Resolver
2025-03-23 23:50:49,198 [DEBUG] Constructed data object: {'file_name': 'core-20230630.htm', 'file_type': 'html', 'published_date': '2023-06-30', 'url': None, 'content_type': ['10-Q', 'sec_filing', 'three-month-results']}
2025-03-23 23:50:49,201 [DEBUG] Starting new HTTPS connection (1): www.pvh.com:443
2025-03-23 23:50:49,846 [DEBUG] https://www.pvh.com:443 "GET /sec-filings/all-sec-filings/content/0001628280-23-027559/0001628280-23-027559.pdf HTTP/1.1" 404 1245
2025-03-23 23:50:49,851 [DEBUG] Changing event name from creating-client-class.iot-data to creating-client-class.iot-data-plane
2025-03-23 23:50:49,864 [DEBUG] Changing event name from before-call.apigateway to before-call.api-gateway
2025-03-23 23:50:49,868 [DEBUG] Changing event name from request-created.machinelearning.Predict to request-created.machine-learning.Predict
2025-03-23 23:50:49,874 [DEBUG] Changing event name from before-parameter-build.autoscaling.CreateLaunchConfiguration to before-parameter-build.auto-scaling.CreateLaunchConfiguration
2025-03-23 23:50:49,875 [DEBUG] Changing event name from before-parameter-build.route53 to before-parameter-build.route-53
2025-03-23 23:50:49,879 [DEBUG] Changing event name from request-created.cloudsearchdomain.Search to request-created.cloudsearch-domain.Search
2025-03-23 23:50:49,882 [DEBUG] Changing event name from docs.*.autoscaling.CreateLaunchConfiguration.complete-section to docs.*.auto-scaling.CreateLaunchConfiguration.complete-section
2025-03-23 23:50:49,898 [DEBUG] Changing event name from before-parameter-build.logs.CreateExportTask to before-parameter-build.cloudwatch-logs.CreateExportTask
2025-03-23 23:50:49,899 [DEBUG] Changing event name from docs.*.logs.CreateExportTask.complete-section to docs.*.cloudwatch-logs.CreateExportTask.complete-section
2025-03-23 23:50:49,899 [DEBUG] Changing event name from before-parameter-build.cloudsearchdomain.Search to before-parameter-build.cloudsearch-domain.Search
2025-03-23 23:50:49,900 [DEBUG] Changing event name from docs.*.cloudsearchdomain.Search.complete-section to docs.*.cloudsearch-domain.Search.complete-section
2025-03-23 23:50:49,909 [DEBUG] Loading JSON file: /home/syed-hassan-ul-haq/repos/fin_scraper/venv/lib/python3.12/site-packages/botocore/data/endpoints.json
2025-03-23 23:50:49,997 [DEBUG] Loading JSON file: /home/syed-hassan-ul-haq/repos/fin_scraper/venv/lib/python3.12/site-packages/botocore/data/sdk-default-configuration.json
2025-03-23 23:50:49,997 [DEBUG] Event choose-service-name: calling handler <function handle_service_name_alias at 0x7e639f144b80>
2025-03-23 23:50:50,038 [DEBUG] Loading JSON file: /home/syed-hassan-ul-haq/repos/fin_scraper/venv/lib/python3.12/site-packages/botocore/data/s3/2006-03-01/service-2.json.gz
2025-03-23 23:50:50,058 [DEBUG] Loading JSON file: /home/syed-hassan-ul-haq/repos/fin_scraper/venv/lib/python3.12/site-packages/botocore/data/s3/2006-03-01/service-2.sdk-extras.json
2025-03-23 23:50:50,085 [DEBUG] Loading JSON file: /home/syed-hassan-ul-haq/repos/fin_scraper/venv/lib/python3.12/site-packages/botocore/data/s3/2006-03-01/endpoint-rule-set-1.json.gz
2025-03-23 23:50:50,093 [DEBUG] Loading JSON file: /home/syed-hassan-ul-haq/repos/fin_scraper/venv/lib/python3.12/site-packages/botocore/data/partitions.json
2025-03-23 23:50:50,095 [DEBUG] Event creating-client-class.s3: calling handler <function add_generate_presigned_post at 0x7e639f2d2700>
2025-03-23 23:50:50,095 [DEBUG] Event creating-client-class.s3: calling handler <function lazy_call.<locals>._handler at 0x7e639baffd80>
2025-03-23 23:50:50,095 [DEBUG] Event creating-client-class.s3: calling handler <function add_generate_presigned_url at 0x7e639f2d2480>
2025-03-23 23:50:50,098 [DEBUG] Setting s3 timeout as (60, 60)
2025-03-23 23:50:50,102 [DEBUG] Loading JSON file: /home/syed-hassan-ul-haq/repos/fin_scraper/venv/lib/python3.12/site-packages/botocore/data/_retry.json
2025-03-23 23:50:50,103 [DEBUG] Registering retry handlers for service: s3
2025-03-23 23:50:50,104 [DEBUG] Registering S3 region redirector handler
2025-03-23 23:50:50,105 [DEBUG] Registering S3Express Identity Resolver
2025-03-23 23:51:00,108 [DEBUG] Constructed data object: {'file_name': '0001628280-23-027559.pdf', 'file_type': 'html', 'published_date': '2023-06-30', 'url': None, 'content_type': ['10-Q', 'sec_filing', 'three-month-results']}
2025-03-23 23:51:00,110 [DEBUG] Starting new HTTPS connection (1): www.pvh.com:443
2025-03-23 23:51:00,866 [DEBUG] https://www.pvh.com:443 "GET /sec-filings/all-sec-filings/content/0001628280-23-032799/0001628280-23-032799-xbrl.zip HTTP/1.1" 404 1245
2025-03-23 23:51:00,870 [DEBUG] Changing event name from creating-client-class.iot-data to creating-client-class.iot-data-plane
2025-03-23 23:51:00,878 [DEBUG] Changing event name from before-call.apigateway to before-call.api-gateway
2025-03-23 23:51:00,881 [DEBUG] Changing event name from request-created.machinelearning.Predict to request-created.machine-learning.Predict
2025-03-23 23:51:00,886 [DEBUG] Changing event name from before-parameter-build.autoscaling.CreateLaunchConfiguration to before-parameter-build.auto-scaling.CreateLaunchConfiguration
2025-03-23 23:51:00,886 [DEBUG] Changing event name from before-parameter-build.route53 to before-parameter-build.route-53
2025-03-23 23:51:00,889 [DEBUG] Changing event name from request-created.cloudsearchdomain.Search to request-created.cloudsearch-domain.Search
2025-03-23 23:51:00,891 [DEBUG] Changing event name from docs.*.autoscaling.CreateLaunchConfiguration.complete-section to docs.*.auto-scaling.CreateLaunchConfiguration.complete-section
2025-03-23 23:51:00,905 [DEBUG] Changing event name from before-parameter-build.logs.CreateExportTask to before-parameter-build.cloudwatch-logs.CreateExportTask
2025-03-23 23:51:00,906 [DEBUG] Changing event name from docs.*.logs.CreateExportTask.complete-section to docs.*.cloudwatch-logs.CreateExportTask.complete-section
2025-03-23 23:51:00,907 [DEBUG] Changing event name from before-parameter-build.cloudsearchdomain.Search to before-parameter-build.cloudsearch-domain.Search
2025-03-23 23:51:00,907 [DEBUG] Changing event name from docs.*.cloudsearchdomain.Search.complete-section to docs.*.cloudsearch-domain.Search.complete-section
2025-03-23 23:51:00,915 [DEBUG] Loading JSON file: /home/syed-hassan-ul-haq/repos/fin_scraper/venv/lib/python3.12/site-packages/botocore/data/endpoints.json
2025-03-23 23:51:01,035 [DEBUG] Loading JSON file: /home/syed-hassan-ul-haq/repos/fin_scraper/venv/lib/python3.12/site-packages/botocore/data/sdk-default-configuration.json
2025-03-23 23:51:01,035 [DEBUG] Event choose-service-name: calling handler <function handle_service_name_alias at 0x7e639f144b80>
2025-03-23 23:51:01,074 [DEBUG] Loading JSON file: /home/syed-hassan-ul-haq/repos/fin_scraper/venv/lib/python3.12/site-packages/botocore/data/s3/2006-03-01/service-2.json.gz
2025-03-23 23:51:01,091 [DEBUG] Loading JSON file: /home/syed-hassan-ul-haq/repos/fin_scraper/venv/lib/python3.12/site-packages/botocore/data/s3/2006-03-01/service-2.sdk-extras.json
2025-03-23 23:51:01,123 [DEBUG] Loading JSON file: /home/syed-hassan-ul-haq/repos/fin_scraper/venv/lib/python3.12/site-packages/botocore/data/s3/2006-03-01/endpoint-rule-set-1.json.gz
2025-03-23 23:51:01,129 [DEBUG] Loading JSON file: /home/syed-hassan-ul-haq/repos/fin_scraper/venv/lib/python3.12/site-packages/botocore/data/partitions.json
2025-03-23 23:51:01,132 [DEBUG] Event creating-client-class.s3: calling handler <function add_generate_presigned_post at 0x7e639f2d2700>
2025-03-23 23:51:01,132 [DEBUG] Event creating-client-class.s3: calling handler <function lazy_call.<locals>._handler at 0x7e63979202c0>
2025-03-23 23:51:01,133 [DEBUG] Event creating-client-class.s3: calling handler <function add_generate_presigned_url at 0x7e639f2d2480>
2025-03-23 23:51:01,136 [DEBUG] Setting s3 timeout as (60, 60)
2025-03-23 23:51:01,140 [DEBUG] Loading JSON file: /home/syed-hassan-ul-haq/repos/fin_scraper/venv/lib/python3.12/site-packages/botocore/data/_retry.json
2025-03-23 23:51:01,141 [DEBUG] Registering retry handlers for service: s3
2025-03-23 23:51:01,141 [DEBUG] Registering S3 region redirector handler
2025-03-23 23:51:01,142 [DEBUG] Registering S3Express Identity Resolver
2025-03-23 23:51:11,145 [DEBUG] Constructed data object: {'file_name': '0001628280-23-032799-xbrl.zip', 'file_type': 'html', 'published_date': '2023-06-30', 'url': None, 'content_type': ['10-Q', 'sec_filing', 'three-month-results']}
2025-03-23 23:51:11,149 [DEBUG] Starting new HTTPS connection (1): www.pvh.com:443
2025-03-23 23:51:11,657 [DEBUG] https://www.pvh.com:443 "GET /sec-filings/all-sec-filings/content/0001628280-23-032799/core-20230630.htm HTTP/1.1" 404 1245
2025-03-23 23:51:11,660 [DEBUG] Changing event name from creating-client-class.iot-data to creating-client-class.iot-data-plane
2025-03-23 23:51:11,672 [DEBUG] Changing event name from before-call.apigateway to before-call.api-gateway
2025-03-23 23:51:11,676 [DEBUG] Changing event name from request-created.machinelearning.Predict to request-created.machine-learning.Predict
2025-03-23 23:51:11,684 [DEBUG] Changing event name from before-parameter-build.autoscaling.CreateLaunchConfiguration to before-parameter-build.auto-scaling.CreateLaunchConfiguration
2025-03-23 23:51:11,685 [DEBUG] Changing event name from before-parameter-build.route53 to before-parameter-build.route-53
2025-03-23 23:51:11,689 [DEBUG] Changing event name from request-created.cloudsearchdomain.Search to request-created.cloudsearch-domain.Search
2025-03-23 23:51:11,693 [DEBUG] Changing event name from docs.*.autoscaling.CreateLaunchConfiguration.complete-section to docs.*.auto-scaling.CreateLaunchConfiguration.complete-section
2025-03-23 23:51:11,713 [DEBUG] Changing event name from before-parameter-build.logs.CreateExportTask to before-parameter-build.cloudwatch-logs.CreateExportTask
2025-03-23 23:51:11,714 [DEBUG] Changing event name from docs.*.logs.CreateExportTask.complete-section to docs.*.cloudwatch-logs.CreateExportTask.complete-section
2025-03-23 23:51:11,715 [DEBUG] Changing event name from before-parameter-build.cloudsearchdomain.Search to before-parameter-build.cloudsearch-domain.Search
2025-03-23 23:51:11,716 [DEBUG] Changing event name from docs.*.cloudsearchdomain.Search.complete-section to docs.*.cloudsearch-domain.Search.complete-section
2025-03-23 23:51:11,725 [DEBUG] Loading JSON file: /home/syed-hassan-ul-haq/repos/fin_scraper/venv/lib/python3.12/site-packages/botocore/data/endpoints.json
2025-03-23 23:51:11,865 [DEBUG] Loading JSON file: /home/syed-hassan-ul-haq/repos/fin_scraper/venv/lib/python3.12/site-packages/botocore/data/sdk-default-configuration.json
2025-03-23 23:51:11,866 [DEBUG] Event choose-service-name: calling handler <function handle_service_name_alias at 0x7e639f144b80>
2025-03-23 23:51:11,974 [DEBUG] Loading JSON file: /home/syed-hassan-ul-haq/repos/fin_scraper/venv/lib/python3.12/site-packages/botocore/data/s3/2006-03-01/service-2.json.gz
2025-03-23 23:51:12,006 [DEBUG] Loading JSON file: /home/syed-hassan-ul-haq/repos/fin_scraper/venv/lib/python3.12/site-packages/botocore/data/s3/2006-03-01/service-2.sdk-extras.json
2025-03-23 23:51:12,054 [DEBUG] Loading JSON file: /home/syed-hassan-ul-haq/repos/fin_scraper/venv/lib/python3.12/site-packages/botocore/data/s3/2006-03-01/endpoint-rule-set-1.json.gz
2025-03-23 23:51:12,068 [DEBUG] Loading JSON file: /home/syed-hassan-ul-haq/repos/fin_scraper/venv/lib/python3.12/site-packages/botocore/data/partitions.json
2025-03-23 23:51:12,071 [DEBUG] Event creating-client-class.s3: calling handler <function add_generate_presigned_post at 0x7e639f2d2700>
2025-03-23 23:51:12,071 [DEBUG] Event creating-client-class.s3: calling handler <function lazy_call.<locals>._handler at 0x7e639a9afb00>
2025-03-23 23:51:12,072 [DEBUG] Event creating-client-class.s3: calling handler <function add_generate_presigned_url at 0x7e639f2d2480>
2025-03-23 23:51:12,075 [DEBUG] Setting s3 timeout as (60, 60)
2025-03-23 23:51:12,108 [DEBUG] Loading JSON file: /home/syed-hassan-ul-haq/repos/fin_scraper/venv/lib/python3.12/site-packages/botocore/data/_retry.json
2025-03-23 23:51:12,109 [DEBUG] Registering retry handlers for service: s3
2025-03-23 23:51:12,110 [DEBUG] Registering S3 region redirector handler
2025-03-23 23:51:12,112 [DEBUG] Registering S3Express Identity Resolver
2025-03-23 23:51:22,114 [DEBUG] Constructed data object: {'file_name': 'core-20230630.htm', 'file_type': 'html', 'published_date': '2023-06-30', 'url': None, 'content_type': ['10-Q', 'sec_filing', 'three-month-results']}
2025-03-23 23:51:22,117 [DEBUG] Starting new HTTPS connection (1): www.pvh.com:443
2025-03-23 23:51:22,635 [DEBUG] https://www.pvh.com:443 "GET /sec-filings/all-sec-filings/content/0001628280-23-032799/0001628280-23-032799.pdf HTTP/1.1" 404 1245
2025-03-23 23:51:22,640 [DEBUG] Changing event name from creating-client-class.iot-data to creating-client-class.iot-data-plane
2025-03-23 23:51:22,648 [DEBUG] Changing event name from before-call.apigateway to before-call.api-gateway
2025-03-23 23:51:22,652 [DEBUG] Changing event name from request-created.machinelearning.Predict to request-created.machine-learning.Predict
2025-03-23 23:51:22,660 [DEBUG] Changing event name from before-parameter-build.autoscaling.CreateLaunchConfiguration to before-parameter-build.auto-scaling.CreateLaunchConfiguration
2025-03-23 23:51:22,661 [DEBUG] Changing event name from before-parameter-build.route53 to before-parameter-build.route-53
2025-03-23 23:51:22,664 [DEBUG] Changing event name from request-created.cloudsearchdomain.Search to request-created.cloudsearch-domain.Search
2025-03-23 23:51:22,669 [DEBUG] Changing event name from docs.*.autoscaling.CreateLaunchConfiguration.complete-section to docs.*.auto-scaling.CreateLaunchConfiguration.complete-section
2025-03-23 23:51:22,686 [DEBUG] Changing event name from before-parameter-build.logs.CreateExportTask to before-parameter-build.cloudwatch-logs.CreateExportTask
2025-03-23 23:51:22,687 [DEBUG] Changing event name from docs.*.logs.CreateExportTask.complete-section to docs.*.cloudwatch-logs.CreateExportTask.complete-section
2025-03-23 23:51:22,687 [DEBUG] Changing event name from before-parameter-build.cloudsearchdomain.Search to before-parameter-build.cloudsearch-domain.Search
2025-03-23 23:51:22,688 [DEBUG] Changing event name from docs.*.cloudsearchdomain.Search.complete-section to docs.*.cloudsearch-domain.Search.complete-section
2025-03-23 23:51:22,697 [DEBUG] Loading JSON file: /home/syed-hassan-ul-haq/repos/fin_scraper/venv/lib/python3.12/site-packages/botocore/data/endpoints.json
2025-03-23 23:51:22,791 [DEBUG] Loading JSON file: /home/syed-hassan-ul-haq/repos/fin_scraper/venv/lib/python3.12/site-packages/botocore/data/sdk-default-configuration.json
2025-03-23 23:51:22,792 [DEBUG] Event choose-service-name: calling handler <function handle_service_name_alias at 0x7e639f144b80>
2025-03-23 23:51:22,828 [DEBUG] Loading JSON file: /home/syed-hassan-ul-haq/repos/fin_scraper/venv/lib/python3.12/site-packages/botocore/data/s3/2006-03-01/service-2.json.gz
2025-03-23 23:51:22,852 [DEBUG] Loading JSON file: /home/syed-hassan-ul-haq/repos/fin_scraper/venv/lib/python3.12/site-packages/botocore/data/s3/2006-03-01/service-2.sdk-extras.json
2025-03-23 23:51:22,879 [DEBUG] Loading JSON file: /home/syed-hassan-ul-haq/repos/fin_scraper/venv/lib/python3.12/site-packages/botocore/data/s3/2006-03-01/endpoint-rule-set-1.json.gz
2025-03-23 23:51:22,887 [DEBUG] Loading JSON file: /home/syed-hassan-ul-haq/repos/fin_scraper/venv/lib/python3.12/site-packages/botocore/data/partitions.json
2025-03-23 23:51:22,890 [DEBUG] Event creating-client-class.s3: calling handler <function add_generate_presigned_post at 0x7e639f2d2700>
2025-03-23 23:51:22,890 [DEBUG] Event creating-client-class.s3: calling handler <function lazy_call.<locals>._handler at 0x7e639a9afba0>
2025-03-23 23:51:22,890 [DEBUG] Event creating-client-class.s3: calling handler <function add_generate_presigned_url at 0x7e639f2d2480>
2025-03-23 23:51:22,894 [DEBUG] Setting s3 timeout as (60, 60)
2025-03-23 23:51:22,899 [DEBUG] Loading JSON file: /home/syed-hassan-ul-haq/repos/fin_scraper/venv/lib/python3.12/site-packages/botocore/data/_retry.json
2025-03-23 23:51:22,900 [DEBUG] Registering retry handlers for service: s3
2025-03-23 23:51:22,900 [DEBUG] Registering S3 region redirector handler
2025-03-23 23:51:22,901 [DEBUG] Registering S3Express Identity Resolver
2025-03-23 23:51:32,904 [DEBUG] Constructed data object: {'file_name': '0001628280-23-032799.pdf', 'file_type': 'html', 'published_date': '2023-06-30', 'url': None, 'content_type': ['10-Q', 'sec_filing', 'three-month-results']}
2025-03-23 23:51:32,908 [DEBUG] Starting new HTTPS connection (1): www.pvh.com:443
2025-03-23 23:51:33,463 [DEBUG] https://www.pvh.com:443 "GET /sec-filings/all-sec-filings/content/0001628280-23-032799/0001628280-23-032799-xbrl.zip HTTP/1.1" 404 1245
2025-03-23 23:51:33,468 [DEBUG] Changing event name from creating-client-class.iot-data to creating-client-class.iot-data-plane
2025-03-23 23:51:33,481 [DEBUG] Changing event name from before-call.apigateway to before-call.api-gateway
2025-03-23 23:51:33,485 [DEBUG] Changing event name from request-created.machinelearning.Predict to request-created.machine-learning.Predict
2025-03-23 23:51:33,492 [DEBUG] Changing event name from before-parameter-build.autoscaling.CreateLaunchConfiguration to before-parameter-build.auto-scaling.CreateLaunchConfiguration
2025-03-23 23:51:33,493 [DEBUG] Changing event name from before-parameter-build.route53 to before-parameter-build.route-53
2025-03-23 23:51:33,498 [DEBUG] Changing event name from request-created.cloudsearchdomain.Search to request-created.cloudsearch-domain.Search
2025-03-23 23:51:33,501 [DEBUG] Changing event name from docs.*.autoscaling.CreateLaunchConfiguration.complete-section to docs.*.auto-scaling.CreateLaunchConfiguration.complete-section
2025-03-23 23:51:33,513 [DEBUG] Changing event name from before-parameter-build.logs.CreateExportTask to before-parameter-build.cloudwatch-logs.CreateExportTask
2025-03-23 23:51:33,514 [DEBUG] Changing event name from docs.*.logs.CreateExportTask.complete-section to docs.*.cloudwatch-logs.CreateExportTask.complete-section
2025-03-23 23:51:33,515 [DEBUG] Changing event name from before-parameter-build.cloudsearchdomain.Search to before-parameter-build.cloudsearch-domain.Search
2025-03-23 23:51:33,516 [DEBUG] Changing event name from docs.*.cloudsearchdomain.Search.complete-section to docs.*.cloudsearch-domain.Search.complete-section
2025-03-23 23:51:33,525 [DEBUG] Loading JSON file: /home/syed-hassan-ul-haq/repos/fin_scraper/venv/lib/python3.12/site-packages/botocore/data/endpoints.json
2025-03-23 23:51:33,616 [DEBUG] Loading JSON file: /home/syed-hassan-ul-haq/repos/fin_scraper/venv/lib/python3.12/site-packages/botocore/data/sdk-default-configuration.json
2025-03-23 23:51:33,617 [DEBUG] Event choose-service-name: calling handler <function handle_service_name_alias at 0x7e639f144b80>
2025-03-23 23:51:33,652 [DEBUG] Loading JSON file: /home/syed-hassan-ul-haq/repos/fin_scraper/venv/lib/python3.12/site-packages/botocore/data/s3/2006-03-01/service-2.json.gz
2025-03-23 23:51:33,681 [DEBUG] Loading JSON file: /home/syed-hassan-ul-haq/repos/fin_scraper/venv/lib/python3.12/site-packages/botocore/data/s3/2006-03-01/service-2.sdk-extras.json
2025-03-23 23:51:33,712 [DEBUG] Loading JSON file: /home/syed-hassan-ul-haq/repos/fin_scraper/venv/lib/python3.12/site-packages/botocore/data/s3/2006-03-01/endpoint-rule-set-1.json.gz
2025-03-23 23:51:33,719 [DEBUG] Loading JSON file: /home/syed-hassan-ul-haq/repos/fin_scraper/venv/lib/python3.12/site-packages/botocore/data/partitions.json
2025-03-23 23:51:33,768 [DEBUG] Event creating-client-class.s3: calling handler <function add_generate_presigned_post at 0x7e639f2d2700>
2025-03-23 23:51:33,768 [DEBUG] Event creating-client-class.s3: calling handler <function lazy_call.<locals>._handler at 0x7e6399ba8360>
2025-03-23 23:51:33,768 [DEBUG] Event creating-client-class.s3: calling handler <function add_generate_presigned_url at 0x7e639f2d2480>
2025-03-23 23:51:33,771 [DEBUG] Setting s3 timeout as (60, 60)
2025-03-23 23:51:33,776 [DEBUG] Loading JSON file: /home/syed-hassan-ul-haq/repos/fin_scraper/venv/lib/python3.12/site-packages/botocore/data/_retry.json
2025-03-23 23:51:33,777 [DEBUG] Registering retry handlers for service: s3
2025-03-23 23:51:33,777 [DEBUG] Registering S3 region redirector handler
2025-03-23 23:51:33,779 [DEBUG] Registering S3Express Identity Resolver
2025-03-23 23:51:43,782 [DEBUG] Constructed data object: {'file_name': '0001628280-23-032799-xbrl.zip', 'file_type': 'html', 'published_date': '2023-06-30', 'url': None, 'content_type': ['10-Q', 'sec_filing', 'three-month-results']}
2025-03-23 23:51:43,782 [DEBUG] Constructed final JSON: {'event_name': 'Q2 2023 Quarter Ended Jun 30, 2023 10-Q 10-Q/A', 'equity_ticker': 'CORZ', 'geography': 'US', 'periodicity': 'non-periodic', 'data': [{'file_name': 'core-20230630.htm', 'file_type': 'html', 'published_date': '2023-06-30', 'url': None, 'content_type': ['10-Q', 'sec_filing', 'three-month-results']}, {'file_name': '0001628280-23-027559.pdf', 'file_type': 'html', 'published_date': '2023-06-30', 'url': None, 'content_type': ['10-Q', 'sec_filing', 'three-month-results']}, {'file_name': '0001628280-23-032799-xbrl.zip', 'file_type': 'html', 'published_date': '2023-06-30', 'url': None, 'content_type': ['10-Q', 'sec_filing', 'three-month-results']}, {'file_name': 'core-20230630.htm', 'file_type': 'html', 'published_date': '2023-06-30', 'url': None, 'content_type': ['10-Q', 'sec_filing', 'three-month-results']}, {'file_name': '0001628280-23-032799.pdf', 'file_type': 'html', 'published_date': '2023-06-30', 'url': None, 'content_type': ['10-Q', 'sec_filing', 'three-month-results']}, {'file_name': '0001628280-23-032799-xbrl.zip', 'file_type': 'html', 'published_date': '2023-06-30', 'url': None, 'content_type': ['10-Q', 'sec_filing', 'three-month-results']}]}
2025-03-23 23:51:43,783 [DEBUG] Returning constructed JSON.
2025-03-23 23:51:43,783 [INFO] Snippet #7 -> Event JSON created.
2025-03-23 23:51:43,783 [INFO] Processing snippet #8 / 16
2025-03-23 23:51:43,784 [DEBUG] Starting construct_event_json function.
2025-03-23 23:51:43,784 [DEBUG] html_element length=1149
2025-03-23 23:51:43,784 [DEBUG] equity_ticker=CORZ, geography=US, periodicity=non-periodic
2025-03-23 23:51:43,784 [DEBUG] 

2025-03-23 23:51:43,785 [DEBUG] Original Snippet Text: 
          <div class="col-md-4 results-info">
        <h3>Q1 2023</h3>
                <div class="date">Quarter Ended Mar 31, 2023</div>
                        
      </div>
    
    <div class="col-md-8">     
    <div class="result-line">
    <a href="/sec-filings/all-sec-filings/content/0001628280-23-017974/core-20230331.htm" class="headline-link" aria-label="10-Q Q1 2023" target="_blank" rel="noopener" title="Opens in a new window">
        <span class="headline">10-Q</span>
        <span class="result-link link" aria-hidden="true"><span class="eqicon-HTML"></span>HTML</span>
    </a>
    <a href="/sec-filings/all-sec-filings/content/0001628280-23-017974/0001628280-23-017974.pdf" class="result-link link" aria-label="10-Q Q1 2023 PDF" target="_blank" rel="noopener" title="Opens in a new window"><span class="eqicon-PDF"></span>PDF</a>
    <a href="/sec-filings/all-sec-filings/content/0001628280-23-017974/0001628280-23-017974-xbrl.zip" aria-label="Download Raw XBRL Zip Files of 10-Q Q1 2023" class="link" target="_blank" rel="noopener" title="Opens in a new window"><span class="eqicon-ZIP"></span>XBRL Zip</a>
</div>    </div>
  
2025-03-23 23:51:43,789 [DEBUG] Original Snippet Text: Q1 2023 Quarter Ended Mar 31, 2023 10-Q HTML PDF XBRL Zip
2025-03-23 23:51:43,826 [DEBUG] Analyzing Sentence: 'Q1 2023 Quarter Ended Mar 31, 2023 10-Q HTML PDF XBRL Zip'
2025-03-23 23:51:43,835 [DEBUG] Match found! Token='Quarter' ~ Concept='acquisition' (sim=0.73)
2025-03-23 23:51:43,836 [DEBUG] Cleaning up sentence: 'Q1 2023 Quarter Ended Mar 31, 2023 10-Q HTML PDF XBRL Zip'
2025-03-23 23:51:43,836 [DEBUG] Final Extracted Event Name: Q1 2023 Quarter Ended Mar 31, 2023 10-Q
2025-03-23 23:51:43,837 [DEBUG] Extracted event_name=Q1 2023 Quarter Ended Mar 31, 2023 10-Q
2025-03-23 23:51:43,851 [DEBUG] Extracted published_date=2023-03-31
2025-03-23 23:51:43,852 [DEBUG] 
----------------------------------------------------
2025-03-23 23:51:43,852 [DEBUG] Raw HTML Snippet (truncated):

          <div class="col-md-4 results-info">
        <h3>Q1 2023</h3>
                <div class="date">Quarter Ended Mar 31, 2023</div>
                        
      </div>
    
    <div class="col-md-8">     
    <div class="result-line">
    <a href="/sec-filings/all-sec-filings/content/000162...
2025-03-23 23:51:43,853 [DEBUG] ----------------------------------------------------
2025-03-23 23:51:43,857 [DEBUG] Extracted Text:
Q1 2023 Quarter Ended Mar 31, 2023 10-Q HTML PDF XBRL Zip 10-Q HTML /sec-filings/all-sec-filings/content/0001628280-23-017974/core-20230331.htm PDF /sec-filings/all-sec-filings/content/0001628280-23-017974/0001628280-23-017974.pdf XBRL Zip /sec-filings/all-sec-filings/content/0001628280-23-017974/0001628280-23-017974-xbrl.zip

2025-03-23 23:51:43,858 [DEBUG] [DICT] Found dictionary-based content types: {'10-Q', 'sec_filing', 'three-month-results'}
2025-03-23 23:51:44,035 [DEBUG] [SIM] Found similarity-based content types: set()
2025-03-23 23:51:44,035 [DEBUG] [UNION] Final content types = {'10-Q', 'sec_filing', 'three-month-results'}
2025-03-23 23:51:44,035 [DEBUG] Extracted content_type=['10-Q', 'sec_filing', 'three-month-results']
2025-03-23 23:51:44,037 [DEBUG] Starting new HTTPS connection (1): www.pvh.com:443
2025-03-23 23:51:44,526 [DEBUG] https://www.pvh.com:443 "GET /sec-filings/all-sec-filings/content/0001628280-23-017974/core-20230331.htm HTTP/1.1" 404 1245
2025-03-23 23:51:44,530 [DEBUG] Changing event name from creating-client-class.iot-data to creating-client-class.iot-data-plane
2025-03-23 23:51:44,538 [DEBUG] Changing event name from before-call.apigateway to before-call.api-gateway
2025-03-23 23:51:44,542 [DEBUG] Changing event name from request-created.machinelearning.Predict to request-created.machine-learning.Predict
2025-03-23 23:51:44,551 [DEBUG] Changing event name from before-parameter-build.autoscaling.CreateLaunchConfiguration to before-parameter-build.auto-scaling.CreateLaunchConfiguration
2025-03-23 23:51:44,552 [DEBUG] Changing event name from before-parameter-build.route53 to before-parameter-build.route-53
2025-03-23 23:51:44,556 [DEBUG] Changing event name from request-created.cloudsearchdomain.Search to request-created.cloudsearch-domain.Search
2025-03-23 23:51:44,560 [DEBUG] Changing event name from docs.*.autoscaling.CreateLaunchConfiguration.complete-section to docs.*.auto-scaling.CreateLaunchConfiguration.complete-section
2025-03-23 23:51:44,577 [DEBUG] Changing event name from before-parameter-build.logs.CreateExportTask to before-parameter-build.cloudwatch-logs.CreateExportTask
2025-03-23 23:51:44,579 [DEBUG] Changing event name from docs.*.logs.CreateExportTask.complete-section to docs.*.cloudwatch-logs.CreateExportTask.complete-section
2025-03-23 23:51:44,579 [DEBUG] Changing event name from before-parameter-build.cloudsearchdomain.Search to before-parameter-build.cloudsearch-domain.Search
2025-03-23 23:51:44,580 [DEBUG] Changing event name from docs.*.cloudsearchdomain.Search.complete-section to docs.*.cloudsearch-domain.Search.complete-section
2025-03-23 23:51:44,587 [DEBUG] Loading JSON file: /home/syed-hassan-ul-haq/repos/fin_scraper/venv/lib/python3.12/site-packages/botocore/data/endpoints.json
2025-03-23 23:51:44,678 [DEBUG] Loading JSON file: /home/syed-hassan-ul-haq/repos/fin_scraper/venv/lib/python3.12/site-packages/botocore/data/sdk-default-configuration.json
2025-03-23 23:51:44,679 [DEBUG] Event choose-service-name: calling handler <function handle_service_name_alias at 0x7e639f144b80>
2025-03-23 23:51:44,753 [DEBUG] Loading JSON file: /home/syed-hassan-ul-haq/repos/fin_scraper/venv/lib/python3.12/site-packages/botocore/data/s3/2006-03-01/service-2.json.gz
2025-03-23 23:51:44,771 [DEBUG] Loading JSON file: /home/syed-hassan-ul-haq/repos/fin_scraper/venv/lib/python3.12/site-packages/botocore/data/s3/2006-03-01/service-2.sdk-extras.json
2025-03-23 23:51:44,800 [DEBUG] Loading JSON file: /home/syed-hassan-ul-haq/repos/fin_scraper/venv/lib/python3.12/site-packages/botocore/data/s3/2006-03-01/endpoint-rule-set-1.json.gz
2025-03-23 23:51:44,810 [DEBUG] Loading JSON file: /home/syed-hassan-ul-haq/repos/fin_scraper/venv/lib/python3.12/site-packages/botocore/data/partitions.json
2025-03-23 23:51:44,814 [DEBUG] Event creating-client-class.s3: calling handler <function add_generate_presigned_post at 0x7e639f2d2700>
2025-03-23 23:51:44,814 [DEBUG] Event creating-client-class.s3: calling handler <function lazy_call.<locals>._handler at 0x7e639b7328e0>
2025-03-23 23:51:44,815 [DEBUG] Event creating-client-class.s3: calling handler <function add_generate_presigned_url at 0x7e639f2d2480>
2025-03-23 23:51:44,817 [DEBUG] Setting s3 timeout as (60, 60)
2025-03-23 23:51:44,821 [DEBUG] Loading JSON file: /home/syed-hassan-ul-haq/repos/fin_scraper/venv/lib/python3.12/site-packages/botocore/data/_retry.json
2025-03-23 23:51:44,822 [DEBUG] Registering retry handlers for service: s3
2025-03-23 23:51:44,822 [DEBUG] Registering S3 region redirector handler
2025-03-23 23:51:44,824 [DEBUG] Registering S3Express Identity Resolver
2025-03-23 23:51:54,827 [DEBUG] Constructed data object: {'file_name': 'core-20230331.htm', 'file_type': 'html', 'published_date': '2023-03-31', 'url': None, 'content_type': ['10-Q', 'sec_filing', 'three-month-results']}
2025-03-23 23:51:54,829 [DEBUG] Starting new HTTPS connection (1): www.pvh.com:443
2025-03-23 23:51:55,379 [DEBUG] https://www.pvh.com:443 "GET /sec-filings/all-sec-filings/content/0001628280-23-017974/0001628280-23-017974.pdf HTTP/1.1" 404 1245
2025-03-23 23:51:55,383 [DEBUG] Changing event name from creating-client-class.iot-data to creating-client-class.iot-data-plane
2025-03-23 23:51:55,391 [DEBUG] Changing event name from before-call.apigateway to before-call.api-gateway
2025-03-23 23:51:55,394 [DEBUG] Changing event name from request-created.machinelearning.Predict to request-created.machine-learning.Predict
2025-03-23 23:51:55,401 [DEBUG] Changing event name from before-parameter-build.autoscaling.CreateLaunchConfiguration to before-parameter-build.auto-scaling.CreateLaunchConfiguration
2025-03-23 23:51:55,401 [DEBUG] Changing event name from before-parameter-build.route53 to before-parameter-build.route-53
2025-03-23 23:51:55,405 [DEBUG] Changing event name from request-created.cloudsearchdomain.Search to request-created.cloudsearch-domain.Search
2025-03-23 23:51:55,410 [DEBUG] Changing event name from docs.*.autoscaling.CreateLaunchConfiguration.complete-section to docs.*.auto-scaling.CreateLaunchConfiguration.complete-section
2025-03-23 23:51:55,422 [DEBUG] Changing event name from before-parameter-build.logs.CreateExportTask to before-parameter-build.cloudwatch-logs.CreateExportTask
2025-03-23 23:51:55,424 [DEBUG] Changing event name from docs.*.logs.CreateExportTask.complete-section to docs.*.cloudwatch-logs.CreateExportTask.complete-section
2025-03-23 23:51:55,425 [DEBUG] Changing event name from before-parameter-build.cloudsearchdomain.Search to before-parameter-build.cloudsearch-domain.Search
2025-03-23 23:51:55,426 [DEBUG] Changing event name from docs.*.cloudsearchdomain.Search.complete-section to docs.*.cloudsearch-domain.Search.complete-section
2025-03-23 23:51:55,436 [DEBUG] Loading JSON file: /home/syed-hassan-ul-haq/repos/fin_scraper/venv/lib/python3.12/site-packages/botocore/data/endpoints.json
2025-03-23 23:51:55,567 [DEBUG] Loading JSON file: /home/syed-hassan-ul-haq/repos/fin_scraper/venv/lib/python3.12/site-packages/botocore/data/sdk-default-configuration.json
2025-03-23 23:51:55,567 [DEBUG] Event choose-service-name: calling handler <function handle_service_name_alias at 0x7e639f144b80>
2025-03-23 23:51:55,604 [DEBUG] Loading JSON file: /home/syed-hassan-ul-haq/repos/fin_scraper/venv/lib/python3.12/site-packages/botocore/data/s3/2006-03-01/service-2.json.gz
2025-03-23 23:51:56,107 [DEBUG] Loading JSON file: /home/syed-hassan-ul-haq/repos/fin_scraper/venv/lib/python3.12/site-packages/botocore/data/s3/2006-03-01/service-2.sdk-extras.json
2025-03-23 23:51:56,137 [DEBUG] Loading JSON file: /home/syed-hassan-ul-haq/repos/fin_scraper/venv/lib/python3.12/site-packages/botocore/data/s3/2006-03-01/endpoint-rule-set-1.json.gz
2025-03-23 23:51:56,144 [DEBUG] Loading JSON file: /home/syed-hassan-ul-haq/repos/fin_scraper/venv/lib/python3.12/site-packages/botocore/data/partitions.json
2025-03-23 23:51:56,146 [DEBUG] Event creating-client-class.s3: calling handler <function add_generate_presigned_post at 0x7e639f2d2700>
2025-03-23 23:51:56,146 [DEBUG] Event creating-client-class.s3: calling handler <function lazy_call.<locals>._handler at 0x7e6397d0eb60>
2025-03-23 23:51:56,146 [DEBUG] Event creating-client-class.s3: calling handler <function add_generate_presigned_url at 0x7e639f2d2480>
2025-03-23 23:51:56,149 [DEBUG] Setting s3 timeout as (60, 60)
2025-03-23 23:51:56,153 [DEBUG] Loading JSON file: /home/syed-hassan-ul-haq/repos/fin_scraper/venv/lib/python3.12/site-packages/botocore/data/_retry.json
2025-03-23 23:51:56,153 [DEBUG] Registering retry handlers for service: s3
2025-03-23 23:51:56,154 [DEBUG] Registering S3 region redirector handler
2025-03-23 23:51:56,155 [DEBUG] Registering S3Express Identity Resolver
2025-03-23 23:52:06,156 [DEBUG] Constructed data object: {'file_name': '0001628280-23-017974.pdf', 'file_type': 'html', 'published_date': '2023-03-31', 'url': None, 'content_type': ['10-Q', 'sec_filing', 'three-month-results']}
2025-03-23 23:52:06,159 [DEBUG] Starting new HTTPS connection (1): www.pvh.com:443
2025-03-23 23:52:06,922 [DEBUG] https://www.pvh.com:443 "GET /sec-filings/all-sec-filings/content/0001628280-23-017974/0001628280-23-017974-xbrl.zip HTTP/1.1" 404 1245
2025-03-23 23:52:06,925 [DEBUG] Changing event name from creating-client-class.iot-data to creating-client-class.iot-data-plane
2025-03-23 23:52:06,933 [DEBUG] Changing event name from before-call.apigateway to before-call.api-gateway
2025-03-23 23:52:06,936 [DEBUG] Changing event name from request-created.machinelearning.Predict to request-created.machine-learning.Predict
2025-03-23 23:52:06,943 [DEBUG] Changing event name from before-parameter-build.autoscaling.CreateLaunchConfiguration to before-parameter-build.auto-scaling.CreateLaunchConfiguration
2025-03-23 23:52:06,944 [DEBUG] Changing event name from before-parameter-build.route53 to before-parameter-build.route-53
2025-03-23 23:52:06,947 [DEBUG] Changing event name from request-created.cloudsearchdomain.Search to request-created.cloudsearch-domain.Search
2025-03-23 23:52:06,952 [DEBUG] Changing event name from docs.*.autoscaling.CreateLaunchConfiguration.complete-section to docs.*.auto-scaling.CreateLaunchConfiguration.complete-section
2025-03-23 23:52:06,967 [DEBUG] Changing event name from before-parameter-build.logs.CreateExportTask to before-parameter-build.cloudwatch-logs.CreateExportTask
2025-03-23 23:52:06,968 [DEBUG] Changing event name from docs.*.logs.CreateExportTask.complete-section to docs.*.cloudwatch-logs.CreateExportTask.complete-section
2025-03-23 23:52:06,969 [DEBUG] Changing event name from before-parameter-build.cloudsearchdomain.Search to before-parameter-build.cloudsearch-domain.Search
2025-03-23 23:52:06,970 [DEBUG] Changing event name from docs.*.cloudsearchdomain.Search.complete-section to docs.*.cloudsearch-domain.Search.complete-section
2025-03-23 23:52:06,980 [DEBUG] Loading JSON file: /home/syed-hassan-ul-haq/repos/fin_scraper/venv/lib/python3.12/site-packages/botocore/data/endpoints.json
2025-03-23 23:52:07,062 [DEBUG] Loading JSON file: /home/syed-hassan-ul-haq/repos/fin_scraper/venv/lib/python3.12/site-packages/botocore/data/sdk-default-configuration.json
2025-03-23 23:52:07,063 [DEBUG] Event choose-service-name: calling handler <function handle_service_name_alias at 0x7e639f144b80>
2025-03-23 23:52:07,105 [DEBUG] Loading JSON file: /home/syed-hassan-ul-haq/repos/fin_scraper/venv/lib/python3.12/site-packages/botocore/data/s3/2006-03-01/service-2.json.gz
2025-03-23 23:52:07,129 [DEBUG] Loading JSON file: /home/syed-hassan-ul-haq/repos/fin_scraper/venv/lib/python3.12/site-packages/botocore/data/s3/2006-03-01/service-2.sdk-extras.json
2025-03-23 23:52:07,167 [DEBUG] Loading JSON file: /home/syed-hassan-ul-haq/repos/fin_scraper/venv/lib/python3.12/site-packages/botocore/data/s3/2006-03-01/endpoint-rule-set-1.json.gz
2025-03-23 23:52:07,179 [DEBUG] Loading JSON file: /home/syed-hassan-ul-haq/repos/fin_scraper/venv/lib/python3.12/site-packages/botocore/data/partitions.json
2025-03-23 23:52:07,182 [DEBUG] Event creating-client-class.s3: calling handler <function add_generate_presigned_post at 0x7e639f2d2700>
2025-03-23 23:52:07,183 [DEBUG] Event creating-client-class.s3: calling handler <function lazy_call.<locals>._handler at 0x7e639a9ad620>
2025-03-23 23:52:07,186 [DEBUG] Event creating-client-class.s3: calling handler <function add_generate_presigned_url at 0x7e639f2d2480>
2025-03-23 23:52:07,190 [DEBUG] Setting s3 timeout as (60, 60)
2025-03-23 23:52:07,196 [DEBUG] Loading JSON file: /home/syed-hassan-ul-haq/repos/fin_scraper/venv/lib/python3.12/site-packages/botocore/data/_retry.json
2025-03-23 23:52:07,197 [DEBUG] Registering retry handlers for service: s3
2025-03-23 23:52:07,197 [DEBUG] Registering S3 region redirector handler
2025-03-23 23:52:07,198 [DEBUG] Registering S3Express Identity Resolver
2025-03-23 23:52:17,201 [DEBUG] Constructed data object: {'file_name': '0001628280-23-017974-xbrl.zip', 'file_type': 'html', 'published_date': '2023-03-31', 'url': None, 'content_type': ['10-Q', 'sec_filing', 'three-month-results']}
2025-03-23 23:52:17,202 [DEBUG] Constructed final JSON: {'event_name': 'Q1 2023 Quarter Ended Mar 31, 2023 10-Q', 'equity_ticker': 'CORZ', 'geography': 'US', 'periodicity': 'non-periodic', 'data': [{'file_name': 'core-20230331.htm', 'file_type': 'html', 'published_date': '2023-03-31', 'url': None, 'content_type': ['10-Q', 'sec_filing', 'three-month-results']}, {'file_name': '0001628280-23-017974.pdf', 'file_type': 'html', 'published_date': '2023-03-31', 'url': None, 'content_type': ['10-Q', 'sec_filing', 'three-month-results']}, {'file_name': '0001628280-23-017974-xbrl.zip', 'file_type': 'html', 'published_date': '2023-03-31', 'url': None, 'content_type': ['10-Q', 'sec_filing', 'three-month-results']}]}
2025-03-23 23:52:17,202 [DEBUG] Returning constructed JSON.
2025-03-23 23:52:17,202 [INFO] Snippet #8 -> Event JSON created.
2025-03-23 23:52:17,203 [INFO] Processing snippet #9 / 16
2025-03-23 23:52:17,203 [DEBUG] Starting construct_event_json function.
2025-03-23 23:52:17,203 [DEBUG] html_element length=1153
2025-03-23 23:52:17,204 [DEBUG] equity_ticker=CORZ, geography=US, periodicity=non-periodic
2025-03-23 23:52:17,204 [DEBUG] 

2025-03-23 23:52:17,204 [DEBUG] Original Snippet Text: 
          <div class="col-md-4 results-info">
        <h3>FY 2022</h3>
                <div class="date">Fiscal Year Ended Dec 31, 2022</div>
                        
      </div>
    
    <div class="col-md-8">     
    <div class="result-line">
    <a href="/sec-filings/all-sec-filings/content/0001628280-23-010454/core-20221231.htm" class="headline-link" aria-label="10-K FY 2022" target="_blank" rel="noopener" title="Opens in a new window">
        <span class="headline">10-K</span>
        <span class="result-link link" aria-hidden="true"><span class="eqicon-HTML"></span>HTML</span>
    </a>
    <a href="/sec-filings/all-sec-filings/content/0001628280-23-010454/0001628280-23-010454.pdf" class="result-link link" aria-label="10-K FY 2022 PDF" target="_blank" rel="noopener" title="Opens in a new window"><span class="eqicon-PDF"></span>PDF</a>
    <a href="/sec-filings/all-sec-filings/content/0001628280-23-010454/0001628280-23-010454-xbrl.zip" aria-label="Download Raw XBRL Zip Files of 10-K FY 2022" class="link" target="_blank" rel="noopener" title="Opens in a new window"><span class="eqicon-ZIP"></span>XBRL Zip</a>
</div>    </div>
  
2025-03-23 23:52:17,208 [DEBUG] Original Snippet Text: FY 2022 Fiscal Year Ended Dec 31, 2022 10-K HTML PDF XBRL Zip
2025-03-23 23:52:17,244 [DEBUG] Analyzing Sentence: 'FY 2022 Fiscal Year Ended Dec 31, 2022 10-K HTML PDF XBRL Zip'
2025-03-23 23:52:17,270 [DEBUG] Match found! Token='Fiscal' ~ Concept='fiscal report' (sim=0.88)
2025-03-23 23:52:17,270 [DEBUG] Cleaning up sentence: 'FY 2022 Fiscal Year Ended Dec 31, 2022 10-K HTML PDF XBRL Zip'
2025-03-23 23:52:17,271 [DEBUG] Final Extracted Event Name: FY 2022 Fiscal Year Ended Dec 31, 2022 10-K
2025-03-23 23:52:17,271 [DEBUG] Extracted event_name=FY 2022 Fiscal Year Ended Dec 31, 2022 10-K
2025-03-23 23:52:17,286 [DEBUG] Extracted published_date=2022-12-31
2025-03-23 23:52:17,286 [DEBUG] 
----------------------------------------------------
2025-03-23 23:52:17,287 [DEBUG] Raw HTML Snippet (truncated):

          <div class="col-md-4 results-info">
        <h3>FY 2022</h3>
                <div class="date">Fiscal Year Ended Dec 31, 2022</div>
                        
      </div>
    
    <div class="col-md-8">     
    <div class="result-line">
    <a href="/sec-filings/all-sec-filings/content/00...
2025-03-23 23:52:17,287 [DEBUG] ----------------------------------------------------
2025-03-23 23:52:17,293 [DEBUG] Extracted Text:
FY 2022 Fiscal Year Ended Dec 31, 2022 10-K HTML PDF XBRL Zip 10-K HTML /sec-filings/all-sec-filings/content/0001628280-23-010454/core-20221231.htm PDF /sec-filings/all-sec-filings/content/0001628280-23-010454/0001628280-23-010454.pdf XBRL Zip /sec-filings/all-sec-filings/content/0001628280-23-010454/0001628280-23-010454-xbrl.zip

2025-03-23 23:52:17,296 [DEBUG] [DICT] Found dictionary-based content types: {'sec_filing', '10-K'}
2025-03-23 23:52:17,540 [DEBUG] [SIM] Found similarity-based content types: set()
2025-03-23 23:52:17,540 [DEBUG] [UNION] Final content types = {'sec_filing', '10-K'}
2025-03-23 23:52:17,540 [DEBUG] Extracted content_type=['sec_filing', '10-K']
2025-03-23 23:52:17,543 [DEBUG] Starting new HTTPS connection (1): www.pvh.com:443
2025-03-23 23:52:18,033 [DEBUG] https://www.pvh.com:443 "GET /sec-filings/all-sec-filings/content/0001628280-23-010454/core-20221231.htm HTTP/1.1" 404 1245
2025-03-23 23:52:18,038 [DEBUG] Changing event name from creating-client-class.iot-data to creating-client-class.iot-data-plane
2025-03-23 23:52:18,050 [DEBUG] Changing event name from before-call.apigateway to before-call.api-gateway
2025-03-23 23:52:18,056 [DEBUG] Changing event name from request-created.machinelearning.Predict to request-created.machine-learning.Predict
2025-03-23 23:52:18,066 [DEBUG] Changing event name from before-parameter-build.autoscaling.CreateLaunchConfiguration to before-parameter-build.auto-scaling.CreateLaunchConfiguration
2025-03-23 23:52:18,067 [DEBUG] Changing event name from before-parameter-build.route53 to before-parameter-build.route-53
2025-03-23 23:52:18,071 [DEBUG] Changing event name from request-created.cloudsearchdomain.Search to request-created.cloudsearch-domain.Search
2025-03-23 23:52:18,076 [DEBUG] Changing event name from docs.*.autoscaling.CreateLaunchConfiguration.complete-section to docs.*.auto-scaling.CreateLaunchConfiguration.complete-section
2025-03-23 23:52:18,093 [DEBUG] Changing event name from before-parameter-build.logs.CreateExportTask to before-parameter-build.cloudwatch-logs.CreateExportTask
2025-03-23 23:52:18,094 [DEBUG] Changing event name from docs.*.logs.CreateExportTask.complete-section to docs.*.cloudwatch-logs.CreateExportTask.complete-section
2025-03-23 23:52:18,095 [DEBUG] Changing event name from before-parameter-build.cloudsearchdomain.Search to before-parameter-build.cloudsearch-domain.Search
2025-03-23 23:52:18,095 [DEBUG] Changing event name from docs.*.cloudsearchdomain.Search.complete-section to docs.*.cloudsearch-domain.Search.complete-section
2025-03-23 23:52:18,101 [DEBUG] Loading JSON file: /home/syed-hassan-ul-haq/repos/fin_scraper/venv/lib/python3.12/site-packages/botocore/data/endpoints.json
2025-03-23 23:52:18,150 [DEBUG] Loading JSON file: /home/syed-hassan-ul-haq/repos/fin_scraper/venv/lib/python3.12/site-packages/botocore/data/sdk-default-configuration.json
2025-03-23 23:52:18,150 [DEBUG] Event choose-service-name: calling handler <function handle_service_name_alias at 0x7e639f144b80>
2025-03-23 23:52:18,194 [DEBUG] Loading JSON file: /home/syed-hassan-ul-haq/repos/fin_scraper/venv/lib/python3.12/site-packages/botocore/data/s3/2006-03-01/service-2.json.gz
2025-03-23 23:52:18,213 [DEBUG] Loading JSON file: /home/syed-hassan-ul-haq/repos/fin_scraper/venv/lib/python3.12/site-packages/botocore/data/s3/2006-03-01/service-2.sdk-extras.json
2025-03-23 23:52:18,245 [DEBUG] Loading JSON file: /home/syed-hassan-ul-haq/repos/fin_scraper/venv/lib/python3.12/site-packages/botocore/data/s3/2006-03-01/endpoint-rule-set-1.json.gz
2025-03-23 23:52:18,252 [DEBUG] Loading JSON file: /home/syed-hassan-ul-haq/repos/fin_scraper/venv/lib/python3.12/site-packages/botocore/data/partitions.json
2025-03-23 23:52:18,254 [DEBUG] Event creating-client-class.s3: calling handler <function add_generate_presigned_post at 0x7e639f2d2700>
2025-03-23 23:52:18,254 [DEBUG] Event creating-client-class.s3: calling handler <function lazy_call.<locals>._handler at 0x7e63ab2eb240>
2025-03-23 23:52:18,254 [DEBUG] Event creating-client-class.s3: calling handler <function add_generate_presigned_url at 0x7e639f2d2480>
2025-03-23 23:52:18,258 [DEBUG] Setting s3 timeout as (60, 60)
2025-03-23 23:52:18,262 [DEBUG] Loading JSON file: /home/syed-hassan-ul-haq/repos/fin_scraper/venv/lib/python3.12/site-packages/botocore/data/_retry.json
2025-03-23 23:52:18,263 [DEBUG] Registering retry handlers for service: s3
2025-03-23 23:52:18,264 [DEBUG] Registering S3 region redirector handler
2025-03-23 23:52:18,265 [DEBUG] Registering S3Express Identity Resolver
2025-03-23 23:52:28,267 [DEBUG] Constructed data object: {'file_name': 'core-20221231.htm', 'file_type': 'html', 'published_date': '2022-12-31', 'url': None, 'content_type': ['sec_filing', '10-K']}
2025-03-23 23:52:28,270 [DEBUG] Starting new HTTPS connection (1): www.pvh.com:443
2025-03-23 23:52:28,806 [DEBUG] https://www.pvh.com:443 "GET /sec-filings/all-sec-filings/content/0001628280-23-010454/0001628280-23-010454.pdf HTTP/1.1" 404 1245
2025-03-23 23:52:28,810 [DEBUG] Changing event name from creating-client-class.iot-data to creating-client-class.iot-data-plane
2025-03-23 23:52:28,818 [DEBUG] Changing event name from before-call.apigateway to before-call.api-gateway
2025-03-23 23:52:28,822 [DEBUG] Changing event name from request-created.machinelearning.Predict to request-created.machine-learning.Predict
2025-03-23 23:52:28,829 [DEBUG] Changing event name from before-parameter-build.autoscaling.CreateLaunchConfiguration to before-parameter-build.auto-scaling.CreateLaunchConfiguration
2025-03-23 23:52:28,830 [DEBUG] Changing event name from before-parameter-build.route53 to before-parameter-build.route-53
2025-03-23 23:52:28,833 [DEBUG] Changing event name from request-created.cloudsearchdomain.Search to request-created.cloudsearch-domain.Search
2025-03-23 23:52:28,838 [DEBUG] Changing event name from docs.*.autoscaling.CreateLaunchConfiguration.complete-section to docs.*.auto-scaling.CreateLaunchConfiguration.complete-section
2025-03-23 23:52:28,854 [DEBUG] Changing event name from before-parameter-build.logs.CreateExportTask to before-parameter-build.cloudwatch-logs.CreateExportTask
2025-03-23 23:52:28,855 [DEBUG] Changing event name from docs.*.logs.CreateExportTask.complete-section to docs.*.cloudwatch-logs.CreateExportTask.complete-section
2025-03-23 23:52:28,856 [DEBUG] Changing event name from before-parameter-build.cloudsearchdomain.Search to before-parameter-build.cloudsearch-domain.Search
2025-03-23 23:52:28,857 [DEBUG] Changing event name from docs.*.cloudsearchdomain.Search.complete-section to docs.*.cloudsearch-domain.Search.complete-section
2025-03-23 23:52:28,865 [DEBUG] Loading JSON file: /home/syed-hassan-ul-haq/repos/fin_scraper/venv/lib/python3.12/site-packages/botocore/data/endpoints.json
2025-03-23 23:52:28,951 [DEBUG] Loading JSON file: /home/syed-hassan-ul-haq/repos/fin_scraper/venv/lib/python3.12/site-packages/botocore/data/sdk-default-configuration.json
2025-03-23 23:52:28,952 [DEBUG] Event choose-service-name: calling handler <function handle_service_name_alias at 0x7e639f144b80>
2025-03-23 23:52:29,021 [DEBUG] Loading JSON file: /home/syed-hassan-ul-haq/repos/fin_scraper/venv/lib/python3.12/site-packages/botocore/data/s3/2006-03-01/service-2.json.gz
2025-03-23 23:52:29,044 [DEBUG] Loading JSON file: /home/syed-hassan-ul-haq/repos/fin_scraper/venv/lib/python3.12/site-packages/botocore/data/s3/2006-03-01/service-2.sdk-extras.json
2025-03-23 23:52:29,070 [DEBUG] Loading JSON file: /home/syed-hassan-ul-haq/repos/fin_scraper/venv/lib/python3.12/site-packages/botocore/data/s3/2006-03-01/endpoint-rule-set-1.json.gz
2025-03-23 23:52:29,076 [DEBUG] Loading JSON file: /home/syed-hassan-ul-haq/repos/fin_scraper/venv/lib/python3.12/site-packages/botocore/data/partitions.json
2025-03-23 23:52:29,134 [DEBUG] Event creating-client-class.s3: calling handler <function add_generate_presigned_post at 0x7e639f2d2700>
2025-03-23 23:52:29,135 [DEBUG] Event creating-client-class.s3: calling handler <function lazy_call.<locals>._handler at 0x7e639a9ac540>
2025-03-23 23:52:29,135 [DEBUG] Event creating-client-class.s3: calling handler <function add_generate_presigned_url at 0x7e639f2d2480>
2025-03-23 23:52:29,140 [DEBUG] Setting s3 timeout as (60, 60)
2025-03-23 23:52:29,143 [DEBUG] Loading JSON file: /home/syed-hassan-ul-haq/repos/fin_scraper/venv/lib/python3.12/site-packages/botocore/data/_retry.json
2025-03-23 23:52:29,144 [DEBUG] Registering retry handlers for service: s3
2025-03-23 23:52:29,145 [DEBUG] Registering S3 region redirector handler
2025-03-23 23:52:29,146 [DEBUG] Registering S3Express Identity Resolver
2025-03-23 23:52:39,148 [DEBUG] Constructed data object: {'file_name': '0001628280-23-010454.pdf', 'file_type': 'html', 'published_date': '2022-12-31', 'url': None, 'content_type': ['sec_filing', '10-K']}
2025-03-23 23:52:39,151 [DEBUG] Starting new HTTPS connection (1): www.pvh.com:443
2025-03-23 23:52:39,729 [DEBUG] https://www.pvh.com:443 "GET /sec-filings/all-sec-filings/content/0001628280-23-010454/0001628280-23-010454-xbrl.zip HTTP/1.1" 404 1245
2025-03-23 23:52:39,732 [DEBUG] Changing event name from creating-client-class.iot-data to creating-client-class.iot-data-plane
2025-03-23 23:52:39,740 [DEBUG] Changing event name from before-call.apigateway to before-call.api-gateway
2025-03-23 23:52:39,743 [DEBUG] Changing event name from request-created.machinelearning.Predict to request-created.machine-learning.Predict
2025-03-23 23:52:39,750 [DEBUG] Changing event name from before-parameter-build.autoscaling.CreateLaunchConfiguration to before-parameter-build.auto-scaling.CreateLaunchConfiguration
2025-03-23 23:52:39,751 [DEBUG] Changing event name from before-parameter-build.route53 to before-parameter-build.route-53
2025-03-23 23:52:39,755 [DEBUG] Changing event name from request-created.cloudsearchdomain.Search to request-created.cloudsearch-domain.Search
2025-03-23 23:52:39,759 [DEBUG] Changing event name from docs.*.autoscaling.CreateLaunchConfiguration.complete-section to docs.*.auto-scaling.CreateLaunchConfiguration.complete-section
2025-03-23 23:52:39,774 [DEBUG] Changing event name from before-parameter-build.logs.CreateExportTask to before-parameter-build.cloudwatch-logs.CreateExportTask
2025-03-23 23:52:39,775 [DEBUG] Changing event name from docs.*.logs.CreateExportTask.complete-section to docs.*.cloudwatch-logs.CreateExportTask.complete-section
2025-03-23 23:52:39,776 [DEBUG] Changing event name from before-parameter-build.cloudsearchdomain.Search to before-parameter-build.cloudsearch-domain.Search
2025-03-23 23:52:39,776 [DEBUG] Changing event name from docs.*.cloudsearchdomain.Search.complete-section to docs.*.cloudsearch-domain.Search.complete-section
2025-03-23 23:52:39,785 [DEBUG] Loading JSON file: /home/syed-hassan-ul-haq/repos/fin_scraper/venv/lib/python3.12/site-packages/botocore/data/endpoints.json
2025-03-23 23:52:39,888 [DEBUG] Loading JSON file: /home/syed-hassan-ul-haq/repos/fin_scraper/venv/lib/python3.12/site-packages/botocore/data/sdk-default-configuration.json
2025-03-23 23:52:39,889 [DEBUG] Event choose-service-name: calling handler <function handle_service_name_alias at 0x7e639f144b80>
2025-03-23 23:52:39,959 [DEBUG] Loading JSON file: /home/syed-hassan-ul-haq/repos/fin_scraper/venv/lib/python3.12/site-packages/botocore/data/s3/2006-03-01/service-2.json.gz
2025-03-23 23:52:39,977 [DEBUG] Loading JSON file: /home/syed-hassan-ul-haq/repos/fin_scraper/venv/lib/python3.12/site-packages/botocore/data/s3/2006-03-01/service-2.sdk-extras.json
2025-03-23 23:52:40,007 [DEBUG] Loading JSON file: /home/syed-hassan-ul-haq/repos/fin_scraper/venv/lib/python3.12/site-packages/botocore/data/s3/2006-03-01/endpoint-rule-set-1.json.gz
2025-03-23 23:52:40,015 [DEBUG] Loading JSON file: /home/syed-hassan-ul-haq/repos/fin_scraper/venv/lib/python3.12/site-packages/botocore/data/partitions.json
2025-03-23 23:52:40,018 [DEBUG] Event creating-client-class.s3: calling handler <function add_generate_presigned_post at 0x7e639f2d2700>
2025-03-23 23:52:40,019 [DEBUG] Event creating-client-class.s3: calling handler <function lazy_call.<locals>._handler at 0x7e639a9af6a0>
2025-03-23 23:52:40,019 [DEBUG] Event creating-client-class.s3: calling handler <function add_generate_presigned_url at 0x7e639f2d2480>
2025-03-23 23:52:40,023 [DEBUG] Setting s3 timeout as (60, 60)
2025-03-23 23:52:40,028 [DEBUG] Loading JSON file: /home/syed-hassan-ul-haq/repos/fin_scraper/venv/lib/python3.12/site-packages/botocore/data/_retry.json
2025-03-23 23:52:40,029 [DEBUG] Registering retry handlers for service: s3
2025-03-23 23:52:40,030 [DEBUG] Registering S3 region redirector handler
2025-03-23 23:52:40,031 [DEBUG] Registering S3Express Identity Resolver
2025-03-23 23:52:50,034 [DEBUG] Constructed data object: {'file_name': '0001628280-23-010454-xbrl.zip', 'file_type': 'html', 'published_date': '2022-12-31', 'url': None, 'content_type': ['sec_filing', '10-K']}
2025-03-23 23:52:50,034 [DEBUG] Constructed final JSON: {'event_name': 'FY 2022 Fiscal Year Ended Dec 31, 2022 10-K', 'equity_ticker': 'CORZ', 'geography': 'US', 'periodicity': 'non-periodic', 'data': [{'file_name': 'core-20221231.htm', 'file_type': 'html', 'published_date': '2022-12-31', 'url': None, 'content_type': ['sec_filing', '10-K']}, {'file_name': '0001628280-23-010454.pdf', 'file_type': 'html', 'published_date': '2022-12-31', 'url': None, 'content_type': ['sec_filing', '10-K']}, {'file_name': '0001628280-23-010454-xbrl.zip', 'file_type': 'html', 'published_date': '2022-12-31', 'url': None, 'content_type': ['sec_filing', '10-K']}]}
2025-03-23 23:52:50,034 [DEBUG] Returning constructed JSON.
2025-03-23 23:52:50,035 [INFO] Snippet #9 -> Event JSON created.
2025-03-23 23:52:50,035 [INFO] Processing snippet #10 / 16
2025-03-23 23:52:50,035 [DEBUG] Starting construct_event_json function.
2025-03-23 23:52:50,035 [DEBUG] html_element length=1149
2025-03-23 23:52:50,036 [DEBUG] equity_ticker=CORZ, geography=US, periodicity=non-periodic
2025-03-23 23:52:50,036 [DEBUG] 

2025-03-23 23:52:50,036 [DEBUG] Original Snippet Text: 
          <div class="col-md-4 results-info">
        <h3>Q3 2022</h3>
                <div class="date">Quarter Ended Sep 30, 2022</div>
                        
      </div>
    
    <div class="col-md-8">     
    <div class="result-line">
    <a href="/sec-filings/all-sec-filings/content/0001628280-22-030600/core-20220930.htm" class="headline-link" aria-label="10-Q Q3 2022" target="_blank" rel="noopener" title="Opens in a new window">
        <span class="headline">10-Q</span>
        <span class="result-link link" aria-hidden="true"><span class="eqicon-HTML"></span>HTML</span>
    </a>
    <a href="/sec-filings/all-sec-filings/content/0001628280-22-030600/0001628280-22-030600.pdf" class="result-link link" aria-label="10-Q Q3 2022 PDF" target="_blank" rel="noopener" title="Opens in a new window"><span class="eqicon-PDF"></span>PDF</a>
    <a href="/sec-filings/all-sec-filings/content/0001628280-22-030600/0001628280-22-030600-xbrl.zip" aria-label="Download Raw XBRL Zip Files of 10-Q Q3 2022" class="link" target="_blank" rel="noopener" title="Opens in a new window"><span class="eqicon-ZIP"></span>XBRL Zip</a>
</div>    </div>
  
2025-03-23 23:52:50,040 [DEBUG] Original Snippet Text: Q3 2022 Quarter Ended Sep 30, 2022 10-Q HTML PDF XBRL Zip
2025-03-23 23:52:50,075 [DEBUG] Analyzing Sentence: 'Q3 2022 Quarter Ended Sep 30, 2022 10-Q HTML PDF XBRL Zip'
2025-03-23 23:52:50,083 [DEBUG] Match found! Token='Quarter' ~ Concept='acquisition' (sim=0.73)
2025-03-23 23:52:50,084 [DEBUG] Cleaning up sentence: 'Q3 2022 Quarter Ended Sep 30, 2022 10-Q HTML PDF XBRL Zip'
2025-03-23 23:52:50,085 [DEBUG] Final Extracted Event Name: Q3 2022 Quarter Ended Sep 30, 2022 10-Q
2025-03-23 23:52:50,085 [DEBUG] Extracted event_name=Q3 2022 Quarter Ended Sep 30, 2022 10-Q
2025-03-23 23:52:50,107 [DEBUG] Extracted published_date=2022-09-30
2025-03-23 23:52:50,108 [DEBUG] 
----------------------------------------------------
2025-03-23 23:52:50,108 [DEBUG] Raw HTML Snippet (truncated):

          <div class="col-md-4 results-info">
        <h3>Q3 2022</h3>
                <div class="date">Quarter Ended Sep 30, 2022</div>
                        
      </div>
    
    <div class="col-md-8">     
    <div class="result-line">
    <a href="/sec-filings/all-sec-filings/content/000162...
2025-03-23 23:52:50,108 [DEBUG] ----------------------------------------------------
2025-03-23 23:52:50,111 [DEBUG] Extracted Text:
Q3 2022 Quarter Ended Sep 30, 2022 10-Q HTML PDF XBRL Zip 10-Q HTML /sec-filings/all-sec-filings/content/0001628280-22-030600/core-20220930.htm PDF /sec-filings/all-sec-filings/content/0001628280-22-030600/0001628280-22-030600.pdf XBRL Zip /sec-filings/all-sec-filings/content/0001628280-22-030600/0001628280-22-030600-xbrl.zip

2025-03-23 23:52:50,113 [DEBUG] [DICT] Found dictionary-based content types: {'10-Q', 'sec_filing', 'three-month-results'}
2025-03-23 23:52:50,286 [DEBUG] [SIM] Found similarity-based content types: set()
2025-03-23 23:52:50,286 [DEBUG] [UNION] Final content types = {'10-Q', 'sec_filing', 'three-month-results'}
2025-03-23 23:52:50,287 [DEBUG] Extracted content_type=['10-Q', 'sec_filing', 'three-month-results']
2025-03-23 23:52:50,289 [DEBUG] Starting new HTTPS connection (1): www.pvh.com:443
2025-03-23 23:52:50,879 [DEBUG] https://www.pvh.com:443 "GET /sec-filings/all-sec-filings/content/0001628280-22-030600/core-20220930.htm HTTP/1.1" 404 1245
2025-03-23 23:52:50,883 [DEBUG] Changing event name from creating-client-class.iot-data to creating-client-class.iot-data-plane
2025-03-23 23:52:50,891 [DEBUG] Changing event name from before-call.apigateway to before-call.api-gateway
2025-03-23 23:52:50,893 [DEBUG] Changing event name from request-created.machinelearning.Predict to request-created.machine-learning.Predict
2025-03-23 23:52:50,897 [DEBUG] Changing event name from before-parameter-build.autoscaling.CreateLaunchConfiguration to before-parameter-build.auto-scaling.CreateLaunchConfiguration
2025-03-23 23:52:50,898 [DEBUG] Changing event name from before-parameter-build.route53 to before-parameter-build.route-53
2025-03-23 23:52:50,902 [DEBUG] Changing event name from request-created.cloudsearchdomain.Search to request-created.cloudsearch-domain.Search
2025-03-23 23:52:50,907 [DEBUG] Changing event name from docs.*.autoscaling.CreateLaunchConfiguration.complete-section to docs.*.auto-scaling.CreateLaunchConfiguration.complete-section
2025-03-23 23:52:50,923 [DEBUG] Changing event name from before-parameter-build.logs.CreateExportTask to before-parameter-build.cloudwatch-logs.CreateExportTask
2025-03-23 23:52:50,924 [DEBUG] Changing event name from docs.*.logs.CreateExportTask.complete-section to docs.*.cloudwatch-logs.CreateExportTask.complete-section
2025-03-23 23:52:50,924 [DEBUG] Changing event name from before-parameter-build.cloudsearchdomain.Search to before-parameter-build.cloudsearch-domain.Search
2025-03-23 23:52:50,926 [DEBUG] Changing event name from docs.*.cloudsearchdomain.Search.complete-section to docs.*.cloudsearch-domain.Search.complete-section
2025-03-23 23:52:50,933 [DEBUG] Loading JSON file: /home/syed-hassan-ul-haq/repos/fin_scraper/venv/lib/python3.12/site-packages/botocore/data/endpoints.json
2025-03-23 23:52:51,047 [DEBUG] Loading JSON file: /home/syed-hassan-ul-haq/repos/fin_scraper/venv/lib/python3.12/site-packages/botocore/data/sdk-default-configuration.json
2025-03-23 23:52:51,048 [DEBUG] Event choose-service-name: calling handler <function handle_service_name_alias at 0x7e639f144b80>
2025-03-23 23:52:51,088 [DEBUG] Loading JSON file: /home/syed-hassan-ul-haq/repos/fin_scraper/venv/lib/python3.12/site-packages/botocore/data/s3/2006-03-01/service-2.json.gz
2025-03-23 23:52:51,106 [DEBUG] Loading JSON file: /home/syed-hassan-ul-haq/repos/fin_scraper/venv/lib/python3.12/site-packages/botocore/data/s3/2006-03-01/service-2.sdk-extras.json
2025-03-23 23:52:51,139 [DEBUG] Loading JSON file: /home/syed-hassan-ul-haq/repos/fin_scraper/venv/lib/python3.12/site-packages/botocore/data/s3/2006-03-01/endpoint-rule-set-1.json.gz
2025-03-23 23:52:51,148 [DEBUG] Loading JSON file: /home/syed-hassan-ul-haq/repos/fin_scraper/venv/lib/python3.12/site-packages/botocore/data/partitions.json
2025-03-23 23:52:51,150 [DEBUG] Event creating-client-class.s3: calling handler <function add_generate_presigned_post at 0x7e639f2d2700>
2025-03-23 23:52:51,150 [DEBUG] Event creating-client-class.s3: calling handler <function lazy_call.<locals>._handler at 0x7e639e28f6a0>
2025-03-23 23:52:51,150 [DEBUG] Event creating-client-class.s3: calling handler <function add_generate_presigned_url at 0x7e639f2d2480>
2025-03-23 23:52:51,153 [DEBUG] Setting s3 timeout as (60, 60)
2025-03-23 23:52:51,156 [DEBUG] Loading JSON file: /home/syed-hassan-ul-haq/repos/fin_scraper/venv/lib/python3.12/site-packages/botocore/data/_retry.json
2025-03-23 23:52:51,157 [DEBUG] Registering retry handlers for service: s3
2025-03-23 23:52:51,158 [DEBUG] Registering S3 region redirector handler
2025-03-23 23:52:51,159 [DEBUG] Registering S3Express Identity Resolver
2025-03-23 23:53:01,161 [DEBUG] Constructed data object: {'file_name': 'core-20220930.htm', 'file_type': 'html', 'published_date': '2022-09-30', 'url': None, 'content_type': ['10-Q', 'sec_filing', 'three-month-results']}
2025-03-23 23:53:01,164 [DEBUG] Starting new HTTPS connection (1): www.pvh.com:443
2025-03-23 23:53:01,733 [DEBUG] https://www.pvh.com:443 "GET /sec-filings/all-sec-filings/content/0001628280-22-030600/0001628280-22-030600.pdf HTTP/1.1" 404 1245
2025-03-23 23:53:01,737 [DEBUG] Changing event name from creating-client-class.iot-data to creating-client-class.iot-data-plane
2025-03-23 23:53:01,745 [DEBUG] Changing event name from before-call.apigateway to before-call.api-gateway
2025-03-23 23:53:01,748 [DEBUG] Changing event name from request-created.machinelearning.Predict to request-created.machine-learning.Predict
2025-03-23 23:53:01,756 [DEBUG] Changing event name from before-parameter-build.autoscaling.CreateLaunchConfiguration to before-parameter-build.auto-scaling.CreateLaunchConfiguration
2025-03-23 23:53:01,757 [DEBUG] Changing event name from before-parameter-build.route53 to before-parameter-build.route-53
2025-03-23 23:53:01,761 [DEBUG] Changing event name from request-created.cloudsearchdomain.Search to request-created.cloudsearch-domain.Search
2025-03-23 23:53:01,765 [DEBUG] Changing event name from docs.*.autoscaling.CreateLaunchConfiguration.complete-section to docs.*.auto-scaling.CreateLaunchConfiguration.complete-section
2025-03-23 23:53:01,779 [DEBUG] Changing event name from before-parameter-build.logs.CreateExportTask to before-parameter-build.cloudwatch-logs.CreateExportTask
2025-03-23 23:53:01,780 [DEBUG] Changing event name from docs.*.logs.CreateExportTask.complete-section to docs.*.cloudwatch-logs.CreateExportTask.complete-section
2025-03-23 23:53:01,781 [DEBUG] Changing event name from before-parameter-build.cloudsearchdomain.Search to before-parameter-build.cloudsearch-domain.Search
2025-03-23 23:53:01,781 [DEBUG] Changing event name from docs.*.cloudsearchdomain.Search.complete-section to docs.*.cloudsearch-domain.Search.complete-section
2025-03-23 23:53:01,791 [DEBUG] Loading JSON file: /home/syed-hassan-ul-haq/repos/fin_scraper/venv/lib/python3.12/site-packages/botocore/data/endpoints.json
2025-03-23 23:53:01,884 [DEBUG] Loading JSON file: /home/syed-hassan-ul-haq/repos/fin_scraper/venv/lib/python3.12/site-packages/botocore/data/sdk-default-configuration.json
2025-03-23 23:53:01,885 [DEBUG] Event choose-service-name: calling handler <function handle_service_name_alias at 0x7e639f144b80>
2025-03-23 23:53:01,934 [DEBUG] Loading JSON file: /home/syed-hassan-ul-haq/repos/fin_scraper/venv/lib/python3.12/site-packages/botocore/data/s3/2006-03-01/service-2.json.gz
2025-03-23 23:53:01,953 [DEBUG] Loading JSON file: /home/syed-hassan-ul-haq/repos/fin_scraper/venv/lib/python3.12/site-packages/botocore/data/s3/2006-03-01/service-2.sdk-extras.json
2025-03-23 23:53:01,980 [DEBUG] Loading JSON file: /home/syed-hassan-ul-haq/repos/fin_scraper/venv/lib/python3.12/site-packages/botocore/data/s3/2006-03-01/endpoint-rule-set-1.json.gz
2025-03-23 23:53:01,987 [DEBUG] Loading JSON file: /home/syed-hassan-ul-haq/repos/fin_scraper/venv/lib/python3.12/site-packages/botocore/data/partitions.json
2025-03-23 23:53:01,989 [DEBUG] Event creating-client-class.s3: calling handler <function add_generate_presigned_post at 0x7e639f2d2700>
2025-03-23 23:53:01,989 [DEBUG] Event creating-client-class.s3: calling handler <function lazy_call.<locals>._handler at 0x7e639a9ac400>
2025-03-23 23:53:01,989 [DEBUG] Event creating-client-class.s3: calling handler <function add_generate_presigned_url at 0x7e639f2d2480>
2025-03-23 23:53:01,992 [DEBUG] Setting s3 timeout as (60, 60)
2025-03-23 23:53:02,018 [DEBUG] Loading JSON file: /home/syed-hassan-ul-haq/repos/fin_scraper/venv/lib/python3.12/site-packages/botocore/data/_retry.json
2025-03-23 23:53:02,019 [DEBUG] Registering retry handlers for service: s3
2025-03-23 23:53:02,020 [DEBUG] Registering S3 region redirector handler
2025-03-23 23:53:02,021 [DEBUG] Registering S3Express Identity Resolver
2025-03-23 23:53:12,023 [DEBUG] Constructed data object: {'file_name': '0001628280-22-030600.pdf', 'file_type': 'html', 'published_date': '2022-09-30', 'url': None, 'content_type': ['10-Q', 'sec_filing', 'three-month-results']}
2025-03-23 23:53:12,027 [DEBUG] Starting new HTTPS connection (1): www.pvh.com:443
2025-03-23 23:53:12,794 [DEBUG] https://www.pvh.com:443 "GET /sec-filings/all-sec-filings/content/0001628280-22-030600/0001628280-22-030600-xbrl.zip HTTP/1.1" 404 1245
2025-03-23 23:53:12,797 [DEBUG] Changing event name from creating-client-class.iot-data to creating-client-class.iot-data-plane
2025-03-23 23:53:12,805 [DEBUG] Changing event name from before-call.apigateway to before-call.api-gateway
2025-03-23 23:53:12,807 [DEBUG] Changing event name from request-created.machinelearning.Predict to request-created.machine-learning.Predict
2025-03-23 23:53:12,814 [DEBUG] Changing event name from before-parameter-build.autoscaling.CreateLaunchConfiguration to before-parameter-build.auto-scaling.CreateLaunchConfiguration
2025-03-23 23:53:12,815 [DEBUG] Changing event name from before-parameter-build.route53 to before-parameter-build.route-53
2025-03-23 23:53:12,818 [DEBUG] Changing event name from request-created.cloudsearchdomain.Search to request-created.cloudsearch-domain.Search
2025-03-23 23:53:12,823 [DEBUG] Changing event name from docs.*.autoscaling.CreateLaunchConfiguration.complete-section to docs.*.auto-scaling.CreateLaunchConfiguration.complete-section
2025-03-23 23:53:12,840 [DEBUG] Changing event name from before-parameter-build.logs.CreateExportTask to before-parameter-build.cloudwatch-logs.CreateExportTask
2025-03-23 23:53:12,841 [DEBUG] Changing event name from docs.*.logs.CreateExportTask.complete-section to docs.*.cloudwatch-logs.CreateExportTask.complete-section
2025-03-23 23:53:12,842 [DEBUG] Changing event name from before-parameter-build.cloudsearchdomain.Search to before-parameter-build.cloudsearch-domain.Search
2025-03-23 23:53:12,843 [DEBUG] Changing event name from docs.*.cloudsearchdomain.Search.complete-section to docs.*.cloudsearch-domain.Search.complete-section
2025-03-23 23:53:12,851 [DEBUG] Loading JSON file: /home/syed-hassan-ul-haq/repos/fin_scraper/venv/lib/python3.12/site-packages/botocore/data/endpoints.json
2025-03-23 23:53:12,938 [DEBUG] Loading JSON file: /home/syed-hassan-ul-haq/repos/fin_scraper/venv/lib/python3.12/site-packages/botocore/data/sdk-default-configuration.json
2025-03-23 23:53:12,939 [DEBUG] Event choose-service-name: calling handler <function handle_service_name_alias at 0x7e639f144b80>
2025-03-23 23:53:13,030 [DEBUG] Loading JSON file: /home/syed-hassan-ul-haq/repos/fin_scraper/venv/lib/python3.12/site-packages/botocore/data/s3/2006-03-01/service-2.json.gz
2025-03-23 23:53:13,051 [DEBUG] Loading JSON file: /home/syed-hassan-ul-haq/repos/fin_scraper/venv/lib/python3.12/site-packages/botocore/data/s3/2006-03-01/service-2.sdk-extras.json
2025-03-23 23:53:13,093 [DEBUG] Loading JSON file: /home/syed-hassan-ul-haq/repos/fin_scraper/venv/lib/python3.12/site-packages/botocore/data/s3/2006-03-01/endpoint-rule-set-1.json.gz
2025-03-23 23:53:13,099 [DEBUG] Loading JSON file: /home/syed-hassan-ul-haq/repos/fin_scraper/venv/lib/python3.12/site-packages/botocore/data/partitions.json
2025-03-23 23:53:13,103 [DEBUG] Event creating-client-class.s3: calling handler <function add_generate_presigned_post at 0x7e639f2d2700>
2025-03-23 23:53:13,103 [DEBUG] Event creating-client-class.s3: calling handler <function lazy_call.<locals>._handler at 0x7e639a9aede0>
2025-03-23 23:53:13,103 [DEBUG] Event creating-client-class.s3: calling handler <function add_generate_presigned_url at 0x7e639f2d2480>
2025-03-23 23:53:13,110 [DEBUG] Setting s3 timeout as (60, 60)
2025-03-23 23:53:13,116 [DEBUG] Loading JSON file: /home/syed-hassan-ul-haq/repos/fin_scraper/venv/lib/python3.12/site-packages/botocore/data/_retry.json
2025-03-23 23:53:13,118 [DEBUG] Registering retry handlers for service: s3
2025-03-23 23:53:13,118 [DEBUG] Registering S3 region redirector handler
2025-03-23 23:53:13,120 [DEBUG] Registering S3Express Identity Resolver
2025-03-23 23:53:23,122 [DEBUG] Constructed data object: {'file_name': '0001628280-22-030600-xbrl.zip', 'file_type': 'html', 'published_date': '2022-09-30', 'url': None, 'content_type': ['10-Q', 'sec_filing', 'three-month-results']}
2025-03-23 23:53:23,122 [DEBUG] Constructed final JSON: {'event_name': 'Q3 2022 Quarter Ended Sep 30, 2022 10-Q', 'equity_ticker': 'CORZ', 'geography': 'US', 'periodicity': 'non-periodic', 'data': [{'file_name': 'core-20220930.htm', 'file_type': 'html', 'published_date': '2022-09-30', 'url': None, 'content_type': ['10-Q', 'sec_filing', 'three-month-results']}, {'file_name': '0001628280-22-030600.pdf', 'file_type': 'html', 'published_date': '2022-09-30', 'url': None, 'content_type': ['10-Q', 'sec_filing', 'three-month-results']}, {'file_name': '0001628280-22-030600-xbrl.zip', 'file_type': 'html', 'published_date': '2022-09-30', 'url': None, 'content_type': ['10-Q', 'sec_filing', 'three-month-results']}]}
2025-03-23 23:53:23,123 [DEBUG] Returning constructed JSON.
2025-03-23 23:53:23,123 [INFO] Snippet #10 -> Event JSON created.
2025-03-23 23:53:23,123 [INFO] Processing snippet #11 / 16
2025-03-23 23:53:23,123 [DEBUG] Starting construct_event_json function.
2025-03-23 23:53:23,124 [DEBUG] html_element length=2484
2025-03-23 23:53:23,124 [DEBUG] equity_ticker=CORZ, geography=US, periodicity=non-periodic
2025-03-23 23:53:23,124 [DEBUG] 

2025-03-23 23:53:23,124 [DEBUG] Original Snippet Text: 
          <div class="col-md-4 results-info">
        <h3>Q2 2022</h3>
                <div class="date">Quarter Ended Jun 30, 2022</div>
                        
      </div>
    
    <div class="col-md-8">     
    

    <div class="result-line">
                        <a href="https://investors.corescientific.com/news-events/press-releases/detail/18/correcting-and-replacing-core-scientific-announces-second-quarter-2022-results" class="headline-link" aria-label="Earnings Release Q2 2022">
                <span class="headline">Earnings Release</span>
                <span class="result-link link" aria-hidden="true"><span class="eqicon-HTML"></span>HTML</span>
            </a>
            <a href="https://d1io3yog0oux5.cloudfront.net/_1809aef3bf74227ab43f8f02a5800c1a/corescientific/news/2022-08-22_CORRECTING_and_REPLACING_Core_Scientific_18.pdf" class="result-link link" target="_blank" rel="noopener" aria-label="Earnings Release Q2 2022 PDF" title="Opens in a new window"><span class="eqicon-PDF"></span>PDF</a>
                </div>

<div class="result-line">
    <a href="https://d1io3yog0oux5.cloudfront.net/_1809aef3bf74227ab43f8f02a5800c1a/corescientific/db/946/9124/presentation/DRAFT-CORZ-F22Q2-Earnings-Pres-081022-V7%5B81%5D%5B6%5D.pdf" class="headline-link" target="_blank" rel="noopener" aria-label="Presentation Q2 2022 PDF" title="Opens in a new window">
        <span class="headline">Presentation</span>
        <span class="result-link link" aria-hidden="true"><span class="eqicon-PDF"></span>PDF</span>
    </a>
</div><div class="result-line">
    <a href="/sec-filings/all-sec-filings/content/0001628280-22-023382/core-20220630.htm" class="headline-link" aria-label="10-Q Q2 2022" target="_blank" rel="noopener" title="Opens in a new window">
        <span class="headline">10-Q</span>
        <span class="result-link link" aria-hidden="true"><span class="eqicon-HTML"></span>HTML</span>
    </a>
    <a href="/sec-filings/all-sec-filings/content/0001628280-22-023382/0001628280-22-023382.pdf" class="result-link link" aria-label="10-Q Q2 2022 PDF" target="_blank" rel="noopener" title="Opens in a new window"><span class="eqicon-PDF"></span>PDF</a>
    <a href="/sec-filings/all-sec-filings/content/0001628280-22-023382/0001628280-22-023382-xbrl.zip" aria-label="Download Raw XBRL Zip Files of 10-Q Q2 2022" class="link" target="_blank" rel="noopener" title="Opens in a new window"><span class="eqicon-ZIP"></span>XBRL Zip</a>
</div>    </div>
  
2025-03-23 23:53:23,132 [DEBUG] Original Snippet Text: Q2 2022 Quarter Ended Jun 30, 2022 Earnings Release HTML PDF Presentation PDF 10-Q HTML PDF XBRL Zip
2025-03-23 23:53:23,172 [DEBUG] Analyzing Sentence: 'Q2 2022 Quarter Ended Jun 30, 2022 Earnings Release HTML PDF Presentation PDF 10-Q HTML PDF XBRL Zip'
2025-03-23 23:53:23,179 [DEBUG] Match found! Token='Quarter' ~ Concept='acquisition' (sim=0.73)
2025-03-23 23:53:23,180 [DEBUG] Cleaning up sentence: 'Q2 2022 Quarter Ended Jun 30, 2022 Earnings Release HTML PDF Presentation PDF 10-Q HTML PDF XBRL Zip'
2025-03-23 23:53:23,180 [DEBUG] Final Extracted Event Name: Q2 2022 Quarter Ended Jun 30, 2022 Earnings Release Presentation 10-Q
2025-03-23 23:53:23,181 [DEBUG] Extracted event_name=Q2 2022 Quarter Ended Jun 30, 2022 Earnings Release Presentation 10-Q
2025-03-23 23:53:23,201 [DEBUG] Extracted published_date=2022-06-30
2025-03-23 23:53:23,201 [DEBUG] 
----------------------------------------------------
2025-03-23 23:53:23,202 [DEBUG] Raw HTML Snippet (truncated):

          <div class="col-md-4 results-info">
        <h3>Q2 2022</h3>
                <div class="date">Quarter Ended Jun 30, 2022</div>
                        
      </div>
    
    <div class="col-md-8">     
    

    <div class="result-line">
                        <a href="https://investors...
2025-03-23 23:53:23,202 [DEBUG] ----------------------------------------------------
2025-03-23 23:53:23,211 [DEBUG] Extracted Text:
Q2 2022 Quarter Ended Jun 30, 2022 Earnings Release HTML PDF Presentation PDF 10-Q HTML PDF XBRL Zip Earnings Release HTML https://investors.corescientific.com/news-events/press-releases/detail/18/correcting-and-replacing-core-scientific-announces-second-quarter-2022-results PDF https://d1io3yog0oux5.cloudfront.net/_1809aef3bf74227ab43f8f02a5800c1a/corescientific/news/2022-08-22_CORRECTING_and_REPLACING_Core_Scientific_18.pdf Presentation PDF https://d1io3yog0oux5.cloudfront.net/_1809aef3bf74227ab43f8f02a5800c1a/corescientific/db/946/9124/presentation/DRAFT-CORZ-F22Q2-Earnings-Pres-081022-V7%5B81%5D%5B6%5D.pdf 10-Q HTML /sec-filings/all-sec-filings/content/0001628280-22-023382/core-20220630.htm PDF /sec-filings/all-sec-filings/content/0001628280-22-023382/0001628280-22-023382.pdf XBRL Zip /sec-filings/all-sec-filings/content/0001628280-22-023382/0001628280-22-023382-xbrl.zip

2025-03-23 23:53:23,214 [DEBUG] [DICT] Found dictionary-based content types: {'sec_filing', 'financial_filing', 'presentation', '10-Q', 'three-month-results'}
2025-03-23 23:53:23,416 [DEBUG] [SIM] Found similarity-based content types: {'presentation'}
2025-03-23 23:53:23,416 [DEBUG] [UNION] Final content types = {'sec_filing', 'financial_filing', 'presentation', '10-Q', 'three-month-results'}
2025-03-23 23:53:23,416 [DEBUG] Extracted content_type=['sec_filing', 'financial_filing', 'presentation', '10-Q', 'three-month-results']
2025-03-23 23:53:23,419 [DEBUG] Starting new HTTPS connection (1): investors.corescientific.com:443
2025-03-23 23:53:24,218 [DEBUG] https://investors.corescientific.com:443 "GET /news-events/press-releases/detail/18/correcting-and-replacing-core-scientific-announces-second-quarter-2022-results HTTP/1.1" 200 28379
2025-03-23 23:53:24,387 [DEBUG] Changing event name from creating-client-class.iot-data to creating-client-class.iot-data-plane
2025-03-23 23:53:24,397 [DEBUG] Changing event name from before-call.apigateway to before-call.api-gateway
2025-03-23 23:53:24,400 [DEBUG] Changing event name from request-created.machinelearning.Predict to request-created.machine-learning.Predict
2025-03-23 23:53:24,408 [DEBUG] Changing event name from before-parameter-build.autoscaling.CreateLaunchConfiguration to before-parameter-build.auto-scaling.CreateLaunchConfiguration
2025-03-23 23:53:24,410 [DEBUG] Changing event name from before-parameter-build.route53 to before-parameter-build.route-53
2025-03-23 23:53:24,413 [DEBUG] Changing event name from request-created.cloudsearchdomain.Search to request-created.cloudsearch-domain.Search
2025-03-23 23:53:24,418 [DEBUG] Changing event name from docs.*.autoscaling.CreateLaunchConfiguration.complete-section to docs.*.auto-scaling.CreateLaunchConfiguration.complete-section
2025-03-23 23:53:24,437 [DEBUG] Changing event name from before-parameter-build.logs.CreateExportTask to before-parameter-build.cloudwatch-logs.CreateExportTask
2025-03-23 23:53:24,438 [DEBUG] Changing event name from docs.*.logs.CreateExportTask.complete-section to docs.*.cloudwatch-logs.CreateExportTask.complete-section
2025-03-23 23:53:24,438 [DEBUG] Changing event name from before-parameter-build.cloudsearchdomain.Search to before-parameter-build.cloudsearch-domain.Search
2025-03-23 23:53:24,439 [DEBUG] Changing event name from docs.*.cloudsearchdomain.Search.complete-section to docs.*.cloudsearch-domain.Search.complete-section
2025-03-23 23:53:24,447 [DEBUG] Loading JSON file: /home/syed-hassan-ul-haq/repos/fin_scraper/venv/lib/python3.12/site-packages/botocore/data/endpoints.json
2025-03-23 23:53:24,545 [DEBUG] Loading JSON file: /home/syed-hassan-ul-haq/repos/fin_scraper/venv/lib/python3.12/site-packages/botocore/data/sdk-default-configuration.json
2025-03-23 23:53:24,546 [DEBUG] Event choose-service-name: calling handler <function handle_service_name_alias at 0x7e639f144b80>
2025-03-23 23:53:24,609 [DEBUG] Loading JSON file: /home/syed-hassan-ul-haq/repos/fin_scraper/venv/lib/python3.12/site-packages/botocore/data/s3/2006-03-01/service-2.json.gz
2025-03-23 23:53:24,625 [DEBUG] Loading JSON file: /home/syed-hassan-ul-haq/repos/fin_scraper/venv/lib/python3.12/site-packages/botocore/data/s3/2006-03-01/service-2.sdk-extras.json
2025-03-23 23:53:24,659 [DEBUG] Loading JSON file: /home/syed-hassan-ul-haq/repos/fin_scraper/venv/lib/python3.12/site-packages/botocore/data/s3/2006-03-01/endpoint-rule-set-1.json.gz
2025-03-23 23:53:24,729 [DEBUG] Loading JSON file: /home/syed-hassan-ul-haq/repos/fin_scraper/venv/lib/python3.12/site-packages/botocore/data/partitions.json
2025-03-23 23:53:24,733 [DEBUG] Event creating-client-class.s3: calling handler <function add_generate_presigned_post at 0x7e639f2d2700>
2025-03-23 23:53:24,734 [DEBUG] Event creating-client-class.s3: calling handler <function lazy_call.<locals>._handler at 0x7e639cfd8a40>
2025-03-23 23:53:24,735 [DEBUG] Event creating-client-class.s3: calling handler <function add_generate_presigned_url at 0x7e639f2d2480>
2025-03-23 23:53:24,740 [DEBUG] Setting s3 timeout as (60, 60)
2025-03-23 23:53:24,746 [DEBUG] Loading JSON file: /home/syed-hassan-ul-haq/repos/fin_scraper/venv/lib/python3.12/site-packages/botocore/data/_retry.json
2025-03-23 23:53:24,748 [DEBUG] Registering retry handlers for service: s3
2025-03-23 23:53:24,749 [DEBUG] Registering S3 region redirector handler
2025-03-23 23:53:24,750 [DEBUG] Registering S3Express Identity Resolver
2025-03-23 23:53:24,752 [DEBUG] Event before-parameter-build.s3.PutObject: calling handler <function validate_ascii_metadata at 0x7e639f1476a0>
2025-03-23 23:53:24,753 [DEBUG] Event before-parameter-build.s3.PutObject: calling handler <function sse_md5 at 0x7e639f146980>
2025-03-23 23:53:24,753 [DEBUG] Event before-parameter-build.s3.PutObject: calling handler <function convert_body_to_file_like_object at 0x7e639f16c0e0>
2025-03-23 23:53:24,753 [DEBUG] Event before-parameter-build.s3.PutObject: calling handler <function validate_bucket_name at 0x7e639f1468e0>
2025-03-23 23:53:24,753 [DEBUG] Event before-parameter-build.s3.PutObject: calling handler <function remove_bucket_from_url_paths_from_model at 0x7e639f16cae0>
2025-03-23 23:53:24,753 [DEBUG] Event before-parameter-build.s3.PutObject: calling handler <bound method S3RegionRedirectorv2.annotate_request_context of <botocore.utils.S3RegionRedirectorv2 object at 0x7e639a00ce30>>
2025-03-23 23:53:24,754 [DEBUG] Event before-parameter-build.s3.PutObject: calling handler <bound method ClientCreator._inject_s3_input_parameters of <botocore.client.ClientCreator object at 0x7e639ca23470>>
2025-03-23 23:53:24,754 [DEBUG] Event before-parameter-build.s3.PutObject: calling handler <function generate_idempotent_uuid at 0x7e639f146700>
2025-03-23 23:53:24,754 [DEBUG] Event before-parameter-build.s3.PutObject: calling handler <function _handle_request_validation_mode_member at 0x7e639f16d260>
2025-03-23 23:53:24,755 [DEBUG] Event before-endpoint-resolution.s3: calling handler <function customize_endpoint_resolver_builtins at 0x7e639f16ccc0>
2025-03-23 23:53:24,755 [DEBUG] Event before-endpoint-resolution.s3: calling handler <bound method S3RegionRedirectorv2.redirect_from_cache of <botocore.utils.S3RegionRedirectorv2 object at 0x7e639a00ce30>>
2025-03-23 23:53:24,756 [DEBUG] Calling endpoint provider with parameters: {'Bucket': 'fin-scraping-bucket', 'Region': 'us-east-1', 'UseFIPS': False, 'UseDualStack': False, 'Endpoint': 'https://3c5636b6cfe0011ec1887ff62b057097.r2.cloudflarestorage.com', 'ForcePathStyle': True, 'Accelerate': False, 'UseGlobalEndpoint': True, 'Key': 'CORZ/2022-06-30/correcting-and-replacing-core-scientific-announces-second-quarter-2022-results/correcting-and-replacing-core-scientific-announces-second-quarter-2022-results', 'DisableMultiRegionAccessPoints': False, 'UseArnRegion': True}
2025-03-23 23:53:24,758 [DEBUG] Endpoint provider result: https://3c5636b6cfe0011ec1887ff62b057097.r2.cloudflarestorage.com/fin-scraping-bucket
2025-03-23 23:53:24,758 [DEBUG] Selecting from endpoint provider's list of auth schemes: "sigv4". User selected auth scheme is: "None"
2025-03-23 23:53:24,758 [DEBUG] Selected auth type "v4" as "v4" with signing context params: {'region': 'us-east-1', 'signing_name': 's3', 'disableDoubleEncoding': True}
2025-03-23 23:53:24,759 [DEBUG] Event before-call.s3.PutObject: calling handler <function add_expect_header at 0x7e639f146ca0>
2025-03-23 23:53:24,760 [DEBUG] Adding expect 100 continue header to request.
2025-03-23 23:53:24,760 [DEBUG] Event before-call.s3.PutObject: calling handler <bound method S3ExpressIdentityResolver.apply_signing_cache_key of <botocore.utils.S3ExpressIdentityResolver object at 0x7e639a00d280>>
2025-03-23 23:53:24,760 [DEBUG] Event before-call.s3.PutObject: calling handler <function add_recursion_detection_header at 0x7e639f145b20>
2025-03-23 23:53:24,760 [DEBUG] Event before-call.s3.PutObject: calling handler <function add_query_compatibility_header at 0x7e639f16d1c0>
2025-03-23 23:53:24,761 [DEBUG] Event before-call.s3.PutObject: calling handler <function inject_api_version_header_if_needed at 0x7e639f16c220>
2025-03-23 23:53:24,761 [DEBUG] Making request for OperationModel(name=PutObject) with params: {'url_path': '/CORZ/2022-06-30/correcting-and-replacing-core-scientific-announces-second-quarter-2022-results/correcting-and-replacing-core-scientific-announces-second-quarter-2022-results', 'query_string': {}, 'method': 'PUT', 'headers': {'User-Agent': 'Boto3/1.37.16 md/Botocore#1.37.17 ua/2.1 os/linux#6.11.0-19-generic md/arch#x86_64 lang/python#3.12.3 md/pyimpl#CPython m/N cfg/retry-mode#legacy Botocore/1.37.17', 'Expect': '100-continue', 'Transfer-Encoding': 'chunked', 'Content-Encoding': 'aws-chunked', 'X-Amz-Trailer': 'x-amz-checksum-crc32', 'X-Amz-Decoded-Content-Length': '359841', 'x-amz-sdk-checksum-algorithm': 'CRC32'}, 'body': <botocore.httpchecksum.AwsChunkedWrapper object at 0x7e639a00e060>, 'auth_path': '/fin-scraping-bucket/CORZ/2022-06-30/correcting-and-replacing-core-scientific-announces-second-quarter-2022-results/correcting-and-replacing-core-scientific-announces-second-quarter-2022-results', 'url': 'https://3c5636b6cfe0011ec1887ff62b057097.r2.cloudflarestorage.com/fin-scraping-bucket/CORZ/2022-06-30/correcting-and-replacing-core-scientific-announces-second-quarter-2022-results/correcting-and-replacing-core-scientific-announces-second-quarter-2022-results', 'context': {'client_region': 'us-east-1', 'client_config': <botocore.config.Config object at 0x7e639a0cc1d0>, 'has_streaming_input': True, 'auth_type': 'v4', 'unsigned_payload': None, 's3_redirect': {'redirected': False, 'bucket': 'fin-scraping-bucket', 'params': {'Bucket': 'fin-scraping-bucket', 'Key': 'CORZ/2022-06-30/correcting-and-replacing-core-scientific-announces-second-quarter-2022-results/correcting-and-replacing-core-scientific-announces-second-quarter-2022-results', 'Body': <_io.BufferedReader name='downloads/correcting-and-replacing-core-scientific-announces-second-quarter-2022-results'>}}, 'input_params': {'Bucket': 'fin-scraping-bucket', 'Key': 'CORZ/2022-06-30/correcting-and-replacing-core-scientific-announces-second-quarter-2022-results/correcting-and-replacing-core-scientific-announces-second-quarter-2022-results'}, 'signing': {'region': 'us-east-1', 'signing_name': 's3', 'disableDoubleEncoding': True}, 'endpoint_properties': {'authSchemes': [{'disableDoubleEncoding': True, 'name': 'sigv4', 'signingName': 's3', 'signingRegion': 'us-east-1'}]}, 'checksum': {'request_algorithm_header': {'name': 'x-amz-sdk-checksum-algorithm', 'value': 'CRC32'}, 'request_algorithm': {'algorithm': 'crc32', 'in': 'trailer', 'name': 'x-amz-checksum-crc32'}}}}
2025-03-23 23:53:24,762 [DEBUG] Event request-created.s3.PutObject: calling handler <bound method RequestSigner.handler of <botocore.signers.RequestSigner object at 0x7e639a0cfe00>>
2025-03-23 23:53:24,762 [DEBUG] Event choose-signer.s3.PutObject: calling handler <bound method ClientCreator._default_s3_presign_to_sigv2 of <botocore.client.ClientCreator object at 0x7e639ca23470>>
2025-03-23 23:53:24,763 [DEBUG] Event choose-signer.s3.PutObject: calling handler <function set_operation_specific_signer at 0x7e639f146520>
2025-03-23 23:53:24,763 [DEBUG] Event before-sign.s3.PutObject: calling handler <function remove_arn_from_signing_path at 0x7e639f16cc20>
2025-03-23 23:53:24,763 [DEBUG] Event before-sign.s3.PutObject: calling handler <function _set_extra_headers_for_unsigned_request at 0x7e639f16d300>
2025-03-23 23:53:24,763 [DEBUG] Event before-sign.s3.PutObject: calling handler <bound method S3ExpressIdentityResolver.resolve_s3express_identity of <botocore.utils.S3ExpressIdentityResolver object at 0x7e639a00d280>>
2025-03-23 23:53:24,764 [DEBUG] Calculating signature using v4 auth.
2025-03-23 23:53:24,764 [DEBUG] CanonicalRequest:
PUT
/fin-scraping-bucket/CORZ/2022-06-30/correcting-and-replacing-core-scientific-announces-second-quarter-2022-results/correcting-and-replacing-core-scientific-announces-second-quarter-2022-results

content-encoding:aws-chunked
host:3c5636b6cfe0011ec1887ff62b057097.r2.cloudflarestorage.com
x-amz-content-sha256:STREAMING-UNSIGNED-PAYLOAD-TRAILER
x-amz-date:20250323T185324Z
x-amz-decoded-content-length:359841
x-amz-sdk-checksum-algorithm:CRC32
x-amz-trailer:x-amz-checksum-crc32

content-encoding;host;x-amz-content-sha256;x-amz-date;x-amz-decoded-content-length;x-amz-sdk-checksum-algorithm;x-amz-trailer
STREAMING-UNSIGNED-PAYLOAD-TRAILER
2025-03-23 23:53:24,765 [DEBUG] StringToSign:
AWS4-HMAC-SHA256
20250323T185324Z
20250323/us-east-1/s3/aws4_request
d9d3cdfd9c80ff78821f91e2ae2843cfbb0fc30e359e09b50b5840439ae26605
2025-03-23 23:53:24,765 [DEBUG] Signature:
ad2a943f5cbb62d972eb927f8d81d2a5ca6f8f50f70195f99e8b63ee4158c695
2025-03-23 23:53:24,766 [DEBUG] Event request-created.s3.PutObject: calling handler <bound method UserAgentString.rebuild_and_replace_user_agent_handler of <botocore.useragent.UserAgentString object at 0x7e639a00cec0>>
2025-03-23 23:53:24,766 [DEBUG] Event request-created.s3.PutObject: calling handler <function add_retry_headers at 0x7e639f16ca40>
2025-03-23 23:53:24,767 [DEBUG] Sending http request: <AWSPreparedRequest stream_output=False, method=PUT, url=https://3c5636b6cfe0011ec1887ff62b057097.r2.cloudflarestorage.com/fin-scraping-bucket/CORZ/2022-06-30/correcting-and-replacing-core-scientific-announces-second-quarter-2022-results/correcting-and-replacing-core-scientific-announces-second-quarter-2022-results, headers={'User-Agent': b'Boto3/1.37.16 md/Botocore#1.37.17 ua/2.1 os/linux#6.11.0-19-generic md/arch#x86_64 lang/python#3.12.3 md/pyimpl#CPython m/N cfg/retry-mode#legacy Botocore/1.37.17', 'Expect': b'100-continue', 'Transfer-Encoding': b'chunked', 'Content-Encoding': b'aws-chunked', 'X-Amz-Trailer': b'x-amz-checksum-crc32', 'X-Amz-Decoded-Content-Length': b'359841', 'x-amz-sdk-checksum-algorithm': b'CRC32', 'X-Amz-Date': b'20250323T185324Z', 'X-Amz-Content-SHA256': b'STREAMING-UNSIGNED-PAYLOAD-TRAILER', 'Authorization': b'AWS4-HMAC-SHA256 Credential=f1ac1dc043a240f996be558cfba72868/20250323/us-east-1/s3/aws4_request, SignedHeaders=content-encoding;host;x-amz-content-sha256;x-amz-date;x-amz-decoded-content-length;x-amz-sdk-checksum-algorithm;x-amz-trailer, Signature=ad2a943f5cbb62d972eb927f8d81d2a5ca6f8f50f70195f99e8b63ee4158c695', 'amz-sdk-invocation-id': b'64c48f00-c440-4bb6-abb1-8c85f1deb158', 'amz-sdk-request': b'attempt=1'}>
2025-03-23 23:53:24,768 [DEBUG] Certificate path: /home/syed-hassan-ul-haq/repos/fin_scraper/venv/lib/python3.12/site-packages/certifi/cacert.pem
2025-03-23 23:53:24,769 [DEBUG] Starting new HTTPS connection (1): 3c5636b6cfe0011ec1887ff62b057097.r2.cloudflarestorage.com:443
2025-03-23 23:53:25,146 [DEBUG] Waiting for 100 Continue response.
2025-03-23 23:53:25,378 [DEBUG] 100 Continue response seen, now sending request body.
2025-03-23 23:53:26,308 [DEBUG] https://3c5636b6cfe0011ec1887ff62b057097.r2.cloudflarestorage.com:443 "PUT /fin-scraping-bucket/CORZ/2022-06-30/correcting-and-replacing-core-scientific-announces-second-quarter-2022-results/correcting-and-replacing-core-scientific-announces-second-quarter-2022-results HTTP/1.1" 200 0
2025-03-23 23:53:26,309 [DEBUG] Event before-parse.s3.PutObject: calling handler <function _handle_200_error at 0x7e639f16cfe0>
2025-03-23 23:53:26,309 [DEBUG] Event before-parse.s3.PutObject: calling handler <function handle_expires_header at 0x7e639f16ce00>
2025-03-23 23:53:26,310 [DEBUG] Response headers: {'Date': 'Sun, 23 Mar 2025 18:53:26 GMT', 'Content-Type': 'text/plain;charset=UTF-8', 'Content-Length': '0', 'Connection': 'keep-alive', 'ETag': '"9405fd8f66d25edc55cac6f32990b5ea"', 'x-amz-checksum-crc32': 'WeJ68Q==', 'x-amz-version-id': '7e6a3ba5ba4728b8f48c58783a3aeeff', 'Vary': 'Accept-Encoding', 'Server': 'cloudflare', 'CF-RAY': '925021a889269c14-SIN'}
2025-03-23 23:53:26,310 [DEBUG] Response body:
b''
2025-03-23 23:53:26,312 [DEBUG] Event needs-retry.s3.PutObject: calling handler <function _update_status_code at 0x7e639f16d120>
2025-03-23 23:53:26,312 [DEBUG] Event needs-retry.s3.PutObject: calling handler <botocore.retryhandler.RetryHandler object at 0x7e639a00cb90>
2025-03-23 23:53:26,313 [DEBUG] No retry needed.
2025-03-23 23:53:26,313 [DEBUG] Event needs-retry.s3.PutObject: calling handler <bound method S3RegionRedirectorv2.redirect_from_error of <botocore.utils.S3RegionRedirectorv2 object at 0x7e639a00ce30>>
2025-03-23 23:53:26,320 [DEBUG] Constructed data object: {'file_name': 'correcting-and-replacing-core-scientific-announces-second-quarter-2022-results', 'file_type': 'html', 'published_date': '2022-06-30', 'url': 'https://3c5636b6cfe0011ec1887ff62b057097.r2.cloudflarestorage.com/fin-scraping-bucket/CORZ/2022-06-30/correcting-and-replacing-core-scientific-announces-second-quarter-2022-results/correcting-and-replacing-core-scientific-announces-second-quarter-2022-results', 'content_type': ['sec_filing', 'financial_filing', 'presentation', '10-Q', 'three-month-results']}
2025-03-23 23:53:26,325 [DEBUG] Starting new HTTPS connection (1): d1io3yog0oux5.cloudfront.net:443
2025-03-23 23:53:26,455 [DEBUG] https://d1io3yog0oux5.cloudfront.net:443 "GET /_1809aef3bf74227ab43f8f02a5800c1a/corescientific/news/2022-08-22_CORRECTING_and_REPLACING_Core_Scientific_18.pdf HTTP/1.1" 200 262652
2025-03-23 23:53:26,567 [DEBUG] Changing event name from creating-client-class.iot-data to creating-client-class.iot-data-plane
2025-03-23 23:53:26,580 [DEBUG] Changing event name from before-call.apigateway to before-call.api-gateway
2025-03-23 23:53:26,585 [DEBUG] Changing event name from request-created.machinelearning.Predict to request-created.machine-learning.Predict
2025-03-23 23:53:26,598 [DEBUG] Changing event name from before-parameter-build.autoscaling.CreateLaunchConfiguration to before-parameter-build.auto-scaling.CreateLaunchConfiguration
2025-03-23 23:53:26,600 [DEBUG] Changing event name from before-parameter-build.route53 to before-parameter-build.route-53
2025-03-23 23:53:26,606 [DEBUG] Changing event name from request-created.cloudsearchdomain.Search to request-created.cloudsearch-domain.Search
2025-03-23 23:53:26,611 [DEBUG] Changing event name from docs.*.autoscaling.CreateLaunchConfiguration.complete-section to docs.*.auto-scaling.CreateLaunchConfiguration.complete-section
2025-03-23 23:53:26,625 [DEBUG] Changing event name from before-parameter-build.logs.CreateExportTask to before-parameter-build.cloudwatch-logs.CreateExportTask
2025-03-23 23:53:26,627 [DEBUG] Changing event name from docs.*.logs.CreateExportTask.complete-section to docs.*.cloudwatch-logs.CreateExportTask.complete-section
2025-03-23 23:53:26,627 [DEBUG] Changing event name from before-parameter-build.cloudsearchdomain.Search to before-parameter-build.cloudsearch-domain.Search
2025-03-23 23:53:26,628 [DEBUG] Changing event name from docs.*.cloudsearchdomain.Search.complete-section to docs.*.cloudsearch-domain.Search.complete-section
2025-03-23 23:53:26,640 [DEBUG] Loading JSON file: /home/syed-hassan-ul-haq/repos/fin_scraper/venv/lib/python3.12/site-packages/botocore/data/endpoints.json
2025-03-23 23:53:26,733 [DEBUG] Loading JSON file: /home/syed-hassan-ul-haq/repos/fin_scraper/venv/lib/python3.12/site-packages/botocore/data/sdk-default-configuration.json
2025-03-23 23:53:26,734 [DEBUG] Event choose-service-name: calling handler <function handle_service_name_alias at 0x7e639f144b80>
2025-03-23 23:53:26,814 [DEBUG] Loading JSON file: /home/syed-hassan-ul-haq/repos/fin_scraper/venv/lib/python3.12/site-packages/botocore/data/s3/2006-03-01/service-2.json.gz
2025-03-23 23:53:26,835 [DEBUG] Loading JSON file: /home/syed-hassan-ul-haq/repos/fin_scraper/venv/lib/python3.12/site-packages/botocore/data/s3/2006-03-01/service-2.sdk-extras.json
2025-03-23 23:53:26,870 [DEBUG] Loading JSON file: /home/syed-hassan-ul-haq/repos/fin_scraper/venv/lib/python3.12/site-packages/botocore/data/s3/2006-03-01/endpoint-rule-set-1.json.gz
2025-03-23 23:53:26,880 [DEBUG] Loading JSON file: /home/syed-hassan-ul-haq/repos/fin_scraper/venv/lib/python3.12/site-packages/botocore/data/partitions.json
2025-03-23 23:53:26,882 [DEBUG] Event creating-client-class.s3: calling handler <function add_generate_presigned_post at 0x7e639f2d2700>
2025-03-23 23:53:26,882 [DEBUG] Event creating-client-class.s3: calling handler <function lazy_call.<locals>._handler at 0x7e639dd71940>
2025-03-23 23:53:26,882 [DEBUG] Event creating-client-class.s3: calling handler <function add_generate_presigned_url at 0x7e639f2d2480>
2025-03-23 23:53:26,886 [DEBUG] Setting s3 timeout as (60, 60)
2025-03-23 23:53:26,892 [DEBUG] Loading JSON file: /home/syed-hassan-ul-haq/repos/fin_scraper/venv/lib/python3.12/site-packages/botocore/data/_retry.json
2025-03-23 23:53:26,894 [DEBUG] Registering retry handlers for service: s3
2025-03-23 23:53:26,894 [DEBUG] Registering S3 region redirector handler
2025-03-23 23:53:26,895 [DEBUG] Registering S3Express Identity Resolver
2025-03-23 23:53:26,897 [DEBUG] Event before-parameter-build.s3.PutObject: calling handler <function validate_ascii_metadata at 0x7e639f1476a0>
2025-03-23 23:53:26,898 [DEBUG] Event before-parameter-build.s3.PutObject: calling handler <function sse_md5 at 0x7e639f146980>
2025-03-23 23:53:26,898 [DEBUG] Event before-parameter-build.s3.PutObject: calling handler <function convert_body_to_file_like_object at 0x7e639f16c0e0>
2025-03-23 23:53:26,898 [DEBUG] Event before-parameter-build.s3.PutObject: calling handler <function validate_bucket_name at 0x7e639f1468e0>
2025-03-23 23:53:26,898 [DEBUG] Event before-parameter-build.s3.PutObject: calling handler <function remove_bucket_from_url_paths_from_model at 0x7e639f16cae0>
2025-03-23 23:53:26,898 [DEBUG] Event before-parameter-build.s3.PutObject: calling handler <bound method S3RegionRedirectorv2.annotate_request_context of <botocore.utils.S3RegionRedirectorv2 object at 0x7e6398dd92b0>>
2025-03-23 23:53:26,899 [DEBUG] Event before-parameter-build.s3.PutObject: calling handler <bound method ClientCreator._inject_s3_input_parameters of <botocore.client.ClientCreator object at 0x7e639e199c40>>
2025-03-23 23:53:26,899 [DEBUG] Event before-parameter-build.s3.PutObject: calling handler <function generate_idempotent_uuid at 0x7e639f146700>
2025-03-23 23:53:26,899 [DEBUG] Event before-parameter-build.s3.PutObject: calling handler <function _handle_request_validation_mode_member at 0x7e639f16d260>
2025-03-23 23:53:26,899 [DEBUG] Event before-endpoint-resolution.s3: calling handler <function customize_endpoint_resolver_builtins at 0x7e639f16ccc0>
2025-03-23 23:53:26,900 [DEBUG] Event before-endpoint-resolution.s3: calling handler <bound method S3RegionRedirectorv2.redirect_from_cache of <botocore.utils.S3RegionRedirectorv2 object at 0x7e6398dd92b0>>
2025-03-23 23:53:26,900 [DEBUG] Calling endpoint provider with parameters: {'Bucket': 'fin-scraping-bucket', 'Region': 'us-east-1', 'UseFIPS': False, 'UseDualStack': False, 'Endpoint': 'https://3c5636b6cfe0011ec1887ff62b057097.r2.cloudflarestorage.com', 'ForcePathStyle': True, 'Accelerate': False, 'UseGlobalEndpoint': True, 'Key': 'CORZ/2022-06-30/2022-08-22_CORRECTING_and_REPLACING_Core_Scientific_18.pdf/2022-08-22_CORRECTING_and_REPLACING_Core_Scientific_18.pdf', 'DisableMultiRegionAccessPoints': False, 'UseArnRegion': True}
2025-03-23 23:53:26,901 [DEBUG] Endpoint provider result: https://3c5636b6cfe0011ec1887ff62b057097.r2.cloudflarestorage.com/fin-scraping-bucket
2025-03-23 23:53:26,902 [DEBUG] Selecting from endpoint provider's list of auth schemes: "sigv4". User selected auth scheme is: "None"
2025-03-23 23:53:26,903 [DEBUG] Selected auth type "v4" as "v4" with signing context params: {'region': 'us-east-1', 'signing_name': 's3', 'disableDoubleEncoding': True}
2025-03-23 23:53:26,904 [DEBUG] Event before-call.s3.PutObject: calling handler <function add_expect_header at 0x7e639f146ca0>
2025-03-23 23:53:26,904 [DEBUG] Adding expect 100 continue header to request.
2025-03-23 23:53:26,904 [DEBUG] Event before-call.s3.PutObject: calling handler <bound method S3ExpressIdentityResolver.apply_signing_cache_key of <botocore.utils.S3ExpressIdentityResolver object at 0x7e6398dd9c40>>
2025-03-23 23:53:26,904 [DEBUG] Event before-call.s3.PutObject: calling handler <function add_recursion_detection_header at 0x7e639f145b20>
2025-03-23 23:53:26,905 [DEBUG] Event before-call.s3.PutObject: calling handler <function add_query_compatibility_header at 0x7e639f16d1c0>
2025-03-23 23:53:26,905 [DEBUG] Event before-call.s3.PutObject: calling handler <function inject_api_version_header_if_needed at 0x7e639f16c220>
2025-03-23 23:53:26,905 [DEBUG] Making request for OperationModel(name=PutObject) with params: {'url_path': '/CORZ/2022-06-30/2022-08-22_CORRECTING_and_REPLACING_Core_Scientific_18.pdf/2022-08-22_CORRECTING_and_REPLACING_Core_Scientific_18.pdf', 'query_string': {}, 'method': 'PUT', 'headers': {'User-Agent': 'Boto3/1.37.16 md/Botocore#1.37.17 ua/2.1 os/linux#6.11.0-19-generic md/arch#x86_64 lang/python#3.12.3 md/pyimpl#CPython m/N cfg/retry-mode#legacy Botocore/1.37.17', 'Expect': '100-continue', 'Transfer-Encoding': 'chunked', 'Content-Encoding': 'aws-chunked', 'X-Amz-Trailer': 'x-amz-checksum-crc32', 'X-Amz-Decoded-Content-Length': '262652', 'x-amz-sdk-checksum-algorithm': 'CRC32'}, 'body': <botocore.httpchecksum.AwsChunkedWrapper object at 0x7e639ba23530>, 'auth_path': '/fin-scraping-bucket/CORZ/2022-06-30/2022-08-22_CORRECTING_and_REPLACING_Core_Scientific_18.pdf/2022-08-22_CORRECTING_and_REPLACING_Core_Scientific_18.pdf', 'url': 'https://3c5636b6cfe0011ec1887ff62b057097.r2.cloudflarestorage.com/fin-scraping-bucket/CORZ/2022-06-30/2022-08-22_CORRECTING_and_REPLACING_Core_Scientific_18.pdf/2022-08-22_CORRECTING_and_REPLACING_Core_Scientific_18.pdf', 'context': {'client_region': 'us-east-1', 'client_config': <botocore.config.Config object at 0x7e6398c229c0>, 'has_streaming_input': True, 'auth_type': 'v4', 'unsigned_payload': None, 's3_redirect': {'redirected': False, 'bucket': 'fin-scraping-bucket', 'params': {'Bucket': 'fin-scraping-bucket', 'Key': 'CORZ/2022-06-30/2022-08-22_CORRECTING_and_REPLACING_Core_Scientific_18.pdf/2022-08-22_CORRECTING_and_REPLACING_Core_Scientific_18.pdf', 'Body': <_io.BufferedReader name='downloads/2022-08-22_CORRECTING_and_REPLACING_Core_Scientific_18.pdf'>}}, 'input_params': {'Bucket': 'fin-scraping-bucket', 'Key': 'CORZ/2022-06-30/2022-08-22_CORRECTING_and_REPLACING_Core_Scientific_18.pdf/2022-08-22_CORRECTING_and_REPLACING_Core_Scientific_18.pdf'}, 'signing': {'region': 'us-east-1', 'signing_name': 's3', 'disableDoubleEncoding': True}, 'endpoint_properties': {'authSchemes': [{'disableDoubleEncoding': True, 'name': 'sigv4', 'signingName': 's3', 'signingRegion': 'us-east-1'}]}, 'checksum': {'request_algorithm_header': {'name': 'x-amz-sdk-checksum-algorithm', 'value': 'CRC32'}, 'request_algorithm': {'algorithm': 'crc32', 'in': 'trailer', 'name': 'x-amz-checksum-crc32'}}}}
2025-03-23 23:53:26,906 [DEBUG] Event request-created.s3.PutObject: calling handler <bound method RequestSigner.handler of <botocore.signers.RequestSigner object at 0x7e6398c22540>>
2025-03-23 23:53:26,907 [DEBUG] Event choose-signer.s3.PutObject: calling handler <bound method ClientCreator._default_s3_presign_to_sigv2 of <botocore.client.ClientCreator object at 0x7e639e199c40>>
2025-03-23 23:53:26,907 [DEBUG] Event choose-signer.s3.PutObject: calling handler <function set_operation_specific_signer at 0x7e639f146520>
2025-03-23 23:53:26,907 [DEBUG] Event before-sign.s3.PutObject: calling handler <function remove_arn_from_signing_path at 0x7e639f16cc20>
2025-03-23 23:53:26,908 [DEBUG] Event before-sign.s3.PutObject: calling handler <function _set_extra_headers_for_unsigned_request at 0x7e639f16d300>
2025-03-23 23:53:26,908 [DEBUG] Event before-sign.s3.PutObject: calling handler <bound method S3ExpressIdentityResolver.resolve_s3express_identity of <botocore.utils.S3ExpressIdentityResolver object at 0x7e6398dd9c40>>
2025-03-23 23:53:26,908 [DEBUG] Calculating signature using v4 auth.
2025-03-23 23:53:26,909 [DEBUG] CanonicalRequest:
PUT
/fin-scraping-bucket/CORZ/2022-06-30/2022-08-22_CORRECTING_and_REPLACING_Core_Scientific_18.pdf/2022-08-22_CORRECTING_and_REPLACING_Core_Scientific_18.pdf

content-encoding:aws-chunked
host:3c5636b6cfe0011ec1887ff62b057097.r2.cloudflarestorage.com
x-amz-content-sha256:STREAMING-UNSIGNED-PAYLOAD-TRAILER
x-amz-date:20250323T185326Z
x-amz-decoded-content-length:262652
x-amz-sdk-checksum-algorithm:CRC32
x-amz-trailer:x-amz-checksum-crc32

content-encoding;host;x-amz-content-sha256;x-amz-date;x-amz-decoded-content-length;x-amz-sdk-checksum-algorithm;x-amz-trailer
STREAMING-UNSIGNED-PAYLOAD-TRAILER
2025-03-23 23:53:26,909 [DEBUG] StringToSign:
AWS4-HMAC-SHA256
20250323T185326Z
20250323/us-east-1/s3/aws4_request
af6187d263d62aa47c516a733b66c210934a40200a1ce0c5edcaa28e3907cc37
2025-03-23 23:53:26,909 [DEBUG] Signature:
d54fc855eecde0ce93364a9a8b9b144827df6fcb4d62ba9471e828173e71c66e
2025-03-23 23:53:26,909 [DEBUG] Event request-created.s3.PutObject: calling handler <bound method UserAgentString.rebuild_and_replace_user_agent_handler of <botocore.useragent.UserAgentString object at 0x7e6398dd9310>>
2025-03-23 23:53:26,910 [DEBUG] Event request-created.s3.PutObject: calling handler <function add_retry_headers at 0x7e639f16ca40>
2025-03-23 23:53:26,911 [DEBUG] Sending http request: <AWSPreparedRequest stream_output=False, method=PUT, url=https://3c5636b6cfe0011ec1887ff62b057097.r2.cloudflarestorage.com/fin-scraping-bucket/CORZ/2022-06-30/2022-08-22_CORRECTING_and_REPLACING_Core_Scientific_18.pdf/2022-08-22_CORRECTING_and_REPLACING_Core_Scientific_18.pdf, headers={'User-Agent': b'Boto3/1.37.16 md/Botocore#1.37.17 ua/2.1 os/linux#6.11.0-19-generic md/arch#x86_64 lang/python#3.12.3 md/pyimpl#CPython m/N cfg/retry-mode#legacy Botocore/1.37.17', 'Expect': b'100-continue', 'Transfer-Encoding': b'chunked', 'Content-Encoding': b'aws-chunked', 'X-Amz-Trailer': b'x-amz-checksum-crc32', 'X-Amz-Decoded-Content-Length': b'262652', 'x-amz-sdk-checksum-algorithm': b'CRC32', 'X-Amz-Date': b'20250323T185326Z', 'X-Amz-Content-SHA256': b'STREAMING-UNSIGNED-PAYLOAD-TRAILER', 'Authorization': b'AWS4-HMAC-SHA256 Credential=f1ac1dc043a240f996be558cfba72868/20250323/us-east-1/s3/aws4_request, SignedHeaders=content-encoding;host;x-amz-content-sha256;x-amz-date;x-amz-decoded-content-length;x-amz-sdk-checksum-algorithm;x-amz-trailer, Signature=d54fc855eecde0ce93364a9a8b9b144827df6fcb4d62ba9471e828173e71c66e', 'amz-sdk-invocation-id': b'75ddd64a-1376-4dc8-b0bc-f5deb3bf876e', 'amz-sdk-request': b'attempt=1'}>
2025-03-23 23:53:26,912 [DEBUG] Certificate path: /home/syed-hassan-ul-haq/repos/fin_scraper/venv/lib/python3.12/site-packages/certifi/cacert.pem
2025-03-23 23:53:26,914 [DEBUG] Starting new HTTPS connection (1): 3c5636b6cfe0011ec1887ff62b057097.r2.cloudflarestorage.com:443
2025-03-23 23:53:27,248 [DEBUG] Waiting for 100 Continue response.
2025-03-23 23:53:27,337 [DEBUG] 100 Continue response seen, now sending request body.
2025-03-23 23:53:28,259 [DEBUG] https://3c5636b6cfe0011ec1887ff62b057097.r2.cloudflarestorage.com:443 "PUT /fin-scraping-bucket/CORZ/2022-06-30/2022-08-22_CORRECTING_and_REPLACING_Core_Scientific_18.pdf/2022-08-22_CORRECTING_and_REPLACING_Core_Scientific_18.pdf HTTP/1.1" 200 0
2025-03-23 23:53:28,261 [DEBUG] Event before-parse.s3.PutObject: calling handler <function _handle_200_error at 0x7e639f16cfe0>
2025-03-23 23:53:28,261 [DEBUG] Event before-parse.s3.PutObject: calling handler <function handle_expires_header at 0x7e639f16ce00>
2025-03-23 23:53:28,262 [DEBUG] Response headers: {'Date': 'Sun, 23 Mar 2025 18:53:28 GMT', 'Content-Type': 'text/plain;charset=UTF-8', 'Content-Length': '0', 'Connection': 'keep-alive', 'ETag': '"d395b0c1c173fd1830389ff3abdb8eb2"', 'x-amz-checksum-crc32': '53sNBg==', 'x-amz-version-id': '7e6a3ba5b22af4eabe2b1ac60f3da0f5', 'Vary': 'Accept-Encoding', 'Server': 'cloudflare', 'CF-RAY': '925021b5ac965f6b-SIN'}
2025-03-23 23:53:28,262 [DEBUG] Response body:
b''
2025-03-23 23:53:28,264 [DEBUG] Event needs-retry.s3.PutObject: calling handler <function _update_status_code at 0x7e639f16d120>
2025-03-23 23:53:28,264 [DEBUG] Event needs-retry.s3.PutObject: calling handler <botocore.retryhandler.RetryHandler object at 0x7e6398dd9b50>
2025-03-23 23:53:28,264 [DEBUG] No retry needed.
2025-03-23 23:53:28,265 [DEBUG] Event needs-retry.s3.PutObject: calling handler <bound method S3RegionRedirectorv2.redirect_from_error of <botocore.utils.S3RegionRedirectorv2 object at 0x7e6398dd92b0>>
2025-03-23 23:53:28,271 [DEBUG] Constructed data object: {'file_name': '2022-08-22_CORRECTING_and_REPLACING_Core_Scientific_18.pdf', 'file_type': 'pdf', 'published_date': '2022-06-30', 'url': 'https://3c5636b6cfe0011ec1887ff62b057097.r2.cloudflarestorage.com/fin-scraping-bucket/CORZ/2022-06-30/2022-08-22_CORRECTING_and_REPLACING_Core_Scientific_18.pdf/2022-08-22_CORRECTING_and_REPLACING_Core_Scientific_18.pdf', 'content_type': ['sec_filing', 'financial_filing', 'presentation', '10-Q', 'three-month-results']}
2025-03-23 23:53:28,277 [DEBUG] Starting new HTTPS connection (1): d1io3yog0oux5.cloudfront.net:443
2025-03-23 23:53:28,392 [DEBUG] https://d1io3yog0oux5.cloudfront.net:443 "GET /_1809aef3bf74227ab43f8f02a5800c1a/corescientific/db/946/9124/presentation/DRAFT-CORZ-F22Q2-Earnings-Pres-081022-V7%5B81%5D%5B6%5D.pdf HTTP/1.1" 200 1459080
2025-03-23 23:53:29,312 [DEBUG] Changing event name from creating-client-class.iot-data to creating-client-class.iot-data-plane
2025-03-23 23:53:29,326 [DEBUG] Changing event name from before-call.apigateway to before-call.api-gateway
2025-03-23 23:53:29,331 [DEBUG] Changing event name from request-created.machinelearning.Predict to request-created.machine-learning.Predict
2025-03-23 23:53:29,341 [DEBUG] Changing event name from before-parameter-build.autoscaling.CreateLaunchConfiguration to before-parameter-build.auto-scaling.CreateLaunchConfiguration
2025-03-23 23:53:29,345 [DEBUG] Changing event name from before-parameter-build.route53 to before-parameter-build.route-53
2025-03-23 23:53:29,349 [DEBUG] Changing event name from request-created.cloudsearchdomain.Search to request-created.cloudsearch-domain.Search
2025-03-23 23:53:29,355 [DEBUG] Changing event name from docs.*.autoscaling.CreateLaunchConfiguration.complete-section to docs.*.auto-scaling.CreateLaunchConfiguration.complete-section
2025-03-23 23:53:29,372 [DEBUG] Changing event name from before-parameter-build.logs.CreateExportTask to before-parameter-build.cloudwatch-logs.CreateExportTask
2025-03-23 23:53:29,374 [DEBUG] Changing event name from docs.*.logs.CreateExportTask.complete-section to docs.*.cloudwatch-logs.CreateExportTask.complete-section
2025-03-23 23:53:29,374 [DEBUG] Changing event name from before-parameter-build.cloudsearchdomain.Search to before-parameter-build.cloudsearch-domain.Search
2025-03-23 23:53:29,375 [DEBUG] Changing event name from docs.*.cloudsearchdomain.Search.complete-section to docs.*.cloudsearch-domain.Search.complete-section
2025-03-23 23:53:29,461 [DEBUG] Loading JSON file: /home/syed-hassan-ul-haq/repos/fin_scraper/venv/lib/python3.12/site-packages/botocore/data/endpoints.json
2025-03-23 23:53:29,532 [DEBUG] Loading JSON file: /home/syed-hassan-ul-haq/repos/fin_scraper/venv/lib/python3.12/site-packages/botocore/data/sdk-default-configuration.json
2025-03-23 23:53:29,533 [DEBUG] Event choose-service-name: calling handler <function handle_service_name_alias at 0x7e639f144b80>
2025-03-23 23:53:29,569 [DEBUG] Loading JSON file: /home/syed-hassan-ul-haq/repos/fin_scraper/venv/lib/python3.12/site-packages/botocore/data/s3/2006-03-01/service-2.json.gz
2025-03-23 23:53:29,588 [DEBUG] Loading JSON file: /home/syed-hassan-ul-haq/repos/fin_scraper/venv/lib/python3.12/site-packages/botocore/data/s3/2006-03-01/service-2.sdk-extras.json
2025-03-23 23:53:29,621 [DEBUG] Loading JSON file: /home/syed-hassan-ul-haq/repos/fin_scraper/venv/lib/python3.12/site-packages/botocore/data/s3/2006-03-01/endpoint-rule-set-1.json.gz
2025-03-23 23:53:29,628 [DEBUG] Loading JSON file: /home/syed-hassan-ul-haq/repos/fin_scraper/venv/lib/python3.12/site-packages/botocore/data/partitions.json
2025-03-23 23:53:29,629 [DEBUG] Event creating-client-class.s3: calling handler <function add_generate_presigned_post at 0x7e639f2d2700>
2025-03-23 23:53:29,630 [DEBUG] Event creating-client-class.s3: calling handler <function lazy_call.<locals>._handler at 0x7e639e2c2840>
2025-03-23 23:53:29,630 [DEBUG] Event creating-client-class.s3: calling handler <function add_generate_presigned_url at 0x7e639f2d2480>
2025-03-23 23:53:29,633 [DEBUG] Setting s3 timeout as (60, 60)
2025-03-23 23:53:29,639 [DEBUG] Loading JSON file: /home/syed-hassan-ul-haq/repos/fin_scraper/venv/lib/python3.12/site-packages/botocore/data/_retry.json
2025-03-23 23:53:29,640 [DEBUG] Registering retry handlers for service: s3
2025-03-23 23:53:29,641 [DEBUG] Registering S3 region redirector handler
2025-03-23 23:53:29,642 [DEBUG] Registering S3Express Identity Resolver
2025-03-23 23:53:29,644 [DEBUG] Event before-parameter-build.s3.PutObject: calling handler <function validate_ascii_metadata at 0x7e639f1476a0>
2025-03-23 23:53:29,644 [DEBUG] Event before-parameter-build.s3.PutObject: calling handler <function sse_md5 at 0x7e639f146980>
2025-03-23 23:53:29,644 [DEBUG] Event before-parameter-build.s3.PutObject: calling handler <function convert_body_to_file_like_object at 0x7e639f16c0e0>
2025-03-23 23:53:29,645 [DEBUG] Event before-parameter-build.s3.PutObject: calling handler <function validate_bucket_name at 0x7e639f1468e0>
2025-03-23 23:53:29,645 [DEBUG] Event before-parameter-build.s3.PutObject: calling handler <function remove_bucket_from_url_paths_from_model at 0x7e639f16cae0>
2025-03-23 23:53:29,645 [DEBUG] Event before-parameter-build.s3.PutObject: calling handler <bound method S3RegionRedirectorv2.annotate_request_context of <botocore.utils.S3RegionRedirectorv2 object at 0x7e6399911af0>>
2025-03-23 23:53:29,645 [DEBUG] Event before-parameter-build.s3.PutObject: calling handler <bound method ClientCreator._inject_s3_input_parameters of <botocore.client.ClientCreator object at 0x7e639962c500>>
2025-03-23 23:53:29,645 [DEBUG] Event before-parameter-build.s3.PutObject: calling handler <function generate_idempotent_uuid at 0x7e639f146700>
2025-03-23 23:53:29,646 [DEBUG] Event before-parameter-build.s3.PutObject: calling handler <function _handle_request_validation_mode_member at 0x7e639f16d260>
2025-03-23 23:53:29,646 [DEBUG] Event before-endpoint-resolution.s3: calling handler <function customize_endpoint_resolver_builtins at 0x7e639f16ccc0>
2025-03-23 23:53:29,646 [DEBUG] Event before-endpoint-resolution.s3: calling handler <bound method S3RegionRedirectorv2.redirect_from_cache of <botocore.utils.S3RegionRedirectorv2 object at 0x7e6399911af0>>
2025-03-23 23:53:29,646 [DEBUG] Calling endpoint provider with parameters: {'Bucket': 'fin-scraping-bucket', 'Region': 'us-east-1', 'UseFIPS': False, 'UseDualStack': False, 'Endpoint': 'https://3c5636b6cfe0011ec1887ff62b057097.r2.cloudflarestorage.com', 'ForcePathStyle': True, 'Accelerate': False, 'UseGlobalEndpoint': True, 'Key': 'CORZ/2022-06-30/DRAFT-CORZ-F22Q2-Earnings-Pres-081022-V7%5B81%5D%5B6%5D.pdf/DRAFT-CORZ-F22Q2-Earnings-Pres-081022-V7%5B81%5D%5B6%5D.pdf', 'DisableMultiRegionAccessPoints': False, 'UseArnRegion': True}
2025-03-23 23:53:29,648 [DEBUG] Endpoint provider result: https://3c5636b6cfe0011ec1887ff62b057097.r2.cloudflarestorage.com/fin-scraping-bucket
2025-03-23 23:53:29,649 [DEBUG] Selecting from endpoint provider's list of auth schemes: "sigv4". User selected auth scheme is: "None"
2025-03-23 23:53:29,649 [DEBUG] Selected auth type "v4" as "v4" with signing context params: {'region': 'us-east-1', 'signing_name': 's3', 'disableDoubleEncoding': True}
2025-03-23 23:53:29,650 [DEBUG] Event before-call.s3.PutObject: calling handler <function add_expect_header at 0x7e639f146ca0>
2025-03-23 23:53:29,650 [DEBUG] Adding expect 100 continue header to request.
2025-03-23 23:53:29,650 [DEBUG] Event before-call.s3.PutObject: calling handler <bound method S3ExpressIdentityResolver.apply_signing_cache_key of <botocore.utils.S3ExpressIdentityResolver object at 0x7e6398ddb020>>
2025-03-23 23:53:29,650 [DEBUG] Event before-call.s3.PutObject: calling handler <function add_recursion_detection_header at 0x7e639f145b20>
2025-03-23 23:53:29,651 [DEBUG] Event before-call.s3.PutObject: calling handler <function add_query_compatibility_header at 0x7e639f16d1c0>
2025-03-23 23:53:29,651 [DEBUG] Event before-call.s3.PutObject: calling handler <function inject_api_version_header_if_needed at 0x7e639f16c220>
2025-03-23 23:53:29,651 [DEBUG] Making request for OperationModel(name=PutObject) with params: {'url_path': '/CORZ/2022-06-30/DRAFT-CORZ-F22Q2-Earnings-Pres-081022-V7%255B81%255D%255B6%255D.pdf/DRAFT-CORZ-F22Q2-Earnings-Pres-081022-V7%255B81%255D%255B6%255D.pdf', 'query_string': {}, 'method': 'PUT', 'headers': {'User-Agent': 'Boto3/1.37.16 md/Botocore#1.37.17 ua/2.1 os/linux#6.11.0-19-generic md/arch#x86_64 lang/python#3.12.3 md/pyimpl#CPython m/N cfg/retry-mode#legacy Botocore/1.37.17', 'Expect': '100-continue', 'Transfer-Encoding': 'chunked', 'Content-Encoding': 'aws-chunked', 'X-Amz-Trailer': 'x-amz-checksum-crc32', 'X-Amz-Decoded-Content-Length': '1459080', 'x-amz-sdk-checksum-algorithm': 'CRC32'}, 'body': <botocore.httpchecksum.AwsChunkedWrapper object at 0x7e6398dd9ee0>, 'auth_path': '/fin-scraping-bucket/CORZ/2022-06-30/DRAFT-CORZ-F22Q2-Earnings-Pres-081022-V7%255B81%255D%255B6%255D.pdf/DRAFT-CORZ-F22Q2-Earnings-Pres-081022-V7%255B81%255D%255B6%255D.pdf', 'url': 'https://3c5636b6cfe0011ec1887ff62b057097.r2.cloudflarestorage.com/fin-scraping-bucket/CORZ/2022-06-30/DRAFT-CORZ-F22Q2-Earnings-Pres-081022-V7%255B81%255D%255B6%255D.pdf/DRAFT-CORZ-F22Q2-Earnings-Pres-081022-V7%255B81%255D%255B6%255D.pdf', 'context': {'client_region': 'us-east-1', 'client_config': <botocore.config.Config object at 0x7e6399911be0>, 'has_streaming_input': True, 'auth_type': 'v4', 'unsigned_payload': None, 's3_redirect': {'redirected': False, 'bucket': 'fin-scraping-bucket', 'params': {'Bucket': 'fin-scraping-bucket', 'Key': 'CORZ/2022-06-30/DRAFT-CORZ-F22Q2-Earnings-Pres-081022-V7%5B81%5D%5B6%5D.pdf/DRAFT-CORZ-F22Q2-Earnings-Pres-081022-V7%5B81%5D%5B6%5D.pdf', 'Body': <_io.BufferedReader name='downloads/DRAFT-CORZ-F22Q2-Earnings-Pres-081022-V7%5B81%5D%5B6%5D.pdf'>}}, 'input_params': {'Bucket': 'fin-scraping-bucket', 'Key': 'CORZ/2022-06-30/DRAFT-CORZ-F22Q2-Earnings-Pres-081022-V7%5B81%5D%5B6%5D.pdf/DRAFT-CORZ-F22Q2-Earnings-Pres-081022-V7%5B81%5D%5B6%5D.pdf'}, 'signing': {'region': 'us-east-1', 'signing_name': 's3', 'disableDoubleEncoding': True}, 'endpoint_properties': {'authSchemes': [{'disableDoubleEncoding': True, 'name': 'sigv4', 'signingName': 's3', 'signingRegion': 'us-east-1'}]}, 'checksum': {'request_algorithm_header': {'name': 'x-amz-sdk-checksum-algorithm', 'value': 'CRC32'}, 'request_algorithm': {'algorithm': 'crc32', 'in': 'trailer', 'name': 'x-amz-checksum-crc32'}}}}
2025-03-23 23:53:29,652 [DEBUG] Event request-created.s3.PutObject: calling handler <bound method RequestSigner.handler of <botocore.signers.RequestSigner object at 0x7e6399913650>>
2025-03-23 23:53:29,653 [DEBUG] Event choose-signer.s3.PutObject: calling handler <bound method ClientCreator._default_s3_presign_to_sigv2 of <botocore.client.ClientCreator object at 0x7e639962c500>>
2025-03-23 23:53:29,653 [DEBUG] Event choose-signer.s3.PutObject: calling handler <function set_operation_specific_signer at 0x7e639f146520>
2025-03-23 23:53:29,653 [DEBUG] Event before-sign.s3.PutObject: calling handler <function remove_arn_from_signing_path at 0x7e639f16cc20>
2025-03-23 23:53:29,653 [DEBUG] Event before-sign.s3.PutObject: calling handler <function _set_extra_headers_for_unsigned_request at 0x7e639f16d300>
2025-03-23 23:53:29,654 [DEBUG] Event before-sign.s3.PutObject: calling handler <bound method S3ExpressIdentityResolver.resolve_s3express_identity of <botocore.utils.S3ExpressIdentityResolver object at 0x7e6398ddb020>>
2025-03-23 23:53:29,654 [DEBUG] Calculating signature using v4 auth.
2025-03-23 23:53:29,654 [DEBUG] CanonicalRequest:
PUT
/fin-scraping-bucket/CORZ/2022-06-30/DRAFT-CORZ-F22Q2-Earnings-Pres-081022-V7%255B81%255D%255B6%255D.pdf/DRAFT-CORZ-F22Q2-Earnings-Pres-081022-V7%255B81%255D%255B6%255D.pdf

content-encoding:aws-chunked
host:3c5636b6cfe0011ec1887ff62b057097.r2.cloudflarestorage.com
x-amz-content-sha256:STREAMING-UNSIGNED-PAYLOAD-TRAILER
x-amz-date:20250323T185329Z
x-amz-decoded-content-length:1459080
x-amz-sdk-checksum-algorithm:CRC32
x-amz-trailer:x-amz-checksum-crc32

content-encoding;host;x-amz-content-sha256;x-amz-date;x-amz-decoded-content-length;x-amz-sdk-checksum-algorithm;x-amz-trailer
STREAMING-UNSIGNED-PAYLOAD-TRAILER
2025-03-23 23:53:29,655 [DEBUG] StringToSign:
AWS4-HMAC-SHA256
20250323T185329Z
20250323/us-east-1/s3/aws4_request
5b0ec1dfd059b18b75c64eca0d85ffe3a8ee9bb1a78336b452a08c2eacb1e0c1
2025-03-23 23:53:29,655 [DEBUG] Signature:
4133f06b5a041bbbfdd80283e448fa8022cd0e5faa9dd50af97a47fa4a394819
2025-03-23 23:53:29,655 [DEBUG] Event request-created.s3.PutObject: calling handler <bound method UserAgentString.rebuild_and_replace_user_agent_handler of <botocore.useragent.UserAgentString object at 0x7e639a9b0320>>
2025-03-23 23:53:29,656 [DEBUG] Event request-created.s3.PutObject: calling handler <function add_retry_headers at 0x7e639f16ca40>
2025-03-23 23:53:29,656 [DEBUG] Sending http request: <AWSPreparedRequest stream_output=False, method=PUT, url=https://3c5636b6cfe0011ec1887ff62b057097.r2.cloudflarestorage.com/fin-scraping-bucket/CORZ/2022-06-30/DRAFT-CORZ-F22Q2-Earnings-Pres-081022-V7%255B81%255D%255B6%255D.pdf/DRAFT-CORZ-F22Q2-Earnings-Pres-081022-V7%255B81%255D%255B6%255D.pdf, headers={'User-Agent': b'Boto3/1.37.16 md/Botocore#1.37.17 ua/2.1 os/linux#6.11.0-19-generic md/arch#x86_64 lang/python#3.12.3 md/pyimpl#CPython m/N cfg/retry-mode#legacy Botocore/1.37.17', 'Expect': b'100-continue', 'Transfer-Encoding': b'chunked', 'Content-Encoding': b'aws-chunked', 'X-Amz-Trailer': b'x-amz-checksum-crc32', 'X-Amz-Decoded-Content-Length': b'1459080', 'x-amz-sdk-checksum-algorithm': b'CRC32', 'X-Amz-Date': b'20250323T185329Z', 'X-Amz-Content-SHA256': b'STREAMING-UNSIGNED-PAYLOAD-TRAILER', 'Authorization': b'AWS4-HMAC-SHA256 Credential=f1ac1dc043a240f996be558cfba72868/20250323/us-east-1/s3/aws4_request, SignedHeaders=content-encoding;host;x-amz-content-sha256;x-amz-date;x-amz-decoded-content-length;x-amz-sdk-checksum-algorithm;x-amz-trailer, Signature=4133f06b5a041bbbfdd80283e448fa8022cd0e5faa9dd50af97a47fa4a394819', 'amz-sdk-invocation-id': b'c7ff8b03-9360-4b3e-9927-7432c6165883', 'amz-sdk-request': b'attempt=1'}>
2025-03-23 23:53:29,657 [DEBUG] Certificate path: /home/syed-hassan-ul-haq/repos/fin_scraper/venv/lib/python3.12/site-packages/certifi/cacert.pem
2025-03-23 23:53:29,659 [DEBUG] Starting new HTTPS connection (1): 3c5636b6cfe0011ec1887ff62b057097.r2.cloudflarestorage.com:443
2025-03-23 23:53:29,986 [DEBUG] Waiting for 100 Continue response.
2025-03-23 23:53:30,067 [DEBUG] 100 Continue response seen, now sending request body.
2025-03-23 23:53:33,374 [DEBUG] https://3c5636b6cfe0011ec1887ff62b057097.r2.cloudflarestorage.com:443 "PUT /fin-scraping-bucket/CORZ/2022-06-30/DRAFT-CORZ-F22Q2-Earnings-Pres-081022-V7%255B81%255D%255B6%255D.pdf/DRAFT-CORZ-F22Q2-Earnings-Pres-081022-V7%255B81%255D%255B6%255D.pdf HTTP/1.1" 200 0
2025-03-23 23:53:33,375 [DEBUG] Event before-parse.s3.PutObject: calling handler <function _handle_200_error at 0x7e639f16cfe0>
2025-03-23 23:53:33,375 [DEBUG] Event before-parse.s3.PutObject: calling handler <function handle_expires_header at 0x7e639f16ce00>
2025-03-23 23:53:33,376 [DEBUG] Response headers: {'Date': 'Sun, 23 Mar 2025 18:53:33 GMT', 'Content-Type': 'text/plain;charset=UTF-8', 'Content-Length': '0', 'Connection': 'keep-alive', 'ETag': '"9176cd0c899293b6954f3c95d2d2a6c0"', 'x-amz-checksum-crc32': 'RIjhrA==', 'x-amz-version-id': '7e6a3ba5a77c883b35d7244723499afc', 'Vary': 'Accept-Encoding', 'Server': 'cloudflare', 'CF-RAY': '925021c6bcbd5f93-SIN'}
2025-03-23 23:53:33,376 [DEBUG] Response body:
b''
2025-03-23 23:53:33,378 [DEBUG] Event needs-retry.s3.PutObject: calling handler <function _update_status_code at 0x7e639f16d120>
2025-03-23 23:53:33,379 [DEBUG] Event needs-retry.s3.PutObject: calling handler <botocore.retryhandler.RetryHandler object at 0x7e6398ddaf90>
2025-03-23 23:53:33,379 [DEBUG] No retry needed.
2025-03-23 23:53:33,379 [DEBUG] Event needs-retry.s3.PutObject: calling handler <bound method S3RegionRedirectorv2.redirect_from_error of <botocore.utils.S3RegionRedirectorv2 object at 0x7e6399911af0>>
2025-03-23 23:53:33,386 [DEBUG] Constructed data object: {'file_name': 'DRAFT-CORZ-F22Q2-Earnings-Pres-081022-V7%5B81%5D%5B6%5D.pdf', 'file_type': 'pdf', 'published_date': '2022-06-30', 'url': 'https://3c5636b6cfe0011ec1887ff62b057097.r2.cloudflarestorage.com/fin-scraping-bucket/CORZ/2022-06-30/DRAFT-CORZ-F22Q2-Earnings-Pres-081022-V7%5B81%5D%5B6%5D.pdf/DRAFT-CORZ-F22Q2-Earnings-Pres-081022-V7%5B81%5D%5B6%5D.pdf', 'content_type': ['sec_filing', 'financial_filing', 'presentation', '10-Q', 'three-month-results']}
2025-03-23 23:53:33,391 [DEBUG] Starting new HTTPS connection (1): www.pvh.com:443
2025-03-23 23:53:33,843 [DEBUG] https://www.pvh.com:443 "GET /sec-filings/all-sec-filings/content/0001628280-22-023382/core-20220630.htm HTTP/1.1" 404 1245
2025-03-23 23:53:33,847 [DEBUG] Changing event name from creating-client-class.iot-data to creating-client-class.iot-data-plane
2025-03-23 23:53:33,859 [DEBUG] Changing event name from before-call.apigateway to before-call.api-gateway
2025-03-23 23:53:33,863 [DEBUG] Changing event name from request-created.machinelearning.Predict to request-created.machine-learning.Predict
2025-03-23 23:53:33,872 [DEBUG] Changing event name from before-parameter-build.autoscaling.CreateLaunchConfiguration to before-parameter-build.auto-scaling.CreateLaunchConfiguration
2025-03-23 23:53:33,873 [DEBUG] Changing event name from before-parameter-build.route53 to before-parameter-build.route-53
2025-03-23 23:53:33,877 [DEBUG] Changing event name from request-created.cloudsearchdomain.Search to request-created.cloudsearch-domain.Search
2025-03-23 23:53:33,882 [DEBUG] Changing event name from docs.*.autoscaling.CreateLaunchConfiguration.complete-section to docs.*.auto-scaling.CreateLaunchConfiguration.complete-section
2025-03-23 23:53:33,900 [DEBUG] Changing event name from before-parameter-build.logs.CreateExportTask to before-parameter-build.cloudwatch-logs.CreateExportTask
2025-03-23 23:53:33,901 [DEBUG] Changing event name from docs.*.logs.CreateExportTask.complete-section to docs.*.cloudwatch-logs.CreateExportTask.complete-section
2025-03-23 23:53:33,902 [DEBUG] Changing event name from before-parameter-build.cloudsearchdomain.Search to before-parameter-build.cloudsearch-domain.Search
2025-03-23 23:53:33,902 [DEBUG] Changing event name from docs.*.cloudsearchdomain.Search.complete-section to docs.*.cloudsearch-domain.Search.complete-section
2025-03-23 23:53:33,912 [DEBUG] Loading JSON file: /home/syed-hassan-ul-haq/repos/fin_scraper/venv/lib/python3.12/site-packages/botocore/data/endpoints.json
2025-03-23 23:53:33,994 [DEBUG] Loading JSON file: /home/syed-hassan-ul-haq/repos/fin_scraper/venv/lib/python3.12/site-packages/botocore/data/sdk-default-configuration.json
2025-03-23 23:53:33,994 [DEBUG] Event choose-service-name: calling handler <function handle_service_name_alias at 0x7e639f144b80>
2025-03-23 23:53:34,032 [DEBUG] Loading JSON file: /home/syed-hassan-ul-haq/repos/fin_scraper/venv/lib/python3.12/site-packages/botocore/data/s3/2006-03-01/service-2.json.gz
2025-03-23 23:53:34,055 [DEBUG] Loading JSON file: /home/syed-hassan-ul-haq/repos/fin_scraper/venv/lib/python3.12/site-packages/botocore/data/s3/2006-03-01/service-2.sdk-extras.json
2025-03-23 23:53:34,083 [DEBUG] Loading JSON file: /home/syed-hassan-ul-haq/repos/fin_scraper/venv/lib/python3.12/site-packages/botocore/data/s3/2006-03-01/endpoint-rule-set-1.json.gz
2025-03-23 23:53:34,093 [DEBUG] Loading JSON file: /home/syed-hassan-ul-haq/repos/fin_scraper/venv/lib/python3.12/site-packages/botocore/data/partitions.json
2025-03-23 23:53:34,095 [DEBUG] Event creating-client-class.s3: calling handler <function add_generate_presigned_post at 0x7e639f2d2700>
2025-03-23 23:53:34,095 [DEBUG] Event creating-client-class.s3: calling handler <function lazy_call.<locals>._handler at 0x7e639dd73a60>
2025-03-23 23:53:34,096 [DEBUG] Event creating-client-class.s3: calling handler <function add_generate_presigned_url at 0x7e639f2d2480>
2025-03-23 23:53:34,132 [DEBUG] Setting s3 timeout as (60, 60)
2025-03-23 23:53:34,136 [DEBUG] Loading JSON file: /home/syed-hassan-ul-haq/repos/fin_scraper/venv/lib/python3.12/site-packages/botocore/data/_retry.json
2025-03-23 23:53:34,138 [DEBUG] Registering retry handlers for service: s3
2025-03-23 23:53:34,138 [DEBUG] Registering S3 region redirector handler
2025-03-23 23:53:34,140 [DEBUG] Registering S3Express Identity Resolver
2025-03-23 23:53:44,143 [DEBUG] Constructed data object: {'file_name': 'core-20220630.htm', 'file_type': 'html', 'published_date': '2022-06-30', 'url': None, 'content_type': ['sec_filing', 'financial_filing', 'presentation', '10-Q', 'three-month-results']}
2025-03-23 23:53:44,146 [DEBUG] Starting new HTTPS connection (1): www.pvh.com:443
2025-03-23 23:53:44,648 [DEBUG] https://www.pvh.com:443 "GET /sec-filings/all-sec-filings/content/0001628280-22-023382/0001628280-22-023382.pdf HTTP/1.1" 404 1245
2025-03-23 23:53:44,652 [DEBUG] Changing event name from creating-client-class.iot-data to creating-client-class.iot-data-plane
2025-03-23 23:53:44,660 [DEBUG] Changing event name from before-call.apigateway to before-call.api-gateway
2025-03-23 23:53:44,664 [DEBUG] Changing event name from request-created.machinelearning.Predict to request-created.machine-learning.Predict
2025-03-23 23:53:44,671 [DEBUG] Changing event name from before-parameter-build.autoscaling.CreateLaunchConfiguration to before-parameter-build.auto-scaling.CreateLaunchConfiguration
2025-03-23 23:53:44,672 [DEBUG] Changing event name from before-parameter-build.route53 to before-parameter-build.route-53
2025-03-23 23:53:44,676 [DEBUG] Changing event name from request-created.cloudsearchdomain.Search to request-created.cloudsearch-domain.Search
2025-03-23 23:53:44,681 [DEBUG] Changing event name from docs.*.autoscaling.CreateLaunchConfiguration.complete-section to docs.*.auto-scaling.CreateLaunchConfiguration.complete-section
2025-03-23 23:53:44,695 [DEBUG] Changing event name from before-parameter-build.logs.CreateExportTask to before-parameter-build.cloudwatch-logs.CreateExportTask
2025-03-23 23:53:44,696 [DEBUG] Changing event name from docs.*.logs.CreateExportTask.complete-section to docs.*.cloudwatch-logs.CreateExportTask.complete-section
2025-03-23 23:53:44,697 [DEBUG] Changing event name from before-parameter-build.cloudsearchdomain.Search to before-parameter-build.cloudsearch-domain.Search
2025-03-23 23:53:44,698 [DEBUG] Changing event name from docs.*.cloudsearchdomain.Search.complete-section to docs.*.cloudsearch-domain.Search.complete-section
2025-03-23 23:53:44,708 [DEBUG] Loading JSON file: /home/syed-hassan-ul-haq/repos/fin_scraper/venv/lib/python3.12/site-packages/botocore/data/endpoints.json
2025-03-23 23:53:44,798 [DEBUG] Loading JSON file: /home/syed-hassan-ul-haq/repos/fin_scraper/venv/lib/python3.12/site-packages/botocore/data/sdk-default-configuration.json
2025-03-23 23:53:44,799 [DEBUG] Event choose-service-name: calling handler <function handle_service_name_alias at 0x7e639f144b80>
2025-03-23 23:53:44,870 [DEBUG] Loading JSON file: /home/syed-hassan-ul-haq/repos/fin_scraper/venv/lib/python3.12/site-packages/botocore/data/s3/2006-03-01/service-2.json.gz
2025-03-23 23:53:44,904 [DEBUG] Loading JSON file: /home/syed-hassan-ul-haq/repos/fin_scraper/venv/lib/python3.12/site-packages/botocore/data/s3/2006-03-01/service-2.sdk-extras.json
2025-03-23 23:53:44,949 [DEBUG] Loading JSON file: /home/syed-hassan-ul-haq/repos/fin_scraper/venv/lib/python3.12/site-packages/botocore/data/s3/2006-03-01/endpoint-rule-set-1.json.gz
2025-03-23 23:53:44,956 [DEBUG] Loading JSON file: /home/syed-hassan-ul-haq/repos/fin_scraper/venv/lib/python3.12/site-packages/botocore/data/partitions.json
2025-03-23 23:53:44,958 [DEBUG] Event creating-client-class.s3: calling handler <function add_generate_presigned_post at 0x7e639f2d2700>
2025-03-23 23:53:44,958 [DEBUG] Event creating-client-class.s3: calling handler <function lazy_call.<locals>._handler at 0x7e639dd739c0>
2025-03-23 23:53:44,958 [DEBUG] Event creating-client-class.s3: calling handler <function add_generate_presigned_url at 0x7e639f2d2480>
2025-03-23 23:53:44,960 [DEBUG] Setting s3 timeout as (60, 60)
2025-03-23 23:53:44,965 [DEBUG] Loading JSON file: /home/syed-hassan-ul-haq/repos/fin_scraper/venv/lib/python3.12/site-packages/botocore/data/_retry.json
2025-03-23 23:53:44,967 [DEBUG] Registering retry handlers for service: s3
2025-03-23 23:53:44,968 [DEBUG] Registering S3 region redirector handler
2025-03-23 23:53:44,969 [DEBUG] Registering S3Express Identity Resolver
2025-03-23 23:53:54,971 [DEBUG] Constructed data object: {'file_name': '0001628280-22-023382.pdf', 'file_type': 'html', 'published_date': '2022-06-30', 'url': None, 'content_type': ['sec_filing', 'financial_filing', 'presentation', '10-Q', 'three-month-results']}
2025-03-23 23:53:54,974 [DEBUG] Starting new HTTPS connection (1): www.pvh.com:443
2025-03-23 23:53:55,390 [DEBUG] https://www.pvh.com:443 "GET /sec-filings/all-sec-filings/content/0001628280-22-023382/0001628280-22-023382-xbrl.zip HTTP/1.1" 404 1245
2025-03-23 23:53:55,394 [DEBUG] Changing event name from creating-client-class.iot-data to creating-client-class.iot-data-plane
2025-03-23 23:53:55,402 [DEBUG] Changing event name from before-call.apigateway to before-call.api-gateway
2025-03-23 23:53:55,406 [DEBUG] Changing event name from request-created.machinelearning.Predict to request-created.machine-learning.Predict
2025-03-23 23:53:55,415 [DEBUG] Changing event name from before-parameter-build.autoscaling.CreateLaunchConfiguration to before-parameter-build.auto-scaling.CreateLaunchConfiguration
2025-03-23 23:53:55,416 [DEBUG] Changing event name from before-parameter-build.route53 to before-parameter-build.route-53
2025-03-23 23:53:55,419 [DEBUG] Changing event name from request-created.cloudsearchdomain.Search to request-created.cloudsearch-domain.Search
2025-03-23 23:53:55,424 [DEBUG] Changing event name from docs.*.autoscaling.CreateLaunchConfiguration.complete-section to docs.*.auto-scaling.CreateLaunchConfiguration.complete-section
2025-03-23 23:53:55,442 [DEBUG] Changing event name from before-parameter-build.logs.CreateExportTask to before-parameter-build.cloudwatch-logs.CreateExportTask
2025-03-23 23:53:55,442 [DEBUG] Changing event name from docs.*.logs.CreateExportTask.complete-section to docs.*.cloudwatch-logs.CreateExportTask.complete-section
2025-03-23 23:53:55,443 [DEBUG] Changing event name from before-parameter-build.cloudsearchdomain.Search to before-parameter-build.cloudsearch-domain.Search
2025-03-23 23:53:55,444 [DEBUG] Changing event name from docs.*.cloudsearchdomain.Search.complete-section to docs.*.cloudsearch-domain.Search.complete-section
2025-03-23 23:53:55,454 [DEBUG] Loading JSON file: /home/syed-hassan-ul-haq/repos/fin_scraper/venv/lib/python3.12/site-packages/botocore/data/endpoints.json
2025-03-23 23:53:55,546 [DEBUG] Loading JSON file: /home/syed-hassan-ul-haq/repos/fin_scraper/venv/lib/python3.12/site-packages/botocore/data/sdk-default-configuration.json
2025-03-23 23:53:55,547 [DEBUG] Event choose-service-name: calling handler <function handle_service_name_alias at 0x7e639f144b80>
2025-03-23 23:53:55,621 [DEBUG] Loading JSON file: /home/syed-hassan-ul-haq/repos/fin_scraper/venv/lib/python3.12/site-packages/botocore/data/s3/2006-03-01/service-2.json.gz
2025-03-23 23:53:55,643 [DEBUG] Loading JSON file: /home/syed-hassan-ul-haq/repos/fin_scraper/venv/lib/python3.12/site-packages/botocore/data/s3/2006-03-01/service-2.sdk-extras.json
2025-03-23 23:53:55,671 [DEBUG] Loading JSON file: /home/syed-hassan-ul-haq/repos/fin_scraper/venv/lib/python3.12/site-packages/botocore/data/s3/2006-03-01/endpoint-rule-set-1.json.gz
2025-03-23 23:53:55,729 [DEBUG] Loading JSON file: /home/syed-hassan-ul-haq/repos/fin_scraper/venv/lib/python3.12/site-packages/botocore/data/partitions.json
2025-03-23 23:53:55,731 [DEBUG] Event creating-client-class.s3: calling handler <function add_generate_presigned_post at 0x7e639f2d2700>
2025-03-23 23:53:55,731 [DEBUG] Event creating-client-class.s3: calling handler <function lazy_call.<locals>._handler at 0x7e639a48c2c0>
2025-03-23 23:53:55,731 [DEBUG] Event creating-client-class.s3: calling handler <function add_generate_presigned_url at 0x7e639f2d2480>
2025-03-23 23:53:55,734 [DEBUG] Setting s3 timeout as (60, 60)
2025-03-23 23:53:55,738 [DEBUG] Loading JSON file: /home/syed-hassan-ul-haq/repos/fin_scraper/venv/lib/python3.12/site-packages/botocore/data/_retry.json
2025-03-23 23:53:55,739 [DEBUG] Registering retry handlers for service: s3
2025-03-23 23:53:55,740 [DEBUG] Registering S3 region redirector handler
2025-03-23 23:53:55,741 [DEBUG] Registering S3Express Identity Resolver
2025-03-23 23:54:05,744 [DEBUG] Constructed data object: {'file_name': '0001628280-22-023382-xbrl.zip', 'file_type': 'html', 'published_date': '2022-06-30', 'url': None, 'content_type': ['sec_filing', 'financial_filing', 'presentation', '10-Q', 'three-month-results']}
2025-03-23 23:54:05,744 [DEBUG] Constructed final JSON: {'event_name': 'Q2 2022 Quarter Ended Jun 30, 2022 Earnings Release Presentation 10-Q', 'equity_ticker': 'CORZ', 'geography': 'US', 'periodicity': 'non-periodic', 'data': [{'file_name': 'correcting-and-replacing-core-scientific-announces-second-quarter-2022-results', 'file_type': 'html', 'published_date': '2022-06-30', 'url': 'https://3c5636b6cfe0011ec1887ff62b057097.r2.cloudflarestorage.com/fin-scraping-bucket/CORZ/2022-06-30/correcting-and-replacing-core-scientific-announces-second-quarter-2022-results/correcting-and-replacing-core-scientific-announces-second-quarter-2022-results', 'content_type': ['sec_filing', 'financial_filing', 'presentation', '10-Q', 'three-month-results']}, {'file_name': '2022-08-22_CORRECTING_and_REPLACING_Core_Scientific_18.pdf', 'file_type': 'pdf', 'published_date': '2022-06-30', 'url': 'https://3c5636b6cfe0011ec1887ff62b057097.r2.cloudflarestorage.com/fin-scraping-bucket/CORZ/2022-06-30/2022-08-22_CORRECTING_and_REPLACING_Core_Scientific_18.pdf/2022-08-22_CORRECTING_and_REPLACING_Core_Scientific_18.pdf', 'content_type': ['sec_filing', 'financial_filing', 'presentation', '10-Q', 'three-month-results']}, {'file_name': 'DRAFT-CORZ-F22Q2-Earnings-Pres-081022-V7%5B81%5D%5B6%5D.pdf', 'file_type': 'pdf', 'published_date': '2022-06-30', 'url': 'https://3c5636b6cfe0011ec1887ff62b057097.r2.cloudflarestorage.com/fin-scraping-bucket/CORZ/2022-06-30/DRAFT-CORZ-F22Q2-Earnings-Pres-081022-V7%5B81%5D%5B6%5D.pdf/DRAFT-CORZ-F22Q2-Earnings-Pres-081022-V7%5B81%5D%5B6%5D.pdf', 'content_type': ['sec_filing', 'financial_filing', 'presentation', '10-Q', 'three-month-results']}, {'file_name': 'core-20220630.htm', 'file_type': 'html', 'published_date': '2022-06-30', 'url': None, 'content_type': ['sec_filing', 'financial_filing', 'presentation', '10-Q', 'three-month-results']}, {'file_name': '0001628280-22-023382.pdf', 'file_type': 'html', 'published_date': '2022-06-30', 'url': None, 'content_type': ['sec_filing', 'financial_filing', 'presentation', '10-Q', 'three-month-results']}, {'file_name': '0001628280-22-023382-xbrl.zip', 'file_type': 'html', 'published_date': '2022-06-30', 'url': None, 'content_type': ['sec_filing', 'financial_filing', 'presentation', '10-Q', 'three-month-results']}]}
2025-03-23 23:54:05,745 [DEBUG] Returning constructed JSON.
2025-03-23 23:54:05,745 [INFO] Snippet #11 -> Event JSON created.
2025-03-23 23:54:05,745 [INFO] Processing snippet #12 / 16
2025-03-23 23:54:05,746 [DEBUG] Starting construct_event_json function.
2025-03-23 23:54:05,746 [DEBUG] html_element length=2449
2025-03-23 23:54:05,746 [DEBUG] equity_ticker=CORZ, geography=US, periodicity=non-periodic
2025-03-23 23:54:05,746 [DEBUG] 

2025-03-23 23:54:05,747 [DEBUG] Original Snippet Text: 
          <div class="col-md-4 results-info">
        <h3>Q1 2022</h3>
                <div class="date">Quarter Ended Mar 31, 2022</div>
                        
      </div>
    
    <div class="col-md-8">     
    

    <div class="result-line">
                        <a href="https://investors.corescientific.com/news-events/press-releases/detail/27/core-scientific-announces-first-quarter-2022-results" class="headline-link" aria-label="Earnings Release Q1 2022">
                <span class="headline">Earnings Release</span>
                <span class="result-link link" aria-hidden="true"><span class="eqicon-HTML"></span>HTML</span>
            </a>
            <a href="https://d1io3yog0oux5.cloudfront.net/_1809aef3bf74227ab43f8f02a5800c1a/corescientific/news/2022-05-12_Core_Scientific_Announces_First_Quarter_2022_27.pdf" class="result-link link" target="_blank" rel="noopener" aria-label="Earnings Release Q1 2022 PDF" title="Opens in a new window"><span class="eqicon-PDF"></span>PDF</a>
                </div>

<div class="result-line">
    <a href="https://d1io3yog0oux5.cloudfront.net/_1809aef3bf74227ab43f8f02a5800c1a/corescientific/db/946/9123/presentation/FINAL-CORZ-F22Q1-Earnings-Pres-051222-1030.pdf" class="headline-link" target="_blank" rel="noopener" aria-label="Presentation Q1 2022 PDF" title="Opens in a new window">
        <span class="headline">Presentation</span>
        <span class="result-link link" aria-hidden="true"><span class="eqicon-PDF"></span>PDF</span>
    </a>
</div><div class="result-line">
    <a href="/sec-filings/all-sec-filings/content/0001628280-22-014350/core-20220331.htm" class="headline-link" aria-label="10-Q Q1 2022" target="_blank" rel="noopener" title="Opens in a new window">
        <span class="headline">10-Q</span>
        <span class="result-link link" aria-hidden="true"><span class="eqicon-HTML"></span>HTML</span>
    </a>
    <a href="/sec-filings/all-sec-filings/content/0001628280-22-014350/0001628280-22-014350.pdf" class="result-link link" aria-label="10-Q Q1 2022 PDF" target="_blank" rel="noopener" title="Opens in a new window"><span class="eqicon-PDF"></span>PDF</a>
    <a href="/sec-filings/all-sec-filings/content/0001628280-22-014350/0001628280-22-014350-xbrl.zip" aria-label="Download Raw XBRL Zip Files of 10-Q Q1 2022" class="link" target="_blank" rel="noopener" title="Opens in a new window"><span class="eqicon-ZIP"></span>XBRL Zip</a>
</div>    </div>
  
2025-03-23 23:54:05,754 [DEBUG] Original Snippet Text: Q1 2022 Quarter Ended Mar 31, 2022 Earnings Release HTML PDF Presentation PDF 10-Q HTML PDF XBRL Zip
2025-03-23 23:54:05,798 [DEBUG] Analyzing Sentence: 'Q1 2022 Quarter Ended Mar 31,'
2025-03-23 23:54:05,805 [DEBUG] Match found! Token='Quarter' ~ Concept='acquisition' (sim=0.73)
2025-03-23 23:54:05,805 [DEBUG] Cleaning up sentence: 'Q1 2022 Quarter Ended Mar 31,'
2025-03-23 23:54:05,806 [DEBUG] Final Extracted Event Name: Q1 2022 Quarter Ended Mar 31
2025-03-23 23:54:05,806 [DEBUG] Extracted event_name=Q1 2022 Quarter Ended Mar 31
2025-03-23 23:54:05,825 [DEBUG] Extracted published_date=2022-03-31
2025-03-23 23:54:05,825 [DEBUG] 
----------------------------------------------------
2025-03-23 23:54:05,826 [DEBUG] Raw HTML Snippet (truncated):

          <div class="col-md-4 results-info">
        <h3>Q1 2022</h3>
                <div class="date">Quarter Ended Mar 31, 2022</div>
                        
      </div>
    
    <div class="col-md-8">     
    

    <div class="result-line">
                        <a href="https://investors...
2025-03-23 23:54:05,826 [DEBUG] ----------------------------------------------------
2025-03-23 23:54:05,835 [DEBUG] Extracted Text:
Q1 2022 Quarter Ended Mar 31, 2022 Earnings Release HTML PDF Presentation PDF 10-Q HTML PDF XBRL Zip Earnings Release HTML https://investors.corescientific.com/news-events/press-releases/detail/27/core-scientific-announces-first-quarter-2022-results PDF https://d1io3yog0oux5.cloudfront.net/_1809aef3bf74227ab43f8f02a5800c1a/corescientific/news/2022-05-12_Core_Scientific_Announces_First_Quarter_2022_27.pdf Presentation PDF https://d1io3yog0oux5.cloudfront.net/_1809aef3bf74227ab43f8f02a5800c1a/corescientific/db/946/9123/presentation/FINAL-CORZ-F22Q1-Earnings-Pres-051222-1030.pdf 10-Q HTML /sec-filings/all-sec-filings/content/0001628280-22-014350/core-20220331.htm PDF /sec-filings/all-sec-filings/content/0001628280-22-014350/0001628280-22-014350.pdf XBRL Zip /sec-filings/all-sec-filings/content/0001628280-22-014350/0001628280-22-014350-xbrl.zip

2025-03-23 23:54:05,838 [DEBUG] [DICT] Found dictionary-based content types: {'sec_filing', 'financial_filing', 'presentation', '10-Q', 'three-month-results'}
2025-03-23 23:54:06,055 [DEBUG] [SIM] Found similarity-based content types: {'presentation'}
2025-03-23 23:54:06,055 [DEBUG] [UNION] Final content types = {'sec_filing', 'financial_filing', 'presentation', '10-Q', 'three-month-results'}
2025-03-23 23:54:06,056 [DEBUG] Extracted content_type=['sec_filing', 'financial_filing', 'presentation', '10-Q', 'three-month-results']
2025-03-23 23:54:06,058 [DEBUG] Starting new HTTPS connection (1): investors.corescientific.com:443
2025-03-23 23:54:06,402 [DEBUG] https://investors.corescientific.com:443 "GET /news-events/press-releases/detail/27/core-scientific-announces-first-quarter-2022-results HTTP/1.1" 200 24586
2025-03-23 23:54:06,498 [DEBUG] Changing event name from creating-client-class.iot-data to creating-client-class.iot-data-plane
2025-03-23 23:54:06,509 [DEBUG] Changing event name from before-call.apigateway to before-call.api-gateway
2025-03-23 23:54:06,513 [DEBUG] Changing event name from request-created.machinelearning.Predict to request-created.machine-learning.Predict
2025-03-23 23:54:06,521 [DEBUG] Changing event name from before-parameter-build.autoscaling.CreateLaunchConfiguration to before-parameter-build.auto-scaling.CreateLaunchConfiguration
2025-03-23 23:54:06,522 [DEBUG] Changing event name from before-parameter-build.route53 to before-parameter-build.route-53
2025-03-23 23:54:06,526 [DEBUG] Changing event name from request-created.cloudsearchdomain.Search to request-created.cloudsearch-domain.Search
2025-03-23 23:54:06,529 [DEBUG] Changing event name from docs.*.autoscaling.CreateLaunchConfiguration.complete-section to docs.*.auto-scaling.CreateLaunchConfiguration.complete-section
2025-03-23 23:54:06,546 [DEBUG] Changing event name from before-parameter-build.logs.CreateExportTask to before-parameter-build.cloudwatch-logs.CreateExportTask
2025-03-23 23:54:06,547 [DEBUG] Changing event name from docs.*.logs.CreateExportTask.complete-section to docs.*.cloudwatch-logs.CreateExportTask.complete-section
2025-03-23 23:54:06,548 [DEBUG] Changing event name from before-parameter-build.cloudsearchdomain.Search to before-parameter-build.cloudsearch-domain.Search
2025-03-23 23:54:06,548 [DEBUG] Changing event name from docs.*.cloudsearchdomain.Search.complete-section to docs.*.cloudsearch-domain.Search.complete-section
2025-03-23 23:54:06,556 [DEBUG] Loading JSON file: /home/syed-hassan-ul-haq/repos/fin_scraper/venv/lib/python3.12/site-packages/botocore/data/endpoints.json
2025-03-23 23:54:06,657 [DEBUG] Loading JSON file: /home/syed-hassan-ul-haq/repos/fin_scraper/venv/lib/python3.12/site-packages/botocore/data/sdk-default-configuration.json
2025-03-23 23:54:06,658 [DEBUG] Event choose-service-name: calling handler <function handle_service_name_alias at 0x7e639f144b80>
2025-03-23 23:54:06,756 [DEBUG] Loading JSON file: /home/syed-hassan-ul-haq/repos/fin_scraper/venv/lib/python3.12/site-packages/botocore/data/s3/2006-03-01/service-2.json.gz
2025-03-23 23:54:06,814 [DEBUG] Loading JSON file: /home/syed-hassan-ul-haq/repos/fin_scraper/venv/lib/python3.12/site-packages/botocore/data/s3/2006-03-01/service-2.sdk-extras.json
2025-03-23 23:54:06,852 [DEBUG] Loading JSON file: /home/syed-hassan-ul-haq/repos/fin_scraper/venv/lib/python3.12/site-packages/botocore/data/s3/2006-03-01/endpoint-rule-set-1.json.gz
2025-03-23 23:54:06,863 [DEBUG] Loading JSON file: /home/syed-hassan-ul-haq/repos/fin_scraper/venv/lib/python3.12/site-packages/botocore/data/partitions.json
2025-03-23 23:54:06,865 [DEBUG] Event creating-client-class.s3: calling handler <function add_generate_presigned_post at 0x7e639f2d2700>
2025-03-23 23:54:06,866 [DEBUG] Event creating-client-class.s3: calling handler <function lazy_call.<locals>._handler at 0x7e639a9ae7a0>
2025-03-23 23:54:06,866 [DEBUG] Event creating-client-class.s3: calling handler <function add_generate_presigned_url at 0x7e639f2d2480>
2025-03-23 23:54:06,869 [DEBUG] Setting s3 timeout as (60, 60)
2025-03-23 23:54:06,874 [DEBUG] Loading JSON file: /home/syed-hassan-ul-haq/repos/fin_scraper/venv/lib/python3.12/site-packages/botocore/data/_retry.json
2025-03-23 23:54:06,875 [DEBUG] Registering retry handlers for service: s3
2025-03-23 23:54:06,876 [DEBUG] Registering S3 region redirector handler
2025-03-23 23:54:06,877 [DEBUG] Registering S3Express Identity Resolver
2025-03-23 23:54:06,878 [DEBUG] Event before-parameter-build.s3.PutObject: calling handler <function validate_ascii_metadata at 0x7e639f1476a0>
2025-03-23 23:54:06,879 [DEBUG] Event before-parameter-build.s3.PutObject: calling handler <function sse_md5 at 0x7e639f146980>
2025-03-23 23:54:06,879 [DEBUG] Event before-parameter-build.s3.PutObject: calling handler <function convert_body_to_file_like_object at 0x7e639f16c0e0>
2025-03-23 23:54:06,879 [DEBUG] Event before-parameter-build.s3.PutObject: calling handler <function validate_bucket_name at 0x7e639f1468e0>
2025-03-23 23:54:06,879 [DEBUG] Event before-parameter-build.s3.PutObject: calling handler <function remove_bucket_from_url_paths_from_model at 0x7e639f16cae0>
2025-03-23 23:54:06,879 [DEBUG] Event before-parameter-build.s3.PutObject: calling handler <bound method S3RegionRedirectorv2.annotate_request_context of <botocore.utils.S3RegionRedirectorv2 object at 0x7e639bead0d0>>
2025-03-23 23:54:06,879 [DEBUG] Event before-parameter-build.s3.PutObject: calling handler <bound method ClientCreator._inject_s3_input_parameters of <botocore.client.ClientCreator object at 0x7e639c7a6690>>
2025-03-23 23:54:06,879 [DEBUG] Event before-parameter-build.s3.PutObject: calling handler <function generate_idempotent_uuid at 0x7e639f146700>
2025-03-23 23:54:06,880 [DEBUG] Event before-parameter-build.s3.PutObject: calling handler <function _handle_request_validation_mode_member at 0x7e639f16d260>
2025-03-23 23:54:06,880 [DEBUG] Event before-endpoint-resolution.s3: calling handler <function customize_endpoint_resolver_builtins at 0x7e639f16ccc0>
2025-03-23 23:54:06,880 [DEBUG] Event before-endpoint-resolution.s3: calling handler <bound method S3RegionRedirectorv2.redirect_from_cache of <botocore.utils.S3RegionRedirectorv2 object at 0x7e639bead0d0>>
2025-03-23 23:54:06,880 [DEBUG] Calling endpoint provider with parameters: {'Bucket': 'fin-scraping-bucket', 'Region': 'us-east-1', 'UseFIPS': False, 'UseDualStack': False, 'Endpoint': 'https://3c5636b6cfe0011ec1887ff62b057097.r2.cloudflarestorage.com', 'ForcePathStyle': True, 'Accelerate': False, 'UseGlobalEndpoint': True, 'Key': 'CORZ/2022-03-31/core-scientific-announces-first-quarter-2022-results/core-scientific-announces-first-quarter-2022-results', 'DisableMultiRegionAccessPoints': False, 'UseArnRegion': True}
2025-03-23 23:54:06,881 [DEBUG] Endpoint provider result: https://3c5636b6cfe0011ec1887ff62b057097.r2.cloudflarestorage.com/fin-scraping-bucket
2025-03-23 23:54:06,882 [DEBUG] Selecting from endpoint provider's list of auth schemes: "sigv4". User selected auth scheme is: "None"
2025-03-23 23:54:06,882 [DEBUG] Selected auth type "v4" as "v4" with signing context params: {'region': 'us-east-1', 'signing_name': 's3', 'disableDoubleEncoding': True}
2025-03-23 23:54:06,883 [DEBUG] Event before-call.s3.PutObject: calling handler <function add_expect_header at 0x7e639f146ca0>
2025-03-23 23:54:06,883 [DEBUG] Adding expect 100 continue header to request.
2025-03-23 23:54:06,883 [DEBUG] Event before-call.s3.PutObject: calling handler <bound method S3ExpressIdentityResolver.apply_signing_cache_key of <botocore.utils.S3ExpressIdentityResolver object at 0x7e639a227c80>>
2025-03-23 23:54:06,883 [DEBUG] Event before-call.s3.PutObject: calling handler <function add_recursion_detection_header at 0x7e639f145b20>
2025-03-23 23:54:06,883 [DEBUG] Event before-call.s3.PutObject: calling handler <function add_query_compatibility_header at 0x7e639f16d1c0>
2025-03-23 23:54:06,883 [DEBUG] Event before-call.s3.PutObject: calling handler <function inject_api_version_header_if_needed at 0x7e639f16c220>
2025-03-23 23:54:06,884 [DEBUG] Making request for OperationModel(name=PutObject) with params: {'url_path': '/CORZ/2022-03-31/core-scientific-announces-first-quarter-2022-results/core-scientific-announces-first-quarter-2022-results', 'query_string': {}, 'method': 'PUT', 'headers': {'User-Agent': 'Boto3/1.37.16 md/Botocore#1.37.17 ua/2.1 os/linux#6.11.0-19-generic md/arch#x86_64 lang/python#3.12.3 md/pyimpl#CPython m/N cfg/retry-mode#legacy Botocore/1.37.17', 'Expect': '100-continue', 'Transfer-Encoding': 'chunked', 'Content-Encoding': 'aws-chunked', 'X-Amz-Trailer': 'x-amz-checksum-crc32', 'X-Amz-Decoded-Content-Length': '222376', 'x-amz-sdk-checksum-algorithm': 'CRC32'}, 'body': <botocore.httpchecksum.AwsChunkedWrapper object at 0x7e639a2045f0>, 'auth_path': '/fin-scraping-bucket/CORZ/2022-03-31/core-scientific-announces-first-quarter-2022-results/core-scientific-announces-first-quarter-2022-results', 'url': 'https://3c5636b6cfe0011ec1887ff62b057097.r2.cloudflarestorage.com/fin-scraping-bucket/CORZ/2022-03-31/core-scientific-announces-first-quarter-2022-results/core-scientific-announces-first-quarter-2022-results', 'context': {'client_region': 'us-east-1', 'client_config': <botocore.config.Config object at 0x7e639a2809b0>, 'has_streaming_input': True, 'auth_type': 'v4', 'unsigned_payload': None, 's3_redirect': {'redirected': False, 'bucket': 'fin-scraping-bucket', 'params': {'Bucket': 'fin-scraping-bucket', 'Key': 'CORZ/2022-03-31/core-scientific-announces-first-quarter-2022-results/core-scientific-announces-first-quarter-2022-results', 'Body': <_io.BufferedReader name='downloads/core-scientific-announces-first-quarter-2022-results'>}}, 'input_params': {'Bucket': 'fin-scraping-bucket', 'Key': 'CORZ/2022-03-31/core-scientific-announces-first-quarter-2022-results/core-scientific-announces-first-quarter-2022-results'}, 'signing': {'region': 'us-east-1', 'signing_name': 's3', 'disableDoubleEncoding': True}, 'endpoint_properties': {'authSchemes': [{'disableDoubleEncoding': True, 'name': 'sigv4', 'signingName': 's3', 'signingRegion': 'us-east-1'}]}, 'checksum': {'request_algorithm_header': {'name': 'x-amz-sdk-checksum-algorithm', 'value': 'CRC32'}, 'request_algorithm': {'algorithm': 'crc32', 'in': 'trailer', 'name': 'x-amz-checksum-crc32'}}}}
2025-03-23 23:54:06,884 [DEBUG] Event request-created.s3.PutObject: calling handler <bound method RequestSigner.handler of <botocore.signers.RequestSigner object at 0x7e639a2808f0>>
2025-03-23 23:54:06,885 [DEBUG] Event choose-signer.s3.PutObject: calling handler <bound method ClientCreator._default_s3_presign_to_sigv2 of <botocore.client.ClientCreator object at 0x7e639c7a6690>>
2025-03-23 23:54:06,885 [DEBUG] Event choose-signer.s3.PutObject: calling handler <function set_operation_specific_signer at 0x7e639f146520>
2025-03-23 23:54:06,885 [DEBUG] Event before-sign.s3.PutObject: calling handler <function remove_arn_from_signing_path at 0x7e639f16cc20>
2025-03-23 23:54:06,885 [DEBUG] Event before-sign.s3.PutObject: calling handler <function _set_extra_headers_for_unsigned_request at 0x7e639f16d300>
2025-03-23 23:54:06,886 [DEBUG] Event before-sign.s3.PutObject: calling handler <bound method S3ExpressIdentityResolver.resolve_s3express_identity of <botocore.utils.S3ExpressIdentityResolver object at 0x7e639a227c80>>
2025-03-23 23:54:06,886 [DEBUG] Calculating signature using v4 auth.
2025-03-23 23:54:06,886 [DEBUG] CanonicalRequest:
PUT
/fin-scraping-bucket/CORZ/2022-03-31/core-scientific-announces-first-quarter-2022-results/core-scientific-announces-first-quarter-2022-results

content-encoding:aws-chunked
host:3c5636b6cfe0011ec1887ff62b057097.r2.cloudflarestorage.com
x-amz-content-sha256:STREAMING-UNSIGNED-PAYLOAD-TRAILER
x-amz-date:20250323T185406Z
x-amz-decoded-content-length:222376
x-amz-sdk-checksum-algorithm:CRC32
x-amz-trailer:x-amz-checksum-crc32

content-encoding;host;x-amz-content-sha256;x-amz-date;x-amz-decoded-content-length;x-amz-sdk-checksum-algorithm;x-amz-trailer
STREAMING-UNSIGNED-PAYLOAD-TRAILER
2025-03-23 23:54:06,886 [DEBUG] StringToSign:
AWS4-HMAC-SHA256
20250323T185406Z
20250323/us-east-1/s3/aws4_request
22b70613d7c5b24945dd0179c0e97319f18d138f91f7c8245430c5a9909c8479
2025-03-23 23:54:06,887 [DEBUG] Signature:
688952168fc431aef0d266ff22752eb9965e015dd7e0237f1844ce2f2c292456
2025-03-23 23:54:06,887 [DEBUG] Event request-created.s3.PutObject: calling handler <bound method UserAgentString.rebuild_and_replace_user_agent_handler of <botocore.useragent.UserAgentString object at 0x7e639a2275f0>>
2025-03-23 23:54:06,887 [DEBUG] Event request-created.s3.PutObject: calling handler <function add_retry_headers at 0x7e639f16ca40>
2025-03-23 23:54:06,888 [DEBUG] Sending http request: <AWSPreparedRequest stream_output=False, method=PUT, url=https://3c5636b6cfe0011ec1887ff62b057097.r2.cloudflarestorage.com/fin-scraping-bucket/CORZ/2022-03-31/core-scientific-announces-first-quarter-2022-results/core-scientific-announces-first-quarter-2022-results, headers={'User-Agent': b'Boto3/1.37.16 md/Botocore#1.37.17 ua/2.1 os/linux#6.11.0-19-generic md/arch#x86_64 lang/python#3.12.3 md/pyimpl#CPython m/N cfg/retry-mode#legacy Botocore/1.37.17', 'Expect': b'100-continue', 'Transfer-Encoding': b'chunked', 'Content-Encoding': b'aws-chunked', 'X-Amz-Trailer': b'x-amz-checksum-crc32', 'X-Amz-Decoded-Content-Length': b'222376', 'x-amz-sdk-checksum-algorithm': b'CRC32', 'X-Amz-Date': b'20250323T185406Z', 'X-Amz-Content-SHA256': b'STREAMING-UNSIGNED-PAYLOAD-TRAILER', 'Authorization': b'AWS4-HMAC-SHA256 Credential=f1ac1dc043a240f996be558cfba72868/20250323/us-east-1/s3/aws4_request, SignedHeaders=content-encoding;host;x-amz-content-sha256;x-amz-date;x-amz-decoded-content-length;x-amz-sdk-checksum-algorithm;x-amz-trailer, Signature=688952168fc431aef0d266ff22752eb9965e015dd7e0237f1844ce2f2c292456', 'amz-sdk-invocation-id': b'227235ba-77ac-4918-9251-581df09eb068', 'amz-sdk-request': b'attempt=1'}>
2025-03-23 23:54:06,888 [DEBUG] Certificate path: /home/syed-hassan-ul-haq/repos/fin_scraper/venv/lib/python3.12/site-packages/certifi/cacert.pem
2025-03-23 23:54:06,907 [DEBUG] Starting new HTTPS connection (1): 3c5636b6cfe0011ec1887ff62b057097.r2.cloudflarestorage.com:443
2025-03-23 23:54:07,159 [DEBUG] Waiting for 100 Continue response.
2025-03-23 23:54:07,172 [DEBUG] 100 Continue response seen, now sending request body.
2025-03-23 23:54:09,422 [DEBUG] https://3c5636b6cfe0011ec1887ff62b057097.r2.cloudflarestorage.com:443 "PUT /fin-scraping-bucket/CORZ/2022-03-31/core-scientific-announces-first-quarter-2022-results/core-scientific-announces-first-quarter-2022-results HTTP/1.1" 200 0
2025-03-23 23:54:09,424 [DEBUG] Event before-parse.s3.PutObject: calling handler <function _handle_200_error at 0x7e639f16cfe0>
2025-03-23 23:54:09,425 [DEBUG] Event before-parse.s3.PutObject: calling handler <function handle_expires_header at 0x7e639f16ce00>
2025-03-23 23:54:09,425 [DEBUG] Response headers: {'Date': 'Sun, 23 Mar 2025 18:54:09 GMT', 'Content-Type': 'text/plain;charset=UTF-8', 'Content-Length': '0', 'Connection': 'keep-alive', 'ETag': '"915093b24a1101b0aaa79e637bb85d9c"', 'x-amz-checksum-crc32': 'vGndwA==', 'x-amz-version-id': '7e6a3ba515b33b3195b9e202803ea3fc', 'Vary': 'Accept-Encoding', 'Server': 'cloudflare', 'CF-RAY': '925022aeda9c21ec-KHI'}
2025-03-23 23:54:09,426 [DEBUG] Response body:
b''
2025-03-23 23:54:09,428 [DEBUG] Event needs-retry.s3.PutObject: calling handler <function _update_status_code at 0x7e639f16d120>
2025-03-23 23:54:09,428 [DEBUG] Event needs-retry.s3.PutObject: calling handler <botocore.retryhandler.RetryHandler object at 0x7e639a227bf0>
2025-03-23 23:54:09,428 [DEBUG] No retry needed.
2025-03-23 23:54:09,429 [DEBUG] Event needs-retry.s3.PutObject: calling handler <bound method S3RegionRedirectorv2.redirect_from_error of <botocore.utils.S3RegionRedirectorv2 object at 0x7e639bead0d0>>
2025-03-23 23:54:09,437 [DEBUG] Constructed data object: {'file_name': 'core-scientific-announces-first-quarter-2022-results', 'file_type': 'html', 'published_date': '2022-03-31', 'url': 'https://3c5636b6cfe0011ec1887ff62b057097.r2.cloudflarestorage.com/fin-scraping-bucket/CORZ/2022-03-31/core-scientific-announces-first-quarter-2022-results/core-scientific-announces-first-quarter-2022-results', 'content_type': ['sec_filing', 'financial_filing', 'presentation', '10-Q', 'three-month-results']}
2025-03-23 23:54:09,445 [DEBUG] Starting new HTTPS connection (1): d1io3yog0oux5.cloudfront.net:443
2025-03-23 23:54:09,527 [DEBUG] https://d1io3yog0oux5.cloudfront.net:443 "GET /_1809aef3bf74227ab43f8f02a5800c1a/corescientific/news/2022-05-12_Core_Scientific_Announces_First_Quarter_2022_27.pdf HTTP/1.1" 200 243463
2025-03-23 23:54:09,631 [DEBUG] Changing event name from creating-client-class.iot-data to creating-client-class.iot-data-plane
2025-03-23 23:54:09,643 [DEBUG] Changing event name from before-call.apigateway to before-call.api-gateway
2025-03-23 23:54:09,647 [DEBUG] Changing event name from request-created.machinelearning.Predict to request-created.machine-learning.Predict
2025-03-23 23:54:09,656 [DEBUG] Changing event name from before-parameter-build.autoscaling.CreateLaunchConfiguration to before-parameter-build.auto-scaling.CreateLaunchConfiguration
2025-03-23 23:54:09,657 [DEBUG] Changing event name from before-parameter-build.route53 to before-parameter-build.route-53
2025-03-23 23:54:09,662 [DEBUG] Changing event name from request-created.cloudsearchdomain.Search to request-created.cloudsearch-domain.Search
2025-03-23 23:54:09,667 [DEBUG] Changing event name from docs.*.autoscaling.CreateLaunchConfiguration.complete-section to docs.*.auto-scaling.CreateLaunchConfiguration.complete-section
2025-03-23 23:54:09,684 [DEBUG] Changing event name from before-parameter-build.logs.CreateExportTask to before-parameter-build.cloudwatch-logs.CreateExportTask
2025-03-23 23:54:09,685 [DEBUG] Changing event name from docs.*.logs.CreateExportTask.complete-section to docs.*.cloudwatch-logs.CreateExportTask.complete-section
2025-03-23 23:54:09,686 [DEBUG] Changing event name from before-parameter-build.cloudsearchdomain.Search to before-parameter-build.cloudsearch-domain.Search
2025-03-23 23:54:09,687 [DEBUG] Changing event name from docs.*.cloudsearchdomain.Search.complete-section to docs.*.cloudsearch-domain.Search.complete-section
2025-03-23 23:54:09,698 [DEBUG] Loading JSON file: /home/syed-hassan-ul-haq/repos/fin_scraper/venv/lib/python3.12/site-packages/botocore/data/endpoints.json
2025-03-23 23:54:09,790 [DEBUG] Loading JSON file: /home/syed-hassan-ul-haq/repos/fin_scraper/venv/lib/python3.12/site-packages/botocore/data/sdk-default-configuration.json
2025-03-23 23:54:09,791 [DEBUG] Event choose-service-name: calling handler <function handle_service_name_alias at 0x7e639f144b80>
2025-03-23 23:54:09,865 [DEBUG] Loading JSON file: /home/syed-hassan-ul-haq/repos/fin_scraper/venv/lib/python3.12/site-packages/botocore/data/s3/2006-03-01/service-2.json.gz
2025-03-23 23:54:09,883 [DEBUG] Loading JSON file: /home/syed-hassan-ul-haq/repos/fin_scraper/venv/lib/python3.12/site-packages/botocore/data/s3/2006-03-01/service-2.sdk-extras.json
2025-03-23 23:54:09,913 [DEBUG] Loading JSON file: /home/syed-hassan-ul-haq/repos/fin_scraper/venv/lib/python3.12/site-packages/botocore/data/s3/2006-03-01/endpoint-rule-set-1.json.gz
2025-03-23 23:54:09,919 [DEBUG] Loading JSON file: /home/syed-hassan-ul-haq/repos/fin_scraper/venv/lib/python3.12/site-packages/botocore/data/partitions.json
2025-03-23 23:54:09,923 [DEBUG] Event creating-client-class.s3: calling handler <function add_generate_presigned_post at 0x7e639f2d2700>
2025-03-23 23:54:09,923 [DEBUG] Event creating-client-class.s3: calling handler <function lazy_call.<locals>._handler at 0x7e639a9af560>
2025-03-23 23:54:09,923 [DEBUG] Event creating-client-class.s3: calling handler <function add_generate_presigned_url at 0x7e639f2d2480>
2025-03-23 23:54:09,926 [DEBUG] Setting s3 timeout as (60, 60)
2025-03-23 23:54:09,932 [DEBUG] Loading JSON file: /home/syed-hassan-ul-haq/repos/fin_scraper/venv/lib/python3.12/site-packages/botocore/data/_retry.json
2025-03-23 23:54:09,933 [DEBUG] Registering retry handlers for service: s3
2025-03-23 23:54:09,934 [DEBUG] Registering S3 region redirector handler
2025-03-23 23:54:09,936 [DEBUG] Registering S3Express Identity Resolver
2025-03-23 23:54:09,938 [DEBUG] Event before-parameter-build.s3.PutObject: calling handler <function validate_ascii_metadata at 0x7e639f1476a0>
2025-03-23 23:54:09,939 [DEBUG] Event before-parameter-build.s3.PutObject: calling handler <function sse_md5 at 0x7e639f146980>
2025-03-23 23:54:09,939 [DEBUG] Event before-parameter-build.s3.PutObject: calling handler <function convert_body_to_file_like_object at 0x7e639f16c0e0>
2025-03-23 23:54:09,939 [DEBUG] Event before-parameter-build.s3.PutObject: calling handler <function validate_bucket_name at 0x7e639f1468e0>
2025-03-23 23:54:09,939 [DEBUG] Event before-parameter-build.s3.PutObject: calling handler <function remove_bucket_from_url_paths_from_model at 0x7e639f16cae0>
2025-03-23 23:54:09,939 [DEBUG] Event before-parameter-build.s3.PutObject: calling handler <bound method S3RegionRedirectorv2.annotate_request_context of <botocore.utils.S3RegionRedirectorv2 object at 0x7e6398637e90>>
2025-03-23 23:54:09,939 [DEBUG] Event before-parameter-build.s3.PutObject: calling handler <bound method ClientCreator._inject_s3_input_parameters of <botocore.client.ClientCreator object at 0x7e639907f380>>
2025-03-23 23:54:09,940 [DEBUG] Event before-parameter-build.s3.PutObject: calling handler <function generate_idempotent_uuid at 0x7e639f146700>
2025-03-23 23:54:09,940 [DEBUG] Event before-parameter-build.s3.PutObject: calling handler <function _handle_request_validation_mode_member at 0x7e639f16d260>
2025-03-23 23:54:09,940 [DEBUG] Event before-endpoint-resolution.s3: calling handler <function customize_endpoint_resolver_builtins at 0x7e639f16ccc0>
2025-03-23 23:54:09,940 [DEBUG] Event before-endpoint-resolution.s3: calling handler <bound method S3RegionRedirectorv2.redirect_from_cache of <botocore.utils.S3RegionRedirectorv2 object at 0x7e6398637e90>>
2025-03-23 23:54:09,941 [DEBUG] Calling endpoint provider with parameters: {'Bucket': 'fin-scraping-bucket', 'Region': 'us-east-1', 'UseFIPS': False, 'UseDualStack': False, 'Endpoint': 'https://3c5636b6cfe0011ec1887ff62b057097.r2.cloudflarestorage.com', 'ForcePathStyle': True, 'Accelerate': False, 'UseGlobalEndpoint': True, 'Key': 'CORZ/2022-03-31/2022-05-12_Core_Scientific_Announces_First_Quarter_2022_27.pdf/2022-05-12_Core_Scientific_Announces_First_Quarter_2022_27.pdf', 'DisableMultiRegionAccessPoints': False, 'UseArnRegion': True}
2025-03-23 23:54:09,942 [DEBUG] Endpoint provider result: https://3c5636b6cfe0011ec1887ff62b057097.r2.cloudflarestorage.com/fin-scraping-bucket
2025-03-23 23:54:09,942 [DEBUG] Selecting from endpoint provider's list of auth schemes: "sigv4". User selected auth scheme is: "None"
2025-03-23 23:54:09,943 [DEBUG] Selected auth type "v4" as "v4" with signing context params: {'region': 'us-east-1', 'signing_name': 's3', 'disableDoubleEncoding': True}
2025-03-23 23:54:09,944 [DEBUG] Event before-call.s3.PutObject: calling handler <function add_expect_header at 0x7e639f146ca0>
2025-03-23 23:54:09,944 [DEBUG] Adding expect 100 continue header to request.
2025-03-23 23:54:09,944 [DEBUG] Event before-call.s3.PutObject: calling handler <bound method S3ExpressIdentityResolver.apply_signing_cache_key of <botocore.utils.S3ExpressIdentityResolver object at 0x7e6398600500>>
2025-03-23 23:54:09,944 [DEBUG] Event before-call.s3.PutObject: calling handler <function add_recursion_detection_header at 0x7e639f145b20>
2025-03-23 23:54:09,944 [DEBUG] Event before-call.s3.PutObject: calling handler <function add_query_compatibility_header at 0x7e639f16d1c0>
2025-03-23 23:54:09,945 [DEBUG] Event before-call.s3.PutObject: calling handler <function inject_api_version_header_if_needed at 0x7e639f16c220>
2025-03-23 23:54:09,945 [DEBUG] Making request for OperationModel(name=PutObject) with params: {'url_path': '/CORZ/2022-03-31/2022-05-12_Core_Scientific_Announces_First_Quarter_2022_27.pdf/2022-05-12_Core_Scientific_Announces_First_Quarter_2022_27.pdf', 'query_string': {}, 'method': 'PUT', 'headers': {'User-Agent': 'Boto3/1.37.16 md/Botocore#1.37.17 ua/2.1 os/linux#6.11.0-19-generic md/arch#x86_64 lang/python#3.12.3 md/pyimpl#CPython m/N cfg/retry-mode#legacy Botocore/1.37.17', 'Expect': '100-continue', 'Transfer-Encoding': 'chunked', 'Content-Encoding': 'aws-chunked', 'X-Amz-Trailer': 'x-amz-checksum-crc32', 'X-Amz-Decoded-Content-Length': '243463', 'x-amz-sdk-checksum-algorithm': 'CRC32'}, 'body': <botocore.httpchecksum.AwsChunkedWrapper object at 0x7e6398600dd0>, 'auth_path': '/fin-scraping-bucket/CORZ/2022-03-31/2022-05-12_Core_Scientific_Announces_First_Quarter_2022_27.pdf/2022-05-12_Core_Scientific_Announces_First_Quarter_2022_27.pdf', 'url': 'https://3c5636b6cfe0011ec1887ff62b057097.r2.cloudflarestorage.com/fin-scraping-bucket/CORZ/2022-03-31/2022-05-12_Core_Scientific_Announces_First_Quarter_2022_27.pdf/2022-05-12_Core_Scientific_Announces_First_Quarter_2022_27.pdf', 'context': {'client_region': 'us-east-1', 'client_config': <botocore.config.Config object at 0x7e63986e4f20>, 'has_streaming_input': True, 'auth_type': 'v4', 'unsigned_payload': None, 's3_redirect': {'redirected': False, 'bucket': 'fin-scraping-bucket', 'params': {'Bucket': 'fin-scraping-bucket', 'Key': 'CORZ/2022-03-31/2022-05-12_Core_Scientific_Announces_First_Quarter_2022_27.pdf/2022-05-12_Core_Scientific_Announces_First_Quarter_2022_27.pdf', 'Body': <_io.BufferedReader name='downloads/2022-05-12_Core_Scientific_Announces_First_Quarter_2022_27.pdf'>}}, 'input_params': {'Bucket': 'fin-scraping-bucket', 'Key': 'CORZ/2022-03-31/2022-05-12_Core_Scientific_Announces_First_Quarter_2022_27.pdf/2022-05-12_Core_Scientific_Announces_First_Quarter_2022_27.pdf'}, 'signing': {'region': 'us-east-1', 'signing_name': 's3', 'disableDoubleEncoding': True}, 'endpoint_properties': {'authSchemes': [{'disableDoubleEncoding': True, 'name': 'sigv4', 'signingName': 's3', 'signingRegion': 'us-east-1'}]}, 'checksum': {'request_algorithm_header': {'name': 'x-amz-sdk-checksum-algorithm', 'value': 'CRC32'}, 'request_algorithm': {'algorithm': 'crc32', 'in': 'trailer', 'name': 'x-amz-checksum-crc32'}}}}
2025-03-23 23:54:09,946 [DEBUG] Event request-created.s3.PutObject: calling handler <bound method RequestSigner.handler of <botocore.signers.RequestSigner object at 0x7e63986e4e60>>
2025-03-23 23:54:09,947 [DEBUG] Event choose-signer.s3.PutObject: calling handler <bound method ClientCreator._default_s3_presign_to_sigv2 of <botocore.client.ClientCreator object at 0x7e639907f380>>
2025-03-23 23:54:09,947 [DEBUG] Event choose-signer.s3.PutObject: calling handler <function set_operation_specific_signer at 0x7e639f146520>
2025-03-23 23:54:09,948 [DEBUG] Event before-sign.s3.PutObject: calling handler <function remove_arn_from_signing_path at 0x7e639f16cc20>
2025-03-23 23:54:09,948 [DEBUG] Event before-sign.s3.PutObject: calling handler <function _set_extra_headers_for_unsigned_request at 0x7e639f16d300>
2025-03-23 23:54:09,948 [DEBUG] Event before-sign.s3.PutObject: calling handler <bound method S3ExpressIdentityResolver.resolve_s3express_identity of <botocore.utils.S3ExpressIdentityResolver object at 0x7e6398600500>>
2025-03-23 23:54:09,949 [DEBUG] Calculating signature using v4 auth.
2025-03-23 23:54:09,949 [DEBUG] CanonicalRequest:
PUT
/fin-scraping-bucket/CORZ/2022-03-31/2022-05-12_Core_Scientific_Announces_First_Quarter_2022_27.pdf/2022-05-12_Core_Scientific_Announces_First_Quarter_2022_27.pdf

content-encoding:aws-chunked
host:3c5636b6cfe0011ec1887ff62b057097.r2.cloudflarestorage.com
x-amz-content-sha256:STREAMING-UNSIGNED-PAYLOAD-TRAILER
x-amz-date:20250323T185409Z
x-amz-decoded-content-length:243463
x-amz-sdk-checksum-algorithm:CRC32
x-amz-trailer:x-amz-checksum-crc32

content-encoding;host;x-amz-content-sha256;x-amz-date;x-amz-decoded-content-length;x-amz-sdk-checksum-algorithm;x-amz-trailer
STREAMING-UNSIGNED-PAYLOAD-TRAILER
2025-03-23 23:54:09,950 [DEBUG] StringToSign:
AWS4-HMAC-SHA256
20250323T185409Z
20250323/us-east-1/s3/aws4_request
14da595c79f0b30648c07dea1bf8cfb2fb93833e833a370b02d8c64f2c633f12
2025-03-23 23:54:09,950 [DEBUG] Signature:
ed8630a0157134429a08f660cd23137de04be1a043c120f5a5f3d44caf79f8be
2025-03-23 23:54:09,950 [DEBUG] Event request-created.s3.PutObject: calling handler <bound method UserAgentString.rebuild_and_replace_user_agent_handler of <botocore.useragent.UserAgentString object at 0x7e6398637e00>>
2025-03-23 23:54:09,951 [DEBUG] Event request-created.s3.PutObject: calling handler <function add_retry_headers at 0x7e639f16ca40>
2025-03-23 23:54:09,951 [DEBUG] Sending http request: <AWSPreparedRequest stream_output=False, method=PUT, url=https://3c5636b6cfe0011ec1887ff62b057097.r2.cloudflarestorage.com/fin-scraping-bucket/CORZ/2022-03-31/2022-05-12_Core_Scientific_Announces_First_Quarter_2022_27.pdf/2022-05-12_Core_Scientific_Announces_First_Quarter_2022_27.pdf, headers={'User-Agent': b'Boto3/1.37.16 md/Botocore#1.37.17 ua/2.1 os/linux#6.11.0-19-generic md/arch#x86_64 lang/python#3.12.3 md/pyimpl#CPython m/N cfg/retry-mode#legacy Botocore/1.37.17', 'Expect': b'100-continue', 'Transfer-Encoding': b'chunked', 'Content-Encoding': b'aws-chunked', 'X-Amz-Trailer': b'x-amz-checksum-crc32', 'X-Amz-Decoded-Content-Length': b'243463', 'x-amz-sdk-checksum-algorithm': b'CRC32', 'X-Amz-Date': b'20250323T185409Z', 'X-Amz-Content-SHA256': b'STREAMING-UNSIGNED-PAYLOAD-TRAILER', 'Authorization': b'AWS4-HMAC-SHA256 Credential=f1ac1dc043a240f996be558cfba72868/20250323/us-east-1/s3/aws4_request, SignedHeaders=content-encoding;host;x-amz-content-sha256;x-amz-date;x-amz-decoded-content-length;x-amz-sdk-checksum-algorithm;x-amz-trailer, Signature=ed8630a0157134429a08f660cd23137de04be1a043c120f5a5f3d44caf79f8be', 'amz-sdk-invocation-id': b'd432ecd2-bd67-416e-8b92-5c423e5ecff6', 'amz-sdk-request': b'attempt=1'}>
2025-03-23 23:54:09,952 [DEBUG] Certificate path: /home/syed-hassan-ul-haq/repos/fin_scraper/venv/lib/python3.12/site-packages/certifi/cacert.pem
2025-03-23 23:54:09,954 [DEBUG] Starting new HTTPS connection (1): 3c5636b6cfe0011ec1887ff62b057097.r2.cloudflarestorage.com:443
2025-03-23 23:54:10,315 [DEBUG] Waiting for 100 Continue response.
2025-03-23 23:54:10,404 [DEBUG] 100 Continue response seen, now sending request body.
2025-03-23 23:54:11,055 [DEBUG] https://3c5636b6cfe0011ec1887ff62b057097.r2.cloudflarestorage.com:443 "PUT /fin-scraping-bucket/CORZ/2022-03-31/2022-05-12_Core_Scientific_Announces_First_Quarter_2022_27.pdf/2022-05-12_Core_Scientific_Announces_First_Quarter_2022_27.pdf HTTP/1.1" 200 0
2025-03-23 23:54:11,056 [DEBUG] Event before-parse.s3.PutObject: calling handler <function _handle_200_error at 0x7e639f16cfe0>
2025-03-23 23:54:11,059 [DEBUG] Event before-parse.s3.PutObject: calling handler <function handle_expires_header at 0x7e639f16ce00>
2025-03-23 23:54:11,059 [DEBUG] Response headers: {'Date': 'Sun, 23 Mar 2025 18:54:10 GMT', 'Content-Type': 'text/plain;charset=UTF-8', 'Content-Length': '0', 'Connection': 'keep-alive', 'ETag': '"cf1bedad5c9de57e752f1383556e2d75"', 'x-amz-checksum-crc32': 'N6VksA==', 'x-amz-version-id': '7e6a3ba509f115da2979afe7bcb34384', 'Vary': 'Accept-Encoding', 'Server': 'cloudflare', 'CF-RAY': '925022c2cb185f7e-SIN'}
2025-03-23 23:54:11,060 [DEBUG] Response body:
b''
2025-03-23 23:54:11,062 [DEBUG] Event needs-retry.s3.PutObject: calling handler <function _update_status_code at 0x7e639f16d120>
2025-03-23 23:54:11,062 [DEBUG] Event needs-retry.s3.PutObject: calling handler <botocore.retryhandler.RetryHandler object at 0x7e63986004a0>
2025-03-23 23:54:11,063 [DEBUG] No retry needed.
2025-03-23 23:54:11,063 [DEBUG] Event needs-retry.s3.PutObject: calling handler <bound method S3RegionRedirectorv2.redirect_from_error of <botocore.utils.S3RegionRedirectorv2 object at 0x7e6398637e90>>
2025-03-23 23:54:11,070 [DEBUG] Constructed data object: {'file_name': '2022-05-12_Core_Scientific_Announces_First_Quarter_2022_27.pdf', 'file_type': 'pdf', 'published_date': '2022-03-31', 'url': 'https://3c5636b6cfe0011ec1887ff62b057097.r2.cloudflarestorage.com/fin-scraping-bucket/CORZ/2022-03-31/2022-05-12_Core_Scientific_Announces_First_Quarter_2022_27.pdf/2022-05-12_Core_Scientific_Announces_First_Quarter_2022_27.pdf', 'content_type': ['sec_filing', 'financial_filing', 'presentation', '10-Q', 'three-month-results']}
2025-03-23 23:54:11,077 [DEBUG] Starting new HTTPS connection (1): d1io3yog0oux5.cloudfront.net:443
2025-03-23 23:54:11,166 [DEBUG] https://d1io3yog0oux5.cloudfront.net:443 "GET /_1809aef3bf74227ab43f8f02a5800c1a/corescientific/db/946/9123/presentation/FINAL-CORZ-F22Q1-Earnings-Pres-051222-1030.pdf HTTP/1.1" 200 4709923
2025-03-23 23:54:13,364 [DEBUG] Changing event name from creating-client-class.iot-data to creating-client-class.iot-data-plane
2025-03-23 23:54:13,373 [DEBUG] Changing event name from before-call.apigateway to before-call.api-gateway
2025-03-23 23:54:13,375 [DEBUG] Changing event name from request-created.machinelearning.Predict to request-created.machine-learning.Predict
2025-03-23 23:54:13,379 [DEBUG] Changing event name from before-parameter-build.autoscaling.CreateLaunchConfiguration to before-parameter-build.auto-scaling.CreateLaunchConfiguration
2025-03-23 23:54:13,379 [DEBUG] Changing event name from before-parameter-build.route53 to before-parameter-build.route-53
2025-03-23 23:54:13,383 [DEBUG] Changing event name from request-created.cloudsearchdomain.Search to request-created.cloudsearch-domain.Search
2025-03-23 23:54:13,386 [DEBUG] Changing event name from docs.*.autoscaling.CreateLaunchConfiguration.complete-section to docs.*.auto-scaling.CreateLaunchConfiguration.complete-section
2025-03-23 23:54:13,394 [DEBUG] Changing event name from before-parameter-build.logs.CreateExportTask to before-parameter-build.cloudwatch-logs.CreateExportTask
2025-03-23 23:54:13,394 [DEBUG] Changing event name from docs.*.logs.CreateExportTask.complete-section to docs.*.cloudwatch-logs.CreateExportTask.complete-section
2025-03-23 23:54:13,394 [DEBUG] Changing event name from before-parameter-build.cloudsearchdomain.Search to before-parameter-build.cloudsearch-domain.Search
2025-03-23 23:54:13,395 [DEBUG] Changing event name from docs.*.cloudsearchdomain.Search.complete-section to docs.*.cloudsearch-domain.Search.complete-section
2025-03-23 23:54:13,399 [DEBUG] Loading JSON file: /home/syed-hassan-ul-haq/repos/fin_scraper/venv/lib/python3.12/site-packages/botocore/data/endpoints.json
2025-03-23 23:54:13,443 [DEBUG] Loading JSON file: /home/syed-hassan-ul-haq/repos/fin_scraper/venv/lib/python3.12/site-packages/botocore/data/sdk-default-configuration.json
2025-03-23 23:54:13,444 [DEBUG] Event choose-service-name: calling handler <function handle_service_name_alias at 0x7e639f144b80>
2025-03-23 23:54:13,485 [DEBUG] Loading JSON file: /home/syed-hassan-ul-haq/repos/fin_scraper/venv/lib/python3.12/site-packages/botocore/data/s3/2006-03-01/service-2.json.gz
2025-03-23 23:54:13,509 [DEBUG] Loading JSON file: /home/syed-hassan-ul-haq/repos/fin_scraper/venv/lib/python3.12/site-packages/botocore/data/s3/2006-03-01/service-2.sdk-extras.json
2025-03-23 23:54:13,542 [DEBUG] Loading JSON file: /home/syed-hassan-ul-haq/repos/fin_scraper/venv/lib/python3.12/site-packages/botocore/data/s3/2006-03-01/endpoint-rule-set-1.json.gz
2025-03-23 23:54:13,600 [DEBUG] Loading JSON file: /home/syed-hassan-ul-haq/repos/fin_scraper/venv/lib/python3.12/site-packages/botocore/data/partitions.json
2025-03-23 23:54:13,602 [DEBUG] Event creating-client-class.s3: calling handler <function add_generate_presigned_post at 0x7e639f2d2700>
2025-03-23 23:54:13,602 [DEBUG] Event creating-client-class.s3: calling handler <function lazy_call.<locals>._handler at 0x7e639ec44180>
2025-03-23 23:54:13,602 [DEBUG] Event creating-client-class.s3: calling handler <function add_generate_presigned_url at 0x7e639f2d2480>
2025-03-23 23:54:13,605 [DEBUG] Setting s3 timeout as (60, 60)
2025-03-23 23:54:13,609 [DEBUG] Loading JSON file: /home/syed-hassan-ul-haq/repos/fin_scraper/venv/lib/python3.12/site-packages/botocore/data/_retry.json
2025-03-23 23:54:13,610 [DEBUG] Registering retry handlers for service: s3
2025-03-23 23:54:13,611 [DEBUG] Registering S3 region redirector handler
2025-03-23 23:54:13,613 [DEBUG] Registering S3Express Identity Resolver
2025-03-23 23:54:13,615 [DEBUG] Event before-parameter-build.s3.PutObject: calling handler <function validate_ascii_metadata at 0x7e639f1476a0>
2025-03-23 23:54:13,615 [DEBUG] Event before-parameter-build.s3.PutObject: calling handler <function sse_md5 at 0x7e639f146980>
2025-03-23 23:54:13,615 [DEBUG] Event before-parameter-build.s3.PutObject: calling handler <function convert_body_to_file_like_object at 0x7e639f16c0e0>
2025-03-23 23:54:13,616 [DEBUG] Event before-parameter-build.s3.PutObject: calling handler <function validate_bucket_name at 0x7e639f1468e0>
2025-03-23 23:54:13,616 [DEBUG] Event before-parameter-build.s3.PutObject: calling handler <function remove_bucket_from_url_paths_from_model at 0x7e639f16cae0>
2025-03-23 23:54:13,616 [DEBUG] Event before-parameter-build.s3.PutObject: calling handler <bound method S3RegionRedirectorv2.annotate_request_context of <botocore.utils.S3RegionRedirectorv2 object at 0x7e639a204bc0>>
2025-03-23 23:54:13,616 [DEBUG] Event before-parameter-build.s3.PutObject: calling handler <bound method ClientCreator._inject_s3_input_parameters of <botocore.client.ClientCreator object at 0x7e639963e540>>
2025-03-23 23:54:13,617 [DEBUG] Event before-parameter-build.s3.PutObject: calling handler <function generate_idempotent_uuid at 0x7e639f146700>
2025-03-23 23:54:13,617 [DEBUG] Event before-parameter-build.s3.PutObject: calling handler <function _handle_request_validation_mode_member at 0x7e639f16d260>
2025-03-23 23:54:13,618 [DEBUG] Event before-endpoint-resolution.s3: calling handler <function customize_endpoint_resolver_builtins at 0x7e639f16ccc0>
2025-03-23 23:54:13,618 [DEBUG] Event before-endpoint-resolution.s3: calling handler <bound method S3RegionRedirectorv2.redirect_from_cache of <botocore.utils.S3RegionRedirectorv2 object at 0x7e639a204bc0>>
2025-03-23 23:54:13,618 [DEBUG] Calling endpoint provider with parameters: {'Bucket': 'fin-scraping-bucket', 'Region': 'us-east-1', 'UseFIPS': False, 'UseDualStack': False, 'Endpoint': 'https://3c5636b6cfe0011ec1887ff62b057097.r2.cloudflarestorage.com', 'ForcePathStyle': True, 'Accelerate': False, 'UseGlobalEndpoint': True, 'Key': 'CORZ/2022-03-31/FINAL-CORZ-F22Q1-Earnings-Pres-051222-1030.pdf/FINAL-CORZ-F22Q1-Earnings-Pres-051222-1030.pdf', 'DisableMultiRegionAccessPoints': False, 'UseArnRegion': True}
2025-03-23 23:54:13,620 [DEBUG] Endpoint provider result: https://3c5636b6cfe0011ec1887ff62b057097.r2.cloudflarestorage.com/fin-scraping-bucket
2025-03-23 23:54:13,620 [DEBUG] Selecting from endpoint provider's list of auth schemes: "sigv4". User selected auth scheme is: "None"
2025-03-23 23:54:13,620 [DEBUG] Selected auth type "v4" as "v4" with signing context params: {'region': 'us-east-1', 'signing_name': 's3', 'disableDoubleEncoding': True}
2025-03-23 23:54:13,621 [DEBUG] Event before-call.s3.PutObject: calling handler <function add_expect_header at 0x7e639f146ca0>
2025-03-23 23:54:13,621 [DEBUG] Adding expect 100 continue header to request.
2025-03-23 23:54:13,622 [DEBUG] Event before-call.s3.PutObject: calling handler <bound method S3ExpressIdentityResolver.apply_signing_cache_key of <botocore.utils.S3ExpressIdentityResolver object at 0x7e63986001a0>>
2025-03-23 23:54:13,622 [DEBUG] Event before-call.s3.PutObject: calling handler <function add_recursion_detection_header at 0x7e639f145b20>
2025-03-23 23:54:13,622 [DEBUG] Event before-call.s3.PutObject: calling handler <function add_query_compatibility_header at 0x7e639f16d1c0>
2025-03-23 23:54:13,622 [DEBUG] Event before-call.s3.PutObject: calling handler <function inject_api_version_header_if_needed at 0x7e639f16c220>
2025-03-23 23:54:13,622 [DEBUG] Making request for OperationModel(name=PutObject) with params: {'url_path': '/CORZ/2022-03-31/FINAL-CORZ-F22Q1-Earnings-Pres-051222-1030.pdf/FINAL-CORZ-F22Q1-Earnings-Pres-051222-1030.pdf', 'query_string': {}, 'method': 'PUT', 'headers': {'User-Agent': 'Boto3/1.37.16 md/Botocore#1.37.17 ua/2.1 os/linux#6.11.0-19-generic md/arch#x86_64 lang/python#3.12.3 md/pyimpl#CPython m/N cfg/retry-mode#legacy Botocore/1.37.17', 'Expect': '100-continue', 'Transfer-Encoding': 'chunked', 'Content-Encoding': 'aws-chunked', 'X-Amz-Trailer': 'x-amz-checksum-crc32', 'X-Amz-Decoded-Content-Length': '4709923', 'x-amz-sdk-checksum-algorithm': 'CRC32'}, 'body': <botocore.httpchecksum.AwsChunkedWrapper object at 0x7e639b407920>, 'auth_path': '/fin-scraping-bucket/CORZ/2022-03-31/FINAL-CORZ-F22Q1-Earnings-Pres-051222-1030.pdf/FINAL-CORZ-F22Q1-Earnings-Pres-051222-1030.pdf', 'url': 'https://3c5636b6cfe0011ec1887ff62b057097.r2.cloudflarestorage.com/fin-scraping-bucket/CORZ/2022-03-31/FINAL-CORZ-F22Q1-Earnings-Pres-051222-1030.pdf/FINAL-CORZ-F22Q1-Earnings-Pres-051222-1030.pdf', 'context': {'client_region': 'us-east-1', 'client_config': <botocore.config.Config object at 0x7e639a2051c0>, 'has_streaming_input': True, 'auth_type': 'v4', 'unsigned_payload': None, 's3_redirect': {'redirected': False, 'bucket': 'fin-scraping-bucket', 'params': {'Bucket': 'fin-scraping-bucket', 'Key': 'CORZ/2022-03-31/FINAL-CORZ-F22Q1-Earnings-Pres-051222-1030.pdf/FINAL-CORZ-F22Q1-Earnings-Pres-051222-1030.pdf', 'Body': <_io.BufferedReader name='downloads/FINAL-CORZ-F22Q1-Earnings-Pres-051222-1030.pdf'>}}, 'input_params': {'Bucket': 'fin-scraping-bucket', 'Key': 'CORZ/2022-03-31/FINAL-CORZ-F22Q1-Earnings-Pres-051222-1030.pdf/FINAL-CORZ-F22Q1-Earnings-Pres-051222-1030.pdf'}, 'signing': {'region': 'us-east-1', 'signing_name': 's3', 'disableDoubleEncoding': True}, 'endpoint_properties': {'authSchemes': [{'disableDoubleEncoding': True, 'name': 'sigv4', 'signingName': 's3', 'signingRegion': 'us-east-1'}]}, 'checksum': {'request_algorithm_header': {'name': 'x-amz-sdk-checksum-algorithm', 'value': 'CRC32'}, 'request_algorithm': {'algorithm': 'crc32', 'in': 'trailer', 'name': 'x-amz-checksum-crc32'}}}}
2025-03-23 23:54:13,623 [DEBUG] Event request-created.s3.PutObject: calling handler <bound method RequestSigner.handler of <botocore.signers.RequestSigner object at 0x7e639a2052b0>>
2025-03-23 23:54:13,624 [DEBUG] Event choose-signer.s3.PutObject: calling handler <bound method ClientCreator._default_s3_presign_to_sigv2 of <botocore.client.ClientCreator object at 0x7e639963e540>>
2025-03-23 23:54:13,625 [DEBUG] Event choose-signer.s3.PutObject: calling handler <function set_operation_specific_signer at 0x7e639f146520>
2025-03-23 23:54:13,625 [DEBUG] Event before-sign.s3.PutObject: calling handler <function remove_arn_from_signing_path at 0x7e639f16cc20>
2025-03-23 23:54:13,625 [DEBUG] Event before-sign.s3.PutObject: calling handler <function _set_extra_headers_for_unsigned_request at 0x7e639f16d300>
2025-03-23 23:54:13,626 [DEBUG] Event before-sign.s3.PutObject: calling handler <bound method S3ExpressIdentityResolver.resolve_s3express_identity of <botocore.utils.S3ExpressIdentityResolver object at 0x7e63986001a0>>
2025-03-23 23:54:13,626 [DEBUG] Calculating signature using v4 auth.
2025-03-23 23:54:13,626 [DEBUG] CanonicalRequest:
PUT
/fin-scraping-bucket/CORZ/2022-03-31/FINAL-CORZ-F22Q1-Earnings-Pres-051222-1030.pdf/FINAL-CORZ-F22Q1-Earnings-Pres-051222-1030.pdf

content-encoding:aws-chunked
host:3c5636b6cfe0011ec1887ff62b057097.r2.cloudflarestorage.com
x-amz-content-sha256:STREAMING-UNSIGNED-PAYLOAD-TRAILER
x-amz-date:20250323T185413Z
x-amz-decoded-content-length:4709923
x-amz-sdk-checksum-algorithm:CRC32
x-amz-trailer:x-amz-checksum-crc32

content-encoding;host;x-amz-content-sha256;x-amz-date;x-amz-decoded-content-length;x-amz-sdk-checksum-algorithm;x-amz-trailer
STREAMING-UNSIGNED-PAYLOAD-TRAILER
2025-03-23 23:54:13,627 [DEBUG] StringToSign:
AWS4-HMAC-SHA256
20250323T185413Z
20250323/us-east-1/s3/aws4_request
dd90d16f18d090a9507f74b8f37ea1d612cb01fb072d4737434b99a701c928ae
2025-03-23 23:54:13,627 [DEBUG] Signature:
2a371b1f4eabca96864c3a85887f2c9c3697d96e40158e35355a125025d26333
2025-03-23 23:54:13,627 [DEBUG] Event request-created.s3.PutObject: calling handler <bound method UserAgentString.rebuild_and_replace_user_agent_handler of <botocore.useragent.UserAgentString object at 0x7e6398600b30>>
2025-03-23 23:54:13,628 [DEBUG] Event request-created.s3.PutObject: calling handler <function add_retry_headers at 0x7e639f16ca40>
2025-03-23 23:54:13,628 [DEBUG] Sending http request: <AWSPreparedRequest stream_output=False, method=PUT, url=https://3c5636b6cfe0011ec1887ff62b057097.r2.cloudflarestorage.com/fin-scraping-bucket/CORZ/2022-03-31/FINAL-CORZ-F22Q1-Earnings-Pres-051222-1030.pdf/FINAL-CORZ-F22Q1-Earnings-Pres-051222-1030.pdf, headers={'User-Agent': b'Boto3/1.37.16 md/Botocore#1.37.17 ua/2.1 os/linux#6.11.0-19-generic md/arch#x86_64 lang/python#3.12.3 md/pyimpl#CPython m/N cfg/retry-mode#legacy Botocore/1.37.17', 'Expect': b'100-continue', 'Transfer-Encoding': b'chunked', 'Content-Encoding': b'aws-chunked', 'X-Amz-Trailer': b'x-amz-checksum-crc32', 'X-Amz-Decoded-Content-Length': b'4709923', 'x-amz-sdk-checksum-algorithm': b'CRC32', 'X-Amz-Date': b'20250323T185413Z', 'X-Amz-Content-SHA256': b'STREAMING-UNSIGNED-PAYLOAD-TRAILER', 'Authorization': b'AWS4-HMAC-SHA256 Credential=f1ac1dc043a240f996be558cfba72868/20250323/us-east-1/s3/aws4_request, SignedHeaders=content-encoding;host;x-amz-content-sha256;x-amz-date;x-amz-decoded-content-length;x-amz-sdk-checksum-algorithm;x-amz-trailer, Signature=2a371b1f4eabca96864c3a85887f2c9c3697d96e40158e35355a125025d26333', 'amz-sdk-invocation-id': b'e798419b-ab4f-46f0-9be1-341fec05d0a7', 'amz-sdk-request': b'attempt=1'}>
2025-03-23 23:54:13,629 [DEBUG] Certificate path: /home/syed-hassan-ul-haq/repos/fin_scraper/venv/lib/python3.12/site-packages/certifi/cacert.pem
2025-03-23 23:54:13,630 [DEBUG] Starting new HTTPS connection (1): 3c5636b6cfe0011ec1887ff62b057097.r2.cloudflarestorage.com:443
2025-03-23 23:54:13,745 [DEBUG] Waiting for 100 Continue response.
2025-03-23 23:54:13,750 [DEBUG] 100 Continue response seen, now sending request body.
2025-03-23 23:54:19,761 [DEBUG] https://3c5636b6cfe0011ec1887ff62b057097.r2.cloudflarestorage.com:443 "PUT /fin-scraping-bucket/CORZ/2022-03-31/FINAL-CORZ-F22Q1-Earnings-Pres-051222-1030.pdf/FINAL-CORZ-F22Q1-Earnings-Pres-051222-1030.pdf HTTP/1.1" 200 0
2025-03-23 23:54:19,762 [DEBUG] Event before-parse.s3.PutObject: calling handler <function _handle_200_error at 0x7e639f16cfe0>
2025-03-23 23:54:19,762 [DEBUG] Event before-parse.s3.PutObject: calling handler <function handle_expires_header at 0x7e639f16ce00>
2025-03-23 23:54:19,763 [DEBUG] Response headers: {'Date': 'Sun, 23 Mar 2025 18:54:19 GMT', 'Content-Type': 'text/plain;charset=UTF-8', 'Content-Length': '0', 'Connection': 'keep-alive', 'ETag': '"e1b3cacb7bf1363c874c99e211d3ba31"', 'x-amz-checksum-crc32': 'WjvqJQ==', 'x-amz-version-id': '7e6a3ba4fc046aabd239fcaebfb9a7ca', 'Vary': 'Accept-Encoding', 'Server': 'cloudflare', 'CF-RAY': '925022d80e7921f2-KHI'}
2025-03-23 23:54:19,763 [DEBUG] Response body:
b''
2025-03-23 23:54:19,765 [DEBUG] Event needs-retry.s3.PutObject: calling handler <function _update_status_code at 0x7e639f16d120>
2025-03-23 23:54:19,765 [DEBUG] Event needs-retry.s3.PutObject: calling handler <botocore.retryhandler.RetryHandler object at 0x7e6398600560>
2025-03-23 23:54:19,765 [DEBUG] No retry needed.
2025-03-23 23:54:19,766 [DEBUG] Event needs-retry.s3.PutObject: calling handler <bound method S3RegionRedirectorv2.redirect_from_error of <botocore.utils.S3RegionRedirectorv2 object at 0x7e639a204bc0>>
2025-03-23 23:54:19,772 [DEBUG] Constructed data object: {'file_name': 'FINAL-CORZ-F22Q1-Earnings-Pres-051222-1030.pdf', 'file_type': 'pdf', 'published_date': '2022-03-31', 'url': 'https://3c5636b6cfe0011ec1887ff62b057097.r2.cloudflarestorage.com/fin-scraping-bucket/CORZ/2022-03-31/FINAL-CORZ-F22Q1-Earnings-Pres-051222-1030.pdf/FINAL-CORZ-F22Q1-Earnings-Pres-051222-1030.pdf', 'content_type': ['sec_filing', 'financial_filing', 'presentation', '10-Q', 'three-month-results']}
2025-03-23 23:54:19,778 [DEBUG] Starting new HTTPS connection (1): www.pvh.com:443
2025-03-23 23:54:20,682 [DEBUG] https://www.pvh.com:443 "GET /sec-filings/all-sec-filings/content/0001628280-22-014350/core-20220331.htm HTTP/1.1" 404 1245
2025-03-23 23:54:20,686 [DEBUG] Changing event name from creating-client-class.iot-data to creating-client-class.iot-data-plane
2025-03-23 23:54:20,695 [DEBUG] Changing event name from before-call.apigateway to before-call.api-gateway
2025-03-23 23:54:20,699 [DEBUG] Changing event name from request-created.machinelearning.Predict to request-created.machine-learning.Predict
2025-03-23 23:54:20,706 [DEBUG] Changing event name from before-parameter-build.autoscaling.CreateLaunchConfiguration to before-parameter-build.auto-scaling.CreateLaunchConfiguration
2025-03-23 23:54:20,707 [DEBUG] Changing event name from before-parameter-build.route53 to before-parameter-build.route-53
2025-03-23 23:54:20,711 [DEBUG] Changing event name from request-created.cloudsearchdomain.Search to request-created.cloudsearch-domain.Search
2025-03-23 23:54:20,715 [DEBUG] Changing event name from docs.*.autoscaling.CreateLaunchConfiguration.complete-section to docs.*.auto-scaling.CreateLaunchConfiguration.complete-section
2025-03-23 23:54:20,731 [DEBUG] Changing event name from before-parameter-build.logs.CreateExportTask to before-parameter-build.cloudwatch-logs.CreateExportTask
2025-03-23 23:54:20,733 [DEBUG] Changing event name from docs.*.logs.CreateExportTask.complete-section to docs.*.cloudwatch-logs.CreateExportTask.complete-section
2025-03-23 23:54:20,733 [DEBUG] Changing event name from before-parameter-build.cloudsearchdomain.Search to before-parameter-build.cloudsearch-domain.Search
2025-03-23 23:54:20,734 [DEBUG] Changing event name from docs.*.cloudsearchdomain.Search.complete-section to docs.*.cloudsearch-domain.Search.complete-section
2025-03-23 23:54:20,743 [DEBUG] Loading JSON file: /home/syed-hassan-ul-haq/repos/fin_scraper/venv/lib/python3.12/site-packages/botocore/data/endpoints.json
2025-03-23 23:54:20,829 [DEBUG] Loading JSON file: /home/syed-hassan-ul-haq/repos/fin_scraper/venv/lib/python3.12/site-packages/botocore/data/sdk-default-configuration.json
2025-03-23 23:54:20,830 [DEBUG] Event choose-service-name: calling handler <function handle_service_name_alias at 0x7e639f144b80>
2025-03-23 23:54:20,913 [DEBUG] Loading JSON file: /home/syed-hassan-ul-haq/repos/fin_scraper/venv/lib/python3.12/site-packages/botocore/data/s3/2006-03-01/service-2.json.gz
2025-03-23 23:54:20,947 [DEBUG] Loading JSON file: /home/syed-hassan-ul-haq/repos/fin_scraper/venv/lib/python3.12/site-packages/botocore/data/s3/2006-03-01/service-2.sdk-extras.json
2025-03-23 23:54:20,989 [DEBUG] Loading JSON file: /home/syed-hassan-ul-haq/repos/fin_scraper/venv/lib/python3.12/site-packages/botocore/data/s3/2006-03-01/endpoint-rule-set-1.json.gz
2025-03-23 23:54:20,997 [DEBUG] Loading JSON file: /home/syed-hassan-ul-haq/repos/fin_scraper/venv/lib/python3.12/site-packages/botocore/data/partitions.json
2025-03-23 23:54:20,999 [DEBUG] Event creating-client-class.s3: calling handler <function add_generate_presigned_post at 0x7e639f2d2700>
2025-03-23 23:54:20,999 [DEBUG] Event creating-client-class.s3: calling handler <function lazy_call.<locals>._handler at 0x7e639dd70180>
2025-03-23 23:54:21,000 [DEBUG] Event creating-client-class.s3: calling handler <function add_generate_presigned_url at 0x7e639f2d2480>
2025-03-23 23:54:21,003 [DEBUG] Setting s3 timeout as (60, 60)
2025-03-23 23:54:21,007 [DEBUG] Loading JSON file: /home/syed-hassan-ul-haq/repos/fin_scraper/venv/lib/python3.12/site-packages/botocore/data/_retry.json
2025-03-23 23:54:21,008 [DEBUG] Registering retry handlers for service: s3
2025-03-23 23:54:21,008 [DEBUG] Registering S3 region redirector handler
2025-03-23 23:54:21,010 [DEBUG] Registering S3Express Identity Resolver
2025-03-23 23:54:31,013 [DEBUG] Constructed data object: {'file_name': 'core-20220331.htm', 'file_type': 'html', 'published_date': '2022-03-31', 'url': None, 'content_type': ['sec_filing', 'financial_filing', 'presentation', '10-Q', 'three-month-results']}
2025-03-23 23:54:31,016 [DEBUG] Starting new HTTPS connection (1): www.pvh.com:443
2025-03-23 23:54:31,638 [DEBUG] https://www.pvh.com:443 "GET /sec-filings/all-sec-filings/content/0001628280-22-014350/0001628280-22-014350.pdf HTTP/1.1" 404 1245
2025-03-23 23:54:31,642 [DEBUG] Changing event name from creating-client-class.iot-data to creating-client-class.iot-data-plane
2025-03-23 23:54:31,654 [DEBUG] Changing event name from before-call.apigateway to before-call.api-gateway
2025-03-23 23:54:31,658 [DEBUG] Changing event name from request-created.machinelearning.Predict to request-created.machine-learning.Predict
2025-03-23 23:54:31,666 [DEBUG] Changing event name from before-parameter-build.autoscaling.CreateLaunchConfiguration to before-parameter-build.auto-scaling.CreateLaunchConfiguration
2025-03-23 23:54:31,667 [DEBUG] Changing event name from before-parameter-build.route53 to before-parameter-build.route-53
2025-03-23 23:54:31,671 [DEBUG] Changing event name from request-created.cloudsearchdomain.Search to request-created.cloudsearch-domain.Search
2025-03-23 23:54:31,677 [DEBUG] Changing event name from docs.*.autoscaling.CreateLaunchConfiguration.complete-section to docs.*.auto-scaling.CreateLaunchConfiguration.complete-section
2025-03-23 23:54:31,692 [DEBUG] Changing event name from before-parameter-build.logs.CreateExportTask to before-parameter-build.cloudwatch-logs.CreateExportTask
2025-03-23 23:54:31,693 [DEBUG] Changing event name from docs.*.logs.CreateExportTask.complete-section to docs.*.cloudwatch-logs.CreateExportTask.complete-section
2025-03-23 23:54:31,694 [DEBUG] Changing event name from before-parameter-build.cloudsearchdomain.Search to before-parameter-build.cloudsearch-domain.Search
2025-03-23 23:54:31,695 [DEBUG] Changing event name from docs.*.cloudsearchdomain.Search.complete-section to docs.*.cloudsearch-domain.Search.complete-section
2025-03-23 23:54:31,705 [DEBUG] Loading JSON file: /home/syed-hassan-ul-haq/repos/fin_scraper/venv/lib/python3.12/site-packages/botocore/data/endpoints.json
2025-03-23 23:54:31,843 [DEBUG] Loading JSON file: /home/syed-hassan-ul-haq/repos/fin_scraper/venv/lib/python3.12/site-packages/botocore/data/sdk-default-configuration.json
2025-03-23 23:54:31,844 [DEBUG] Event choose-service-name: calling handler <function handle_service_name_alias at 0x7e639f144b80>
2025-03-23 23:54:31,882 [DEBUG] Loading JSON file: /home/syed-hassan-ul-haq/repos/fin_scraper/venv/lib/python3.12/site-packages/botocore/data/s3/2006-03-01/service-2.json.gz
2025-03-23 23:54:32,376 [DEBUG] Loading JSON file: /home/syed-hassan-ul-haq/repos/fin_scraper/venv/lib/python3.12/site-packages/botocore/data/s3/2006-03-01/service-2.sdk-extras.json
2025-03-23 23:54:32,409 [DEBUG] Loading JSON file: /home/syed-hassan-ul-haq/repos/fin_scraper/venv/lib/python3.12/site-packages/botocore/data/s3/2006-03-01/endpoint-rule-set-1.json.gz
2025-03-23 23:54:32,415 [DEBUG] Loading JSON file: /home/syed-hassan-ul-haq/repos/fin_scraper/venv/lib/python3.12/site-packages/botocore/data/partitions.json
2025-03-23 23:54:32,418 [DEBUG] Event creating-client-class.s3: calling handler <function add_generate_presigned_post at 0x7e639f2d2700>
2025-03-23 23:54:32,418 [DEBUG] Event creating-client-class.s3: calling handler <function lazy_call.<locals>._handler at 0x7e6397d0ec00>
2025-03-23 23:54:32,418 [DEBUG] Event creating-client-class.s3: calling handler <function add_generate_presigned_url at 0x7e639f2d2480>
2025-03-23 23:54:32,422 [DEBUG] Setting s3 timeout as (60, 60)
2025-03-23 23:54:32,427 [DEBUG] Loading JSON file: /home/syed-hassan-ul-haq/repos/fin_scraper/venv/lib/python3.12/site-packages/botocore/data/_retry.json
2025-03-23 23:54:32,429 [DEBUG] Registering retry handlers for service: s3
2025-03-23 23:54:32,429 [DEBUG] Registering S3 region redirector handler
2025-03-23 23:54:32,430 [DEBUG] Registering S3Express Identity Resolver
2025-03-23 23:54:42,432 [DEBUG] Constructed data object: {'file_name': '0001628280-22-014350.pdf', 'file_type': 'html', 'published_date': '2022-03-31', 'url': None, 'content_type': ['sec_filing', 'financial_filing', 'presentation', '10-Q', 'three-month-results']}
2025-03-23 23:54:42,436 [DEBUG] Starting new HTTPS connection (1): www.pvh.com:443
2025-03-23 23:54:43,004 [DEBUG] https://www.pvh.com:443 "GET /sec-filings/all-sec-filings/content/0001628280-22-014350/0001628280-22-014350-xbrl.zip HTTP/1.1" 404 1245
2025-03-23 23:54:43,008 [DEBUG] Changing event name from creating-client-class.iot-data to creating-client-class.iot-data-plane
2025-03-23 23:54:43,020 [DEBUG] Changing event name from before-call.apigateway to before-call.api-gateway
2025-03-23 23:54:43,023 [DEBUG] Changing event name from request-created.machinelearning.Predict to request-created.machine-learning.Predict
2025-03-23 23:54:43,031 [DEBUG] Changing event name from before-parameter-build.autoscaling.CreateLaunchConfiguration to before-parameter-build.auto-scaling.CreateLaunchConfiguration
2025-03-23 23:54:43,032 [DEBUG] Changing event name from before-parameter-build.route53 to before-parameter-build.route-53
2025-03-23 23:54:43,036 [DEBUG] Changing event name from request-created.cloudsearchdomain.Search to request-created.cloudsearch-domain.Search
2025-03-23 23:54:43,040 [DEBUG] Changing event name from docs.*.autoscaling.CreateLaunchConfiguration.complete-section to docs.*.auto-scaling.CreateLaunchConfiguration.complete-section
2025-03-23 23:54:43,055 [DEBUG] Changing event name from before-parameter-build.logs.CreateExportTask to before-parameter-build.cloudwatch-logs.CreateExportTask
2025-03-23 23:54:43,056 [DEBUG] Changing event name from docs.*.logs.CreateExportTask.complete-section to docs.*.cloudwatch-logs.CreateExportTask.complete-section
2025-03-23 23:54:43,057 [DEBUG] Changing event name from before-parameter-build.cloudsearchdomain.Search to before-parameter-build.cloudsearch-domain.Search
2025-03-23 23:54:43,057 [DEBUG] Changing event name from docs.*.cloudsearchdomain.Search.complete-section to docs.*.cloudsearch-domain.Search.complete-section
2025-03-23 23:54:43,065 [DEBUG] Loading JSON file: /home/syed-hassan-ul-haq/repos/fin_scraper/venv/lib/python3.12/site-packages/botocore/data/endpoints.json
2025-03-23 23:54:43,173 [DEBUG] Loading JSON file: /home/syed-hassan-ul-haq/repos/fin_scraper/venv/lib/python3.12/site-packages/botocore/data/sdk-default-configuration.json
2025-03-23 23:54:43,174 [DEBUG] Event choose-service-name: calling handler <function handle_service_name_alias at 0x7e639f144b80>
2025-03-23 23:54:43,254 [DEBUG] Loading JSON file: /home/syed-hassan-ul-haq/repos/fin_scraper/venv/lib/python3.12/site-packages/botocore/data/s3/2006-03-01/service-2.json.gz
2025-03-23 23:54:43,276 [DEBUG] Loading JSON file: /home/syed-hassan-ul-haq/repos/fin_scraper/venv/lib/python3.12/site-packages/botocore/data/s3/2006-03-01/service-2.sdk-extras.json
2025-03-23 23:54:43,309 [DEBUG] Loading JSON file: /home/syed-hassan-ul-haq/repos/fin_scraper/venv/lib/python3.12/site-packages/botocore/data/s3/2006-03-01/endpoint-rule-set-1.json.gz
2025-03-23 23:54:43,317 [DEBUG] Loading JSON file: /home/syed-hassan-ul-haq/repos/fin_scraper/venv/lib/python3.12/site-packages/botocore/data/partitions.json
2025-03-23 23:54:43,319 [DEBUG] Event creating-client-class.s3: calling handler <function add_generate_presigned_post at 0x7e639f2d2700>
2025-03-23 23:54:43,319 [DEBUG] Event creating-client-class.s3: calling handler <function lazy_call.<locals>._handler at 0x7e639bafd3a0>
2025-03-23 23:54:43,320 [DEBUG] Event creating-client-class.s3: calling handler <function add_generate_presigned_url at 0x7e639f2d2480>
2025-03-23 23:54:43,323 [DEBUG] Setting s3 timeout as (60, 60)
2025-03-23 23:54:43,327 [DEBUG] Loading JSON file: /home/syed-hassan-ul-haq/repos/fin_scraper/venv/lib/python3.12/site-packages/botocore/data/_retry.json
2025-03-23 23:54:43,328 [DEBUG] Registering retry handlers for service: s3
2025-03-23 23:54:43,329 [DEBUG] Registering S3 region redirector handler
2025-03-23 23:54:43,330 [DEBUG] Registering S3Express Identity Resolver
2025-03-23 23:54:53,333 [DEBUG] Constructed data object: {'file_name': '0001628280-22-014350-xbrl.zip', 'file_type': 'html', 'published_date': '2022-03-31', 'url': None, 'content_type': ['sec_filing', 'financial_filing', 'presentation', '10-Q', 'three-month-results']}
2025-03-23 23:54:53,334 [DEBUG] Constructed final JSON: {'event_name': 'Q1 2022 Quarter Ended Mar 31', 'equity_ticker': 'CORZ', 'geography': 'US', 'periodicity': 'non-periodic', 'data': [{'file_name': 'core-scientific-announces-first-quarter-2022-results', 'file_type': 'html', 'published_date': '2022-03-31', 'url': 'https://3c5636b6cfe0011ec1887ff62b057097.r2.cloudflarestorage.com/fin-scraping-bucket/CORZ/2022-03-31/core-scientific-announces-first-quarter-2022-results/core-scientific-announces-first-quarter-2022-results', 'content_type': ['sec_filing', 'financial_filing', 'presentation', '10-Q', 'three-month-results']}, {'file_name': '2022-05-12_Core_Scientific_Announces_First_Quarter_2022_27.pdf', 'file_type': 'pdf', 'published_date': '2022-03-31', 'url': 'https://3c5636b6cfe0011ec1887ff62b057097.r2.cloudflarestorage.com/fin-scraping-bucket/CORZ/2022-03-31/2022-05-12_Core_Scientific_Announces_First_Quarter_2022_27.pdf/2022-05-12_Core_Scientific_Announces_First_Quarter_2022_27.pdf', 'content_type': ['sec_filing', 'financial_filing', 'presentation', '10-Q', 'three-month-results']}, {'file_name': 'FINAL-CORZ-F22Q1-Earnings-Pres-051222-1030.pdf', 'file_type': 'pdf', 'published_date': '2022-03-31', 'url': 'https://3c5636b6cfe0011ec1887ff62b057097.r2.cloudflarestorage.com/fin-scraping-bucket/CORZ/2022-03-31/FINAL-CORZ-F22Q1-Earnings-Pres-051222-1030.pdf/FINAL-CORZ-F22Q1-Earnings-Pres-051222-1030.pdf', 'content_type': ['sec_filing', 'financial_filing', 'presentation', '10-Q', 'three-month-results']}, {'file_name': 'core-20220331.htm', 'file_type': 'html', 'published_date': '2022-03-31', 'url': None, 'content_type': ['sec_filing', 'financial_filing', 'presentation', '10-Q', 'three-month-results']}, {'file_name': '0001628280-22-014350.pdf', 'file_type': 'html', 'published_date': '2022-03-31', 'url': None, 'content_type': ['sec_filing', 'financial_filing', 'presentation', '10-Q', 'three-month-results']}, {'file_name': '0001628280-22-014350-xbrl.zip', 'file_type': 'html', 'published_date': '2022-03-31', 'url': None, 'content_type': ['sec_filing', 'financial_filing', 'presentation', '10-Q', 'three-month-results']}]}
2025-03-23 23:54:53,335 [DEBUG] Returning constructed JSON.
2025-03-23 23:54:53,335 [INFO] Snippet #12 -> Event JSON created.
2025-03-23 23:54:53,335 [INFO] Processing snippet #13 / 16
2025-03-23 23:54:53,336 [DEBUG] Starting construct_event_json function.
2025-03-23 23:54:53,336 [DEBUG] html_element length=2461
2025-03-23 23:54:53,336 [DEBUG] equity_ticker=CORZ, geography=US, periodicity=non-periodic
2025-03-23 23:54:53,336 [DEBUG] 

2025-03-23 23:54:53,336 [DEBUG] Original Snippet Text: 
          <div class="col-md-4 results-info">
        <h3>FY 2021</h3>
                <div class="date">Fiscal Year Ended Dec 31, 2021</div>
                        
      </div>
    
    <div class="col-md-8">     
    

    <div class="result-line">
                        <a href="https://investors.corescientific.com/news-events/press-releases/detail/32/core-scientific-announces-full-fiscal-year-2021-results" class="headline-link" aria-label="Earnings Release FY 2021">
                <span class="headline">Earnings Release</span>
                <span class="result-link link" aria-hidden="true"><span class="eqicon-HTML"></span>HTML</span>
            </a>
            <a href="https://d1io3yog0oux5.cloudfront.net/_1809aef3bf74227ab43f8f02a5800c1a/corescientific/news/2022-03-29_Core_Scientific_Announces_Full_Fiscal_Year_2021_32.pdf" class="result-link link" target="_blank" rel="noopener" aria-label="Earnings Release FY 2021 PDF" title="Opens in a new window"><span class="eqicon-PDF"></span>PDF</a>
                </div>

<div class="result-line">
    <a href="https://d1io3yog0oux5.cloudfront.net/_1809aef3bf74227ab43f8f02a5800c1a/corescientific/db/946/9122/presentation/FINAL-CORZ-FY21-Earnings-Slides-032922-%281%29.pdf" class="headline-link" target="_blank" rel="noopener" aria-label="Presentation FY 2021 PDF" title="Opens in a new window">
        <span class="headline">Presentation</span>
        <span class="result-link link" aria-hidden="true"><span class="eqicon-PDF"></span>PDF</span>
    </a>
</div><div class="result-line">
    <a href="/sec-filings/all-sec-filings/content/0001193125-22-088850/d268076d10k.htm" class="headline-link" aria-label="10-K FY 2021" target="_blank" rel="noopener" title="Opens in a new window">
        <span class="headline">10-K</span>
        <span class="result-link link" aria-hidden="true"><span class="eqicon-HTML"></span>HTML</span>
    </a>
    <a href="/sec-filings/all-sec-filings/content/0001193125-22-088850/0001193125-22-088850.pdf" class="result-link link" aria-label="10-K FY 2021 PDF" target="_blank" rel="noopener" title="Opens in a new window"><span class="eqicon-PDF"></span>PDF</a>
    <a href="/sec-filings/all-sec-filings/content/0001193125-22-088850/0001193125-22-088850-xbrl.zip" aria-label="Download Raw XBRL Zip Files of 10-K FY 2021" class="link" target="_blank" rel="noopener" title="Opens in a new window"><span class="eqicon-ZIP"></span>XBRL Zip</a>
</div>    </div>
  
2025-03-23 23:54:53,343 [DEBUG] Original Snippet Text: FY 2021 Fiscal Year Ended Dec 31, 2021 Earnings Release HTML PDF Presentation PDF 10-K HTML PDF XBRL Zip
2025-03-23 23:54:53,386 [DEBUG] Analyzing Sentence: 'FY 2021 Fiscal Year Ended Dec 31, 2021 Earnings Release HTML PDF Presentation PDF 10-K HTML PDF XBRL Zip'
2025-03-23 23:54:53,411 [DEBUG] Match found! Token='Fiscal' ~ Concept='fiscal report' (sim=0.88)
2025-03-23 23:54:53,412 [DEBUG] Cleaning up sentence: 'FY 2021 Fiscal Year Ended Dec 31, 2021 Earnings Release HTML PDF Presentation PDF 10-K HTML PDF XBRL Zip'
2025-03-23 23:54:53,412 [DEBUG] Final Extracted Event Name: FY 2021 Fiscal Year Ended Dec 31, 2021 Earnings Release Presentation 10-K
2025-03-23 23:54:53,413 [DEBUG] Extracted event_name=FY 2021 Fiscal Year Ended Dec 31, 2021 Earnings Release Presentation 10-K
2025-03-23 23:54:53,436 [DEBUG] Extracted published_date=2021-12-31
2025-03-23 23:54:53,436 [DEBUG] 
----------------------------------------------------
2025-03-23 23:54:53,436 [DEBUG] Raw HTML Snippet (truncated):

          <div class="col-md-4 results-info">
        <h3>FY 2021</h3>
                <div class="date">Fiscal Year Ended Dec 31, 2021</div>
                        
      </div>
    
    <div class="col-md-8">     
    

    <div class="result-line">
                        <a href="https://inves...
2025-03-23 23:54:53,437 [DEBUG] ----------------------------------------------------
2025-03-23 23:54:53,510 [DEBUG] Extracted Text:
FY 2021 Fiscal Year Ended Dec 31, 2021 Earnings Release HTML PDF Presentation PDF 10-K HTML PDF XBRL Zip Earnings Release HTML https://investors.corescientific.com/news-events/press-releases/detail/32/core-scientific-announces-full-fiscal-year-2021-results PDF https://d1io3yog0oux5.cloudfront.net/_1809aef3bf74227ab43f8f02a5800c1a/corescientific/news/2022-03-29_Core_Scientific_Announces_Full_Fiscal_Year_2021_32.pdf Presentation PDF https://d1io3yog0oux5.cloudfront.net/_1809aef3bf74227ab43f8f02a5800c1a/corescientific/db/946/9122/presentation/FINAL-CORZ-FY21-Earnings-Slides-032922-%281%29.pdf 10-K HTML /sec-filings/all-sec-filings/content/0001193125-22-088850/d268076d10k.htm PDF /sec-filings/all-sec-filings/content/0001193125-22-088850/0001193125-22-088850.pdf XBRL Zip /sec-filings/all-sec-filings/content/0001193125-22-088850/0001193125-22-088850-xbrl.zip

2025-03-23 23:54:53,511 [DEBUG] [DICT] Found dictionary-based content types: {'presentation', 'sec_filing', 'financial_filing', '10-K'}
2025-03-23 23:54:53,689 [DEBUG] [SIM] Found similarity-based content types: {'presentation'}
2025-03-23 23:54:53,690 [DEBUG] [UNION] Final content types = {'sec_filing', 'financial_filing', 'presentation', '10-K'}
2025-03-23 23:54:53,690 [DEBUG] Extracted content_type=['sec_filing', 'financial_filing', 'presentation', '10-K']
2025-03-23 23:54:53,692 [DEBUG] Starting new HTTPS connection (1): investors.corescientific.com:443
2025-03-23 23:54:54,165 [DEBUG] https://investors.corescientific.com:443 "GET /news-events/press-releases/detail/32/core-scientific-announces-full-fiscal-year-2021-results HTTP/1.1" 200 23807
2025-03-23 23:54:54,254 [DEBUG] Changing event name from creating-client-class.iot-data to creating-client-class.iot-data-plane
2025-03-23 23:54:54,266 [DEBUG] Changing event name from before-call.apigateway to before-call.api-gateway
2025-03-23 23:54:54,271 [DEBUG] Changing event name from request-created.machinelearning.Predict to request-created.machine-learning.Predict
2025-03-23 23:54:54,279 [DEBUG] Changing event name from before-parameter-build.autoscaling.CreateLaunchConfiguration to before-parameter-build.auto-scaling.CreateLaunchConfiguration
2025-03-23 23:54:54,280 [DEBUG] Changing event name from before-parameter-build.route53 to before-parameter-build.route-53
2025-03-23 23:54:54,284 [DEBUG] Changing event name from request-created.cloudsearchdomain.Search to request-created.cloudsearch-domain.Search
2025-03-23 23:54:54,288 [DEBUG] Changing event name from docs.*.autoscaling.CreateLaunchConfiguration.complete-section to docs.*.auto-scaling.CreateLaunchConfiguration.complete-section
2025-03-23 23:54:54,303 [DEBUG] Changing event name from before-parameter-build.logs.CreateExportTask to before-parameter-build.cloudwatch-logs.CreateExportTask
2025-03-23 23:54:54,304 [DEBUG] Changing event name from docs.*.logs.CreateExportTask.complete-section to docs.*.cloudwatch-logs.CreateExportTask.complete-section
2025-03-23 23:54:54,305 [DEBUG] Changing event name from before-parameter-build.cloudsearchdomain.Search to before-parameter-build.cloudsearch-domain.Search
2025-03-23 23:54:54,306 [DEBUG] Changing event name from docs.*.cloudsearchdomain.Search.complete-section to docs.*.cloudsearch-domain.Search.complete-section
2025-03-23 23:54:54,313 [DEBUG] Loading JSON file: /home/syed-hassan-ul-haq/repos/fin_scraper/venv/lib/python3.12/site-packages/botocore/data/endpoints.json
2025-03-23 23:54:54,424 [DEBUG] Loading JSON file: /home/syed-hassan-ul-haq/repos/fin_scraper/venv/lib/python3.12/site-packages/botocore/data/sdk-default-configuration.json
2025-03-23 23:54:54,425 [DEBUG] Event choose-service-name: calling handler <function handle_service_name_alias at 0x7e639f144b80>
2025-03-23 23:54:54,498 [DEBUG] Loading JSON file: /home/syed-hassan-ul-haq/repos/fin_scraper/venv/lib/python3.12/site-packages/botocore/data/s3/2006-03-01/service-2.json.gz
2025-03-23 23:54:54,520 [DEBUG] Loading JSON file: /home/syed-hassan-ul-haq/repos/fin_scraper/venv/lib/python3.12/site-packages/botocore/data/s3/2006-03-01/service-2.sdk-extras.json
2025-03-23 23:54:54,550 [DEBUG] Loading JSON file: /home/syed-hassan-ul-haq/repos/fin_scraper/venv/lib/python3.12/site-packages/botocore/data/s3/2006-03-01/endpoint-rule-set-1.json.gz
2025-03-23 23:54:54,560 [DEBUG] Loading JSON file: /home/syed-hassan-ul-haq/repos/fin_scraper/venv/lib/python3.12/site-packages/botocore/data/partitions.json
2025-03-23 23:54:54,563 [DEBUG] Event creating-client-class.s3: calling handler <function add_generate_presigned_post at 0x7e639f2d2700>
2025-03-23 23:54:54,563 [DEBUG] Event creating-client-class.s3: calling handler <function lazy_call.<locals>._handler at 0x7e639b730f40>
2025-03-23 23:54:54,563 [DEBUG] Event creating-client-class.s3: calling handler <function add_generate_presigned_url at 0x7e639f2d2480>
2025-03-23 23:54:54,567 [DEBUG] Setting s3 timeout as (60, 60)
2025-03-23 23:54:54,572 [DEBUG] Loading JSON file: /home/syed-hassan-ul-haq/repos/fin_scraper/venv/lib/python3.12/site-packages/botocore/data/_retry.json
2025-03-23 23:54:54,573 [DEBUG] Registering retry handlers for service: s3
2025-03-23 23:54:54,574 [DEBUG] Registering S3 region redirector handler
2025-03-23 23:54:54,575 [DEBUG] Registering S3Express Identity Resolver
2025-03-23 23:54:54,577 [DEBUG] Event before-parameter-build.s3.PutObject: calling handler <function validate_ascii_metadata at 0x7e639f1476a0>
2025-03-23 23:54:54,577 [DEBUG] Event before-parameter-build.s3.PutObject: calling handler <function sse_md5 at 0x7e639f146980>
2025-03-23 23:54:54,577 [DEBUG] Event before-parameter-build.s3.PutObject: calling handler <function convert_body_to_file_like_object at 0x7e639f16c0e0>
2025-03-23 23:54:54,577 [DEBUG] Event before-parameter-build.s3.PutObject: calling handler <function validate_bucket_name at 0x7e639f1468e0>
2025-03-23 23:54:54,577 [DEBUG] Event before-parameter-build.s3.PutObject: calling handler <function remove_bucket_from_url_paths_from_model at 0x7e639f16cae0>
2025-03-23 23:54:54,578 [DEBUG] Event before-parameter-build.s3.PutObject: calling handler <bound method S3RegionRedirectorv2.annotate_request_context of <botocore.utils.S3RegionRedirectorv2 object at 0x7e63984d08f0>>
2025-03-23 23:54:54,578 [DEBUG] Event before-parameter-build.s3.PutObject: calling handler <bound method ClientCreator._inject_s3_input_parameters of <botocore.client.ClientCreator object at 0x7e6398f4c620>>
2025-03-23 23:54:54,578 [DEBUG] Event before-parameter-build.s3.PutObject: calling handler <function generate_idempotent_uuid at 0x7e639f146700>
2025-03-23 23:54:54,578 [DEBUG] Event before-parameter-build.s3.PutObject: calling handler <function _handle_request_validation_mode_member at 0x7e639f16d260>
2025-03-23 23:54:54,578 [DEBUG] Event before-endpoint-resolution.s3: calling handler <function customize_endpoint_resolver_builtins at 0x7e639f16ccc0>
2025-03-23 23:54:54,579 [DEBUG] Event before-endpoint-resolution.s3: calling handler <bound method S3RegionRedirectorv2.redirect_from_cache of <botocore.utils.S3RegionRedirectorv2 object at 0x7e63984d08f0>>
2025-03-23 23:54:54,579 [DEBUG] Calling endpoint provider with parameters: {'Bucket': 'fin-scraping-bucket', 'Region': 'us-east-1', 'UseFIPS': False, 'UseDualStack': False, 'Endpoint': 'https://3c5636b6cfe0011ec1887ff62b057097.r2.cloudflarestorage.com', 'ForcePathStyle': True, 'Accelerate': False, 'UseGlobalEndpoint': True, 'Key': 'CORZ/2021-12-31/core-scientific-announces-full-fiscal-year-2021-results/core-scientific-announces-full-fiscal-year-2021-results', 'DisableMultiRegionAccessPoints': False, 'UseArnRegion': True}
2025-03-23 23:54:54,580 [DEBUG] Endpoint provider result: https://3c5636b6cfe0011ec1887ff62b057097.r2.cloudflarestorage.com/fin-scraping-bucket
2025-03-23 23:54:54,581 [DEBUG] Selecting from endpoint provider's list of auth schemes: "sigv4". User selected auth scheme is: "None"
2025-03-23 23:54:54,581 [DEBUG] Selected auth type "v4" as "v4" with signing context params: {'region': 'us-east-1', 'signing_name': 's3', 'disableDoubleEncoding': True}
2025-03-23 23:54:54,582 [DEBUG] Event before-call.s3.PutObject: calling handler <function add_expect_header at 0x7e639f146ca0>
2025-03-23 23:54:54,582 [DEBUG] Adding expect 100 continue header to request.
2025-03-23 23:54:54,582 [DEBUG] Event before-call.s3.PutObject: calling handler <bound method S3ExpressIdentityResolver.apply_signing_cache_key of <botocore.utils.S3ExpressIdentityResolver object at 0x7e63984d0da0>>
2025-03-23 23:54:54,582 [DEBUG] Event before-call.s3.PutObject: calling handler <function add_recursion_detection_header at 0x7e639f145b20>
2025-03-23 23:54:54,583 [DEBUG] Event before-call.s3.PutObject: calling handler <function add_query_compatibility_header at 0x7e639f16d1c0>
2025-03-23 23:54:54,583 [DEBUG] Event before-call.s3.PutObject: calling handler <function inject_api_version_header_if_needed at 0x7e639f16c220>
2025-03-23 23:54:54,583 [DEBUG] Making request for OperationModel(name=PutObject) with params: {'url_path': '/CORZ/2021-12-31/core-scientific-announces-full-fiscal-year-2021-results/core-scientific-announces-full-fiscal-year-2021-results', 'query_string': {}, 'method': 'PUT', 'headers': {'User-Agent': 'Boto3/1.37.16 md/Botocore#1.37.17 ua/2.1 os/linux#6.11.0-19-generic md/arch#x86_64 lang/python#3.12.3 md/pyimpl#CPython m/N cfg/retry-mode#legacy Botocore/1.37.17', 'Expect': '100-continue', 'Transfer-Encoding': 'chunked', 'Content-Encoding': 'aws-chunked', 'X-Amz-Trailer': 'x-amz-checksum-crc32', 'X-Amz-Decoded-Content-Length': '198717', 'x-amz-sdk-checksum-algorithm': 'CRC32'}, 'body': <botocore.httpchecksum.AwsChunkedWrapper object at 0x7e63984d17c0>, 'auth_path': '/fin-scraping-bucket/CORZ/2021-12-31/core-scientific-announces-full-fiscal-year-2021-results/core-scientific-announces-full-fiscal-year-2021-results', 'url': 'https://3c5636b6cfe0011ec1887ff62b057097.r2.cloudflarestorage.com/fin-scraping-bucket/CORZ/2021-12-31/core-scientific-announces-full-fiscal-year-2021-results/core-scientific-announces-full-fiscal-year-2021-results', 'context': {'client_region': 'us-east-1', 'client_config': <botocore.config.Config object at 0x7e639b286930>, 'has_streaming_input': True, 'auth_type': 'v4', 'unsigned_payload': None, 's3_redirect': {'redirected': False, 'bucket': 'fin-scraping-bucket', 'params': {'Bucket': 'fin-scraping-bucket', 'Key': 'CORZ/2021-12-31/core-scientific-announces-full-fiscal-year-2021-results/core-scientific-announces-full-fiscal-year-2021-results', 'Body': <_io.BufferedReader name='downloads/core-scientific-announces-full-fiscal-year-2021-results'>}}, 'input_params': {'Bucket': 'fin-scraping-bucket', 'Key': 'CORZ/2021-12-31/core-scientific-announces-full-fiscal-year-2021-results/core-scientific-announces-full-fiscal-year-2021-results'}, 'signing': {'region': 'us-east-1', 'signing_name': 's3', 'disableDoubleEncoding': True}, 'endpoint_properties': {'authSchemes': [{'disableDoubleEncoding': True, 'name': 'sigv4', 'signingName': 's3', 'signingRegion': 'us-east-1'}]}, 'checksum': {'request_algorithm_header': {'name': 'x-amz-sdk-checksum-algorithm', 'value': 'CRC32'}, 'request_algorithm': {'algorithm': 'crc32', 'in': 'trailer', 'name': 'x-amz-checksum-crc32'}}}}
2025-03-23 23:54:54,584 [DEBUG] Event request-created.s3.PutObject: calling handler <bound method RequestSigner.handler of <botocore.signers.RequestSigner object at 0x7e639b285f10>>
2025-03-23 23:54:54,584 [DEBUG] Event choose-signer.s3.PutObject: calling handler <bound method ClientCreator._default_s3_presign_to_sigv2 of <botocore.client.ClientCreator object at 0x7e6398f4c620>>
2025-03-23 23:54:54,585 [DEBUG] Event choose-signer.s3.PutObject: calling handler <function set_operation_specific_signer at 0x7e639f146520>
2025-03-23 23:54:54,585 [DEBUG] Event before-sign.s3.PutObject: calling handler <function remove_arn_from_signing_path at 0x7e639f16cc20>
2025-03-23 23:54:54,585 [DEBUG] Event before-sign.s3.PutObject: calling handler <function _set_extra_headers_for_unsigned_request at 0x7e639f16d300>
2025-03-23 23:54:54,585 [DEBUG] Event before-sign.s3.PutObject: calling handler <bound method S3ExpressIdentityResolver.resolve_s3express_identity of <botocore.utils.S3ExpressIdentityResolver object at 0x7e63984d0da0>>
2025-03-23 23:54:54,586 [DEBUG] Calculating signature using v4 auth.
2025-03-23 23:54:54,586 [DEBUG] CanonicalRequest:
PUT
/fin-scraping-bucket/CORZ/2021-12-31/core-scientific-announces-full-fiscal-year-2021-results/core-scientific-announces-full-fiscal-year-2021-results

content-encoding:aws-chunked
host:3c5636b6cfe0011ec1887ff62b057097.r2.cloudflarestorage.com
x-amz-content-sha256:STREAMING-UNSIGNED-PAYLOAD-TRAILER
x-amz-date:20250323T185454Z
x-amz-decoded-content-length:198717
x-amz-sdk-checksum-algorithm:CRC32
x-amz-trailer:x-amz-checksum-crc32

content-encoding;host;x-amz-content-sha256;x-amz-date;x-amz-decoded-content-length;x-amz-sdk-checksum-algorithm;x-amz-trailer
STREAMING-UNSIGNED-PAYLOAD-TRAILER
2025-03-23 23:54:54,586 [DEBUG] StringToSign:
AWS4-HMAC-SHA256
20250323T185454Z
20250323/us-east-1/s3/aws4_request
2aaf284212a34a484fc599920099e381a011bd629735b708f54fc98801ff903d
2025-03-23 23:54:54,586 [DEBUG] Signature:
cf10c110b7b569fde0714959ba03ce00de7e06384e2c5144af34bf2b5201a789
2025-03-23 23:54:54,587 [DEBUG] Event request-created.s3.PutObject: calling handler <bound method UserAgentString.rebuild_and_replace_user_agent_handler of <botocore.useragent.UserAgentString object at 0x7e63984d09e0>>
2025-03-23 23:54:54,587 [DEBUG] Event request-created.s3.PutObject: calling handler <function add_retry_headers at 0x7e639f16ca40>
2025-03-23 23:54:54,588 [DEBUG] Sending http request: <AWSPreparedRequest stream_output=False, method=PUT, url=https://3c5636b6cfe0011ec1887ff62b057097.r2.cloudflarestorage.com/fin-scraping-bucket/CORZ/2021-12-31/core-scientific-announces-full-fiscal-year-2021-results/core-scientific-announces-full-fiscal-year-2021-results, headers={'User-Agent': b'Boto3/1.37.16 md/Botocore#1.37.17 ua/2.1 os/linux#6.11.0-19-generic md/arch#x86_64 lang/python#3.12.3 md/pyimpl#CPython m/N cfg/retry-mode#legacy Botocore/1.37.17', 'Expect': b'100-continue', 'Transfer-Encoding': b'chunked', 'Content-Encoding': b'aws-chunked', 'X-Amz-Trailer': b'x-amz-checksum-crc32', 'X-Amz-Decoded-Content-Length': b'198717', 'x-amz-sdk-checksum-algorithm': b'CRC32', 'X-Amz-Date': b'20250323T185454Z', 'X-Amz-Content-SHA256': b'STREAMING-UNSIGNED-PAYLOAD-TRAILER', 'Authorization': b'AWS4-HMAC-SHA256 Credential=f1ac1dc043a240f996be558cfba72868/20250323/us-east-1/s3/aws4_request, SignedHeaders=content-encoding;host;x-amz-content-sha256;x-amz-date;x-amz-decoded-content-length;x-amz-sdk-checksum-algorithm;x-amz-trailer, Signature=cf10c110b7b569fde0714959ba03ce00de7e06384e2c5144af34bf2b5201a789', 'amz-sdk-invocation-id': b'44733d07-7e78-49d1-b336-f3f155a327eb', 'amz-sdk-request': b'attempt=1'}>
2025-03-23 23:54:54,589 [DEBUG] Certificate path: /home/syed-hassan-ul-haq/repos/fin_scraper/venv/lib/python3.12/site-packages/certifi/cacert.pem
2025-03-23 23:54:54,589 [DEBUG] Starting new HTTPS connection (1): 3c5636b6cfe0011ec1887ff62b057097.r2.cloudflarestorage.com:443
2025-03-23 23:54:54,698 [DEBUG] Waiting for 100 Continue response.
2025-03-23 23:54:54,712 [DEBUG] 100 Continue response seen, now sending request body.
2025-03-23 23:54:58,058 [DEBUG] https://3c5636b6cfe0011ec1887ff62b057097.r2.cloudflarestorage.com:443 "PUT /fin-scraping-bucket/CORZ/2021-12-31/core-scientific-announces-full-fiscal-year-2021-results/core-scientific-announces-full-fiscal-year-2021-results HTTP/1.1" 200 0
2025-03-23 23:54:58,060 [DEBUG] Event before-parse.s3.PutObject: calling handler <function _handle_200_error at 0x7e639f16cfe0>
2025-03-23 23:54:58,066 [DEBUG] Event before-parse.s3.PutObject: calling handler <function handle_expires_header at 0x7e639f16ce00>
2025-03-23 23:54:58,066 [DEBUG] Response headers: {'Date': 'Sun, 23 Mar 2025 18:54:58 GMT', 'Content-Type': 'text/plain;charset=UTF-8', 'Content-Length': '0', 'Connection': 'keep-alive', 'ETag': '"c0ee9c2ca7d78c0568b371471ef3c59b"', 'x-amz-checksum-crc32': 'qw51Qg==', 'x-amz-version-id': '7e6a3ba45b5902e381a91543d7f34271', 'Vary': 'Accept-Encoding', 'Server': 'cloudflare', 'CF-RAY': '925023d80c6021ec-KHI'}
2025-03-23 23:54:58,067 [DEBUG] Response body:
b''
2025-03-23 23:54:58,075 [DEBUG] Event needs-retry.s3.PutObject: calling handler <function _update_status_code at 0x7e639f16d120>
2025-03-23 23:54:58,076 [DEBUG] Event needs-retry.s3.PutObject: calling handler <botocore.retryhandler.RetryHandler object at 0x7e63984d0ef0>
2025-03-23 23:54:58,078 [DEBUG] No retry needed.
2025-03-23 23:54:58,079 [DEBUG] Event needs-retry.s3.PutObject: calling handler <bound method S3RegionRedirectorv2.redirect_from_error of <botocore.utils.S3RegionRedirectorv2 object at 0x7e63984d08f0>>
2025-03-23 23:54:58,097 [DEBUG] Constructed data object: {'file_name': 'core-scientific-announces-full-fiscal-year-2021-results', 'file_type': 'html', 'published_date': '2021-12-31', 'url': 'https://3c5636b6cfe0011ec1887ff62b057097.r2.cloudflarestorage.com/fin-scraping-bucket/CORZ/2021-12-31/core-scientific-announces-full-fiscal-year-2021-results/core-scientific-announces-full-fiscal-year-2021-results', 'content_type': ['sec_filing', 'financial_filing', 'presentation', '10-K']}
2025-03-23 23:54:58,110 [DEBUG] Starting new HTTPS connection (1): d1io3yog0oux5.cloudfront.net:443
2025-03-23 23:54:58,241 [DEBUG] https://d1io3yog0oux5.cloudfront.net:443 "GET /_1809aef3bf74227ab43f8f02a5800c1a/corescientific/news/2022-03-29_Core_Scientific_Announces_Full_Fiscal_Year_2021_32.pdf HTTP/1.1" 200 259321
2025-03-23 23:54:58,377 [DEBUG] Changing event name from creating-client-class.iot-data to creating-client-class.iot-data-plane
2025-03-23 23:54:58,390 [DEBUG] Changing event name from before-call.apigateway to before-call.api-gateway
2025-03-23 23:54:58,393 [DEBUG] Changing event name from request-created.machinelearning.Predict to request-created.machine-learning.Predict
2025-03-23 23:54:58,399 [DEBUG] Changing event name from before-parameter-build.autoscaling.CreateLaunchConfiguration to before-parameter-build.auto-scaling.CreateLaunchConfiguration
2025-03-23 23:54:58,400 [DEBUG] Changing event name from before-parameter-build.route53 to before-parameter-build.route-53
2025-03-23 23:54:58,403 [DEBUG] Changing event name from request-created.cloudsearchdomain.Search to request-created.cloudsearch-domain.Search
2025-03-23 23:54:58,407 [DEBUG] Changing event name from docs.*.autoscaling.CreateLaunchConfiguration.complete-section to docs.*.auto-scaling.CreateLaunchConfiguration.complete-section
2025-03-23 23:54:58,421 [DEBUG] Changing event name from before-parameter-build.logs.CreateExportTask to before-parameter-build.cloudwatch-logs.CreateExportTask
2025-03-23 23:54:58,423 [DEBUG] Changing event name from docs.*.logs.CreateExportTask.complete-section to docs.*.cloudwatch-logs.CreateExportTask.complete-section
2025-03-23 23:54:58,423 [DEBUG] Changing event name from before-parameter-build.cloudsearchdomain.Search to before-parameter-build.cloudsearch-domain.Search
2025-03-23 23:54:58,424 [DEBUG] Changing event name from docs.*.cloudsearchdomain.Search.complete-section to docs.*.cloudsearch-domain.Search.complete-section
2025-03-23 23:54:58,434 [DEBUG] Loading JSON file: /home/syed-hassan-ul-haq/repos/fin_scraper/venv/lib/python3.12/site-packages/botocore/data/endpoints.json
2025-03-23 23:54:58,527 [DEBUG] Loading JSON file: /home/syed-hassan-ul-haq/repos/fin_scraper/venv/lib/python3.12/site-packages/botocore/data/sdk-default-configuration.json
2025-03-23 23:54:58,528 [DEBUG] Event choose-service-name: calling handler <function handle_service_name_alias at 0x7e639f144b80>
2025-03-23 23:54:58,605 [DEBUG] Loading JSON file: /home/syed-hassan-ul-haq/repos/fin_scraper/venv/lib/python3.12/site-packages/botocore/data/s3/2006-03-01/service-2.json.gz
2025-03-23 23:54:58,621 [DEBUG] Loading JSON file: /home/syed-hassan-ul-haq/repos/fin_scraper/venv/lib/python3.12/site-packages/botocore/data/s3/2006-03-01/service-2.sdk-extras.json
2025-03-23 23:54:58,658 [DEBUG] Loading JSON file: /home/syed-hassan-ul-haq/repos/fin_scraper/venv/lib/python3.12/site-packages/botocore/data/s3/2006-03-01/endpoint-rule-set-1.json.gz
2025-03-23 23:54:58,669 [DEBUG] Loading JSON file: /home/syed-hassan-ul-haq/repos/fin_scraper/venv/lib/python3.12/site-packages/botocore/data/partitions.json
2025-03-23 23:54:58,734 [DEBUG] Event creating-client-class.s3: calling handler <function add_generate_presigned_post at 0x7e639f2d2700>
2025-03-23 23:54:58,734 [DEBUG] Event creating-client-class.s3: calling handler <function lazy_call.<locals>._handler at 0x7e639bafdda0>
2025-03-23 23:54:58,734 [DEBUG] Event creating-client-class.s3: calling handler <function add_generate_presigned_url at 0x7e639f2d2480>
2025-03-23 23:54:58,737 [DEBUG] Setting s3 timeout as (60, 60)
2025-03-23 23:54:58,741 [DEBUG] Loading JSON file: /home/syed-hassan-ul-haq/repos/fin_scraper/venv/lib/python3.12/site-packages/botocore/data/_retry.json
2025-03-23 23:54:58,742 [DEBUG] Registering retry handlers for service: s3
2025-03-23 23:54:58,743 [DEBUG] Registering S3 region redirector handler
2025-03-23 23:54:58,744 [DEBUG] Registering S3Express Identity Resolver
2025-03-23 23:54:58,746 [DEBUG] Event before-parameter-build.s3.PutObject: calling handler <function validate_ascii_metadata at 0x7e639f1476a0>
2025-03-23 23:54:58,746 [DEBUG] Event before-parameter-build.s3.PutObject: calling handler <function sse_md5 at 0x7e639f146980>
2025-03-23 23:54:58,746 [DEBUG] Event before-parameter-build.s3.PutObject: calling handler <function convert_body_to_file_like_object at 0x7e639f16c0e0>
2025-03-23 23:54:58,747 [DEBUG] Event before-parameter-build.s3.PutObject: calling handler <function validate_bucket_name at 0x7e639f1468e0>
2025-03-23 23:54:58,747 [DEBUG] Event before-parameter-build.s3.PutObject: calling handler <function remove_bucket_from_url_paths_from_model at 0x7e639f16cae0>
2025-03-23 23:54:58,747 [DEBUG] Event before-parameter-build.s3.PutObject: calling handler <bound method S3RegionRedirectorv2.annotate_request_context of <botocore.utils.S3RegionRedirectorv2 object at 0x7e639d30d8e0>>
2025-03-23 23:54:58,747 [DEBUG] Event before-parameter-build.s3.PutObject: calling handler <bound method ClientCreator._inject_s3_input_parameters of <botocore.client.ClientCreator object at 0x7e6397be9460>>
2025-03-23 23:54:58,747 [DEBUG] Event before-parameter-build.s3.PutObject: calling handler <function generate_idempotent_uuid at 0x7e639f146700>
2025-03-23 23:54:58,748 [DEBUG] Event before-parameter-build.s3.PutObject: calling handler <function _handle_request_validation_mode_member at 0x7e639f16d260>
2025-03-23 23:54:58,748 [DEBUG] Event before-endpoint-resolution.s3: calling handler <function customize_endpoint_resolver_builtins at 0x7e639f16ccc0>
2025-03-23 23:54:58,748 [DEBUG] Event before-endpoint-resolution.s3: calling handler <bound method S3RegionRedirectorv2.redirect_from_cache of <botocore.utils.S3RegionRedirectorv2 object at 0x7e639d30d8e0>>
2025-03-23 23:54:58,749 [DEBUG] Calling endpoint provider with parameters: {'Bucket': 'fin-scraping-bucket', 'Region': 'us-east-1', 'UseFIPS': False, 'UseDualStack': False, 'Endpoint': 'https://3c5636b6cfe0011ec1887ff62b057097.r2.cloudflarestorage.com', 'ForcePathStyle': True, 'Accelerate': False, 'UseGlobalEndpoint': True, 'Key': 'CORZ/2021-12-31/2022-03-29_Core_Scientific_Announces_Full_Fiscal_Year_2021_32.pdf/2022-03-29_Core_Scientific_Announces_Full_Fiscal_Year_2021_32.pdf', 'DisableMultiRegionAccessPoints': False, 'UseArnRegion': True}
2025-03-23 23:54:58,750 [DEBUG] Endpoint provider result: https://3c5636b6cfe0011ec1887ff62b057097.r2.cloudflarestorage.com/fin-scraping-bucket
2025-03-23 23:54:58,751 [DEBUG] Selecting from endpoint provider's list of auth schemes: "sigv4". User selected auth scheme is: "None"
2025-03-23 23:54:58,751 [DEBUG] Selected auth type "v4" as "v4" with signing context params: {'region': 'us-east-1', 'signing_name': 's3', 'disableDoubleEncoding': True}
2025-03-23 23:54:58,752 [DEBUG] Event before-call.s3.PutObject: calling handler <function add_expect_header at 0x7e639f146ca0>
2025-03-23 23:54:58,752 [DEBUG] Adding expect 100 continue header to request.
2025-03-23 23:54:58,752 [DEBUG] Event before-call.s3.PutObject: calling handler <bound method S3ExpressIdentityResolver.apply_signing_cache_key of <botocore.utils.S3ExpressIdentityResolver object at 0x7e639d30ee10>>
2025-03-23 23:54:58,752 [DEBUG] Event before-call.s3.PutObject: calling handler <function add_recursion_detection_header at 0x7e639f145b20>
2025-03-23 23:54:58,753 [DEBUG] Event before-call.s3.PutObject: calling handler <function add_query_compatibility_header at 0x7e639f16d1c0>
2025-03-23 23:54:58,753 [DEBUG] Event before-call.s3.PutObject: calling handler <function inject_api_version_header_if_needed at 0x7e639f16c220>
2025-03-23 23:54:58,753 [DEBUG] Making request for OperationModel(name=PutObject) with params: {'url_path': '/CORZ/2021-12-31/2022-03-29_Core_Scientific_Announces_Full_Fiscal_Year_2021_32.pdf/2022-03-29_Core_Scientific_Announces_Full_Fiscal_Year_2021_32.pdf', 'query_string': {}, 'method': 'PUT', 'headers': {'User-Agent': 'Boto3/1.37.16 md/Botocore#1.37.17 ua/2.1 os/linux#6.11.0-19-generic md/arch#x86_64 lang/python#3.12.3 md/pyimpl#CPython m/N cfg/retry-mode#legacy Botocore/1.37.17', 'Expect': '100-continue', 'Transfer-Encoding': 'chunked', 'Content-Encoding': 'aws-chunked', 'X-Amz-Trailer': 'x-amz-checksum-crc32', 'X-Amz-Decoded-Content-Length': '259321', 'x-amz-sdk-checksum-algorithm': 'CRC32'}, 'body': <botocore.httpchecksum.AwsChunkedWrapper object at 0x7e639d30f020>, 'auth_path': '/fin-scraping-bucket/CORZ/2021-12-31/2022-03-29_Core_Scientific_Announces_Full_Fiscal_Year_2021_32.pdf/2022-03-29_Core_Scientific_Announces_Full_Fiscal_Year_2021_32.pdf', 'url': 'https://3c5636b6cfe0011ec1887ff62b057097.r2.cloudflarestorage.com/fin-scraping-bucket/CORZ/2021-12-31/2022-03-29_Core_Scientific_Announces_Full_Fiscal_Year_2021_32.pdf/2022-03-29_Core_Scientific_Announces_Full_Fiscal_Year_2021_32.pdf', 'context': {'client_region': 'us-east-1', 'client_config': <botocore.config.Config object at 0x7e639b2843b0>, 'has_streaming_input': True, 'auth_type': 'v4', 'unsigned_payload': None, 's3_redirect': {'redirected': False, 'bucket': 'fin-scraping-bucket', 'params': {'Bucket': 'fin-scraping-bucket', 'Key': 'CORZ/2021-12-31/2022-03-29_Core_Scientific_Announces_Full_Fiscal_Year_2021_32.pdf/2022-03-29_Core_Scientific_Announces_Full_Fiscal_Year_2021_32.pdf', 'Body': <_io.BufferedReader name='downloads/2022-03-29_Core_Scientific_Announces_Full_Fiscal_Year_2021_32.pdf'>}}, 'input_params': {'Bucket': 'fin-scraping-bucket', 'Key': 'CORZ/2021-12-31/2022-03-29_Core_Scientific_Announces_Full_Fiscal_Year_2021_32.pdf/2022-03-29_Core_Scientific_Announces_Full_Fiscal_Year_2021_32.pdf'}, 'signing': {'region': 'us-east-1', 'signing_name': 's3', 'disableDoubleEncoding': True}, 'endpoint_properties': {'authSchemes': [{'disableDoubleEncoding': True, 'name': 'sigv4', 'signingName': 's3', 'signingRegion': 'us-east-1'}]}, 'checksum': {'request_algorithm_header': {'name': 'x-amz-sdk-checksum-algorithm', 'value': 'CRC32'}, 'request_algorithm': {'algorithm': 'crc32', 'in': 'trailer', 'name': 'x-amz-checksum-crc32'}}}}
2025-03-23 23:54:58,754 [DEBUG] Event request-created.s3.PutObject: calling handler <bound method RequestSigner.handler of <botocore.signers.RequestSigner object at 0x7e639b284650>>
2025-03-23 23:54:58,755 [DEBUG] Event choose-signer.s3.PutObject: calling handler <bound method ClientCreator._default_s3_presign_to_sigv2 of <botocore.client.ClientCreator object at 0x7e6397be9460>>
2025-03-23 23:54:58,755 [DEBUG] Event choose-signer.s3.PutObject: calling handler <function set_operation_specific_signer at 0x7e639f146520>
2025-03-23 23:54:58,755 [DEBUG] Event before-sign.s3.PutObject: calling handler <function remove_arn_from_signing_path at 0x7e639f16cc20>
2025-03-23 23:54:58,755 [DEBUG] Event before-sign.s3.PutObject: calling handler <function _set_extra_headers_for_unsigned_request at 0x7e639f16d300>
2025-03-23 23:54:58,756 [DEBUG] Event before-sign.s3.PutObject: calling handler <bound method S3ExpressIdentityResolver.resolve_s3express_identity of <botocore.utils.S3ExpressIdentityResolver object at 0x7e639d30ee10>>
2025-03-23 23:54:58,756 [DEBUG] Calculating signature using v4 auth.
2025-03-23 23:54:58,756 [DEBUG] CanonicalRequest:
PUT
/fin-scraping-bucket/CORZ/2021-12-31/2022-03-29_Core_Scientific_Announces_Full_Fiscal_Year_2021_32.pdf/2022-03-29_Core_Scientific_Announces_Full_Fiscal_Year_2021_32.pdf

content-encoding:aws-chunked
host:3c5636b6cfe0011ec1887ff62b057097.r2.cloudflarestorage.com
x-amz-content-sha256:STREAMING-UNSIGNED-PAYLOAD-TRAILER
x-amz-date:20250323T185458Z
x-amz-decoded-content-length:259321
x-amz-sdk-checksum-algorithm:CRC32
x-amz-trailer:x-amz-checksum-crc32

content-encoding;host;x-amz-content-sha256;x-amz-date;x-amz-decoded-content-length;x-amz-sdk-checksum-algorithm;x-amz-trailer
STREAMING-UNSIGNED-PAYLOAD-TRAILER
2025-03-23 23:54:58,757 [DEBUG] StringToSign:
AWS4-HMAC-SHA256
20250323T185458Z
20250323/us-east-1/s3/aws4_request
d12d4c332a247c0bdda4557c3f6beccf3e89a1e0c6f19dc3f033be2116681a9b
2025-03-23 23:54:58,757 [DEBUG] Signature:
9bda3368cbaace5aadb504ef3d2f699c56ceadb56d4d614720b00edede89794f
2025-03-23 23:54:58,757 [DEBUG] Event request-created.s3.PutObject: calling handler <bound method UserAgentString.rebuild_and_replace_user_agent_handler of <botocore.useragent.UserAgentString object at 0x7e639d30f890>>
2025-03-23 23:54:58,758 [DEBUG] Event request-created.s3.PutObject: calling handler <function add_retry_headers at 0x7e639f16ca40>
2025-03-23 23:54:58,758 [DEBUG] Sending http request: <AWSPreparedRequest stream_output=False, method=PUT, url=https://3c5636b6cfe0011ec1887ff62b057097.r2.cloudflarestorage.com/fin-scraping-bucket/CORZ/2021-12-31/2022-03-29_Core_Scientific_Announces_Full_Fiscal_Year_2021_32.pdf/2022-03-29_Core_Scientific_Announces_Full_Fiscal_Year_2021_32.pdf, headers={'User-Agent': b'Boto3/1.37.16 md/Botocore#1.37.17 ua/2.1 os/linux#6.11.0-19-generic md/arch#x86_64 lang/python#3.12.3 md/pyimpl#CPython m/N cfg/retry-mode#legacy Botocore/1.37.17', 'Expect': b'100-continue', 'Transfer-Encoding': b'chunked', 'Content-Encoding': b'aws-chunked', 'X-Amz-Trailer': b'x-amz-checksum-crc32', 'X-Amz-Decoded-Content-Length': b'259321', 'x-amz-sdk-checksum-algorithm': b'CRC32', 'X-Amz-Date': b'20250323T185458Z', 'X-Amz-Content-SHA256': b'STREAMING-UNSIGNED-PAYLOAD-TRAILER', 'Authorization': b'AWS4-HMAC-SHA256 Credential=f1ac1dc043a240f996be558cfba72868/20250323/us-east-1/s3/aws4_request, SignedHeaders=content-encoding;host;x-amz-content-sha256;x-amz-date;x-amz-decoded-content-length;x-amz-sdk-checksum-algorithm;x-amz-trailer, Signature=9bda3368cbaace5aadb504ef3d2f699c56ceadb56d4d614720b00edede89794f', 'amz-sdk-invocation-id': b'59aa5251-756a-4a2c-9efb-dd56bf84c67d', 'amz-sdk-request': b'attempt=1'}>
2025-03-23 23:54:58,759 [DEBUG] Certificate path: /home/syed-hassan-ul-haq/repos/fin_scraper/venv/lib/python3.12/site-packages/certifi/cacert.pem
2025-03-23 23:54:58,760 [DEBUG] Starting new HTTPS connection (1): 3c5636b6cfe0011ec1887ff62b057097.r2.cloudflarestorage.com:443
2025-03-23 23:54:58,874 [DEBUG] Waiting for 100 Continue response.
2025-03-23 23:54:58,883 [DEBUG] 100 Continue response seen, now sending request body.
2025-03-23 23:55:01,813 [DEBUG] https://3c5636b6cfe0011ec1887ff62b057097.r2.cloudflarestorage.com:443 "PUT /fin-scraping-bucket/CORZ/2021-12-31/2022-03-29_Core_Scientific_Announces_Full_Fiscal_Year_2021_32.pdf/2022-03-29_Core_Scientific_Announces_Full_Fiscal_Year_2021_32.pdf HTTP/1.1" 200 0
2025-03-23 23:55:01,814 [DEBUG] Event before-parse.s3.PutObject: calling handler <function _handle_200_error at 0x7e639f16cfe0>
2025-03-23 23:55:01,815 [DEBUG] Event before-parse.s3.PutObject: calling handler <function handle_expires_header at 0x7e639f16ce00>
2025-03-23 23:55:01,815 [DEBUG] Response headers: {'Date': 'Sun, 23 Mar 2025 18:55:01 GMT', 'Content-Type': 'text/plain;charset=UTF-8', 'Content-Length': '0', 'Connection': 'keep-alive', 'ETag': '"706f1918ec5f1a38af77940f3b09fa1d"', 'x-amz-checksum-crc32': 'ZtHWZA==', 'x-amz-version-id': '7e6a3ba44aab3c5332d327de9838b185', 'Vary': 'Accept-Encoding', 'Server': 'cloudflare', 'CF-RAY': '925023f219e721f5-KHI'}
2025-03-23 23:55:01,815 [DEBUG] Response body:
b''
2025-03-23 23:55:01,817 [DEBUG] Event needs-retry.s3.PutObject: calling handler <function _update_status_code at 0x7e639f16d120>
2025-03-23 23:55:01,817 [DEBUG] Event needs-retry.s3.PutObject: calling handler <botocore.retryhandler.RetryHandler object at 0x7e639d30e690>
2025-03-23 23:55:01,818 [DEBUG] No retry needed.
2025-03-23 23:55:01,818 [DEBUG] Event needs-retry.s3.PutObject: calling handler <bound method S3RegionRedirectorv2.redirect_from_error of <botocore.utils.S3RegionRedirectorv2 object at 0x7e639d30d8e0>>
2025-03-23 23:55:01,826 [DEBUG] Constructed data object: {'file_name': '2022-03-29_Core_Scientific_Announces_Full_Fiscal_Year_2021_32.pdf', 'file_type': 'pdf', 'published_date': '2021-12-31', 'url': 'https://3c5636b6cfe0011ec1887ff62b057097.r2.cloudflarestorage.com/fin-scraping-bucket/CORZ/2021-12-31/2022-03-29_Core_Scientific_Announces_Full_Fiscal_Year_2021_32.pdf/2022-03-29_Core_Scientific_Announces_Full_Fiscal_Year_2021_32.pdf', 'content_type': ['sec_filing', 'financial_filing', 'presentation', '10-K']}
2025-03-23 23:55:01,831 [DEBUG] Starting new HTTPS connection (1): d1io3yog0oux5.cloudfront.net:443
2025-03-23 23:55:02,039 [DEBUG] https://d1io3yog0oux5.cloudfront.net:443 "GET /_1809aef3bf74227ab43f8f02a5800c1a/corescientific/db/946/9122/presentation/FINAL-CORZ-FY21-Earnings-Slides-032922-%281%29.pdf HTTP/1.1" 200 2874459
2025-03-23 23:55:04,954 [DEBUG] Changing event name from creating-client-class.iot-data to creating-client-class.iot-data-plane
2025-03-23 23:55:04,963 [DEBUG] Changing event name from before-call.apigateway to before-call.api-gateway
2025-03-23 23:55:04,966 [DEBUG] Changing event name from request-created.machinelearning.Predict to request-created.machine-learning.Predict
2025-03-23 23:55:04,974 [DEBUG] Changing event name from before-parameter-build.autoscaling.CreateLaunchConfiguration to before-parameter-build.auto-scaling.CreateLaunchConfiguration
2025-03-23 23:55:04,975 [DEBUG] Changing event name from before-parameter-build.route53 to before-parameter-build.route-53
2025-03-23 23:55:04,979 [DEBUG] Changing event name from request-created.cloudsearchdomain.Search to request-created.cloudsearch-domain.Search
2025-03-23 23:55:04,983 [DEBUG] Changing event name from docs.*.autoscaling.CreateLaunchConfiguration.complete-section to docs.*.auto-scaling.CreateLaunchConfiguration.complete-section
2025-03-23 23:55:04,997 [DEBUG] Changing event name from before-parameter-build.logs.CreateExportTask to before-parameter-build.cloudwatch-logs.CreateExportTask
2025-03-23 23:55:04,998 [DEBUG] Changing event name from docs.*.logs.CreateExportTask.complete-section to docs.*.cloudwatch-logs.CreateExportTask.complete-section
2025-03-23 23:55:04,999 [DEBUG] Changing event name from before-parameter-build.cloudsearchdomain.Search to before-parameter-build.cloudsearch-domain.Search
2025-03-23 23:55:04,999 [DEBUG] Changing event name from docs.*.cloudsearchdomain.Search.complete-section to docs.*.cloudsearch-domain.Search.complete-section
2025-03-23 23:55:05,008 [DEBUG] Loading JSON file: /home/syed-hassan-ul-haq/repos/fin_scraper/venv/lib/python3.12/site-packages/botocore/data/endpoints.json
2025-03-23 23:55:05,100 [DEBUG] Loading JSON file: /home/syed-hassan-ul-haq/repos/fin_scraper/venv/lib/python3.12/site-packages/botocore/data/sdk-default-configuration.json
2025-03-23 23:55:05,101 [DEBUG] Event choose-service-name: calling handler <function handle_service_name_alias at 0x7e639f144b80>
2025-03-23 23:55:05,178 [DEBUG] Loading JSON file: /home/syed-hassan-ul-haq/repos/fin_scraper/venv/lib/python3.12/site-packages/botocore/data/s3/2006-03-01/service-2.json.gz
2025-03-23 23:55:05,199 [DEBUG] Loading JSON file: /home/syed-hassan-ul-haq/repos/fin_scraper/venv/lib/python3.12/site-packages/botocore/data/s3/2006-03-01/service-2.sdk-extras.json
2025-03-23 23:55:05,230 [DEBUG] Loading JSON file: /home/syed-hassan-ul-haq/repos/fin_scraper/venv/lib/python3.12/site-packages/botocore/data/s3/2006-03-01/endpoint-rule-set-1.json.gz
2025-03-23 23:55:05,242 [DEBUG] Loading JSON file: /home/syed-hassan-ul-haq/repos/fin_scraper/venv/lib/python3.12/site-packages/botocore/data/partitions.json
2025-03-23 23:55:05,245 [DEBUG] Event creating-client-class.s3: calling handler <function add_generate_presigned_post at 0x7e639f2d2700>
2025-03-23 23:55:05,245 [DEBUG] Event creating-client-class.s3: calling handler <function lazy_call.<locals>._handler at 0x7e639dd73560>
2025-03-23 23:55:05,245 [DEBUG] Event creating-client-class.s3: calling handler <function add_generate_presigned_url at 0x7e639f2d2480>
2025-03-23 23:55:05,248 [DEBUG] Setting s3 timeout as (60, 60)
2025-03-23 23:55:05,252 [DEBUG] Loading JSON file: /home/syed-hassan-ul-haq/repos/fin_scraper/venv/lib/python3.12/site-packages/botocore/data/_retry.json
2025-03-23 23:55:05,253 [DEBUG] Registering retry handlers for service: s3
2025-03-23 23:55:05,254 [DEBUG] Registering S3 region redirector handler
2025-03-23 23:55:05,255 [DEBUG] Registering S3Express Identity Resolver
2025-03-23 23:55:05,257 [DEBUG] Event before-parameter-build.s3.PutObject: calling handler <function validate_ascii_metadata at 0x7e639f1476a0>
2025-03-23 23:55:05,258 [DEBUG] Event before-parameter-build.s3.PutObject: calling handler <function sse_md5 at 0x7e639f146980>
2025-03-23 23:55:05,258 [DEBUG] Event before-parameter-build.s3.PutObject: calling handler <function convert_body_to_file_like_object at 0x7e639f16c0e0>
2025-03-23 23:55:05,258 [DEBUG] Event before-parameter-build.s3.PutObject: calling handler <function validate_bucket_name at 0x7e639f1468e0>
2025-03-23 23:55:05,258 [DEBUG] Event before-parameter-build.s3.PutObject: calling handler <function remove_bucket_from_url_paths_from_model at 0x7e639f16cae0>
2025-03-23 23:55:05,258 [DEBUG] Event before-parameter-build.s3.PutObject: calling handler <bound method S3RegionRedirectorv2.annotate_request_context of <botocore.utils.S3RegionRedirectorv2 object at 0x7e639a6c53d0>>
2025-03-23 23:55:05,259 [DEBUG] Event before-parameter-build.s3.PutObject: calling handler <bound method ClientCreator._inject_s3_input_parameters of <botocore.client.ClientCreator object at 0x7e639e494b90>>
2025-03-23 23:55:05,259 [DEBUG] Event before-parameter-build.s3.PutObject: calling handler <function generate_idempotent_uuid at 0x7e639f146700>
2025-03-23 23:55:05,259 [DEBUG] Event before-parameter-build.s3.PutObject: calling handler <function _handle_request_validation_mode_member at 0x7e639f16d260>
2025-03-23 23:55:05,260 [DEBUG] Event before-endpoint-resolution.s3: calling handler <function customize_endpoint_resolver_builtins at 0x7e639f16ccc0>
2025-03-23 23:55:05,260 [DEBUG] Event before-endpoint-resolution.s3: calling handler <bound method S3RegionRedirectorv2.redirect_from_cache of <botocore.utils.S3RegionRedirectorv2 object at 0x7e639a6c53d0>>
2025-03-23 23:55:05,260 [DEBUG] Calling endpoint provider with parameters: {'Bucket': 'fin-scraping-bucket', 'Region': 'us-east-1', 'UseFIPS': False, 'UseDualStack': False, 'Endpoint': 'https://3c5636b6cfe0011ec1887ff62b057097.r2.cloudflarestorage.com', 'ForcePathStyle': True, 'Accelerate': False, 'UseGlobalEndpoint': True, 'Key': 'CORZ/2021-12-31/FINAL-CORZ-FY21-Earnings-Slides-032922-%281%29.pdf/FINAL-CORZ-FY21-Earnings-Slides-032922-%281%29.pdf', 'DisableMultiRegionAccessPoints': False, 'UseArnRegion': True}
2025-03-23 23:55:05,261 [DEBUG] Endpoint provider result: https://3c5636b6cfe0011ec1887ff62b057097.r2.cloudflarestorage.com/fin-scraping-bucket
2025-03-23 23:55:05,262 [DEBUG] Selecting from endpoint provider's list of auth schemes: "sigv4". User selected auth scheme is: "None"
2025-03-23 23:55:05,262 [DEBUG] Selected auth type "v4" as "v4" with signing context params: {'region': 'us-east-1', 'signing_name': 's3', 'disableDoubleEncoding': True}
2025-03-23 23:55:05,263 [DEBUG] Event before-call.s3.PutObject: calling handler <function add_expect_header at 0x7e639f146ca0>
2025-03-23 23:55:05,263 [DEBUG] Adding expect 100 continue header to request.
2025-03-23 23:55:05,263 [DEBUG] Event before-call.s3.PutObject: calling handler <bound method S3ExpressIdentityResolver.apply_signing_cache_key of <botocore.utils.S3ExpressIdentityResolver object at 0x7e639a6c4b60>>
2025-03-23 23:55:05,263 [DEBUG] Event before-call.s3.PutObject: calling handler <function add_recursion_detection_header at 0x7e639f145b20>
2025-03-23 23:55:05,263 [DEBUG] Event before-call.s3.PutObject: calling handler <function add_query_compatibility_header at 0x7e639f16d1c0>
2025-03-23 23:55:05,264 [DEBUG] Event before-call.s3.PutObject: calling handler <function inject_api_version_header_if_needed at 0x7e639f16c220>
2025-03-23 23:55:05,264 [DEBUG] Making request for OperationModel(name=PutObject) with params: {'url_path': '/CORZ/2021-12-31/FINAL-CORZ-FY21-Earnings-Slides-032922-%25281%2529.pdf/FINAL-CORZ-FY21-Earnings-Slides-032922-%25281%2529.pdf', 'query_string': {}, 'method': 'PUT', 'headers': {'User-Agent': 'Boto3/1.37.16 md/Botocore#1.37.17 ua/2.1 os/linux#6.11.0-19-generic md/arch#x86_64 lang/python#3.12.3 md/pyimpl#CPython m/N cfg/retry-mode#legacy Botocore/1.37.17', 'Expect': '100-continue', 'Transfer-Encoding': 'chunked', 'Content-Encoding': 'aws-chunked', 'X-Amz-Trailer': 'x-amz-checksum-crc32', 'X-Amz-Decoded-Content-Length': '2874459', 'x-amz-sdk-checksum-algorithm': 'CRC32'}, 'body': <botocore.httpchecksum.AwsChunkedWrapper object at 0x7e639a6c72f0>, 'auth_path': '/fin-scraping-bucket/CORZ/2021-12-31/FINAL-CORZ-FY21-Earnings-Slides-032922-%25281%2529.pdf/FINAL-CORZ-FY21-Earnings-Slides-032922-%25281%2529.pdf', 'url': 'https://3c5636b6cfe0011ec1887ff62b057097.r2.cloudflarestorage.com/fin-scraping-bucket/CORZ/2021-12-31/FINAL-CORZ-FY21-Earnings-Slides-032922-%25281%2529.pdf/FINAL-CORZ-FY21-Earnings-Slides-032922-%25281%2529.pdf', 'context': {'client_region': 'us-east-1', 'client_config': <botocore.config.Config object at 0x7e639aa92750>, 'has_streaming_input': True, 'auth_type': 'v4', 'unsigned_payload': None, 's3_redirect': {'redirected': False, 'bucket': 'fin-scraping-bucket', 'params': {'Bucket': 'fin-scraping-bucket', 'Key': 'CORZ/2021-12-31/FINAL-CORZ-FY21-Earnings-Slides-032922-%281%29.pdf/FINAL-CORZ-FY21-Earnings-Slides-032922-%281%29.pdf', 'Body': <_io.BufferedReader name='downloads/FINAL-CORZ-FY21-Earnings-Slides-032922-%281%29.pdf'>}}, 'input_params': {'Bucket': 'fin-scraping-bucket', 'Key': 'CORZ/2021-12-31/FINAL-CORZ-FY21-Earnings-Slides-032922-%281%29.pdf/FINAL-CORZ-FY21-Earnings-Slides-032922-%281%29.pdf'}, 'signing': {'region': 'us-east-1', 'signing_name': 's3', 'disableDoubleEncoding': True}, 'endpoint_properties': {'authSchemes': [{'disableDoubleEncoding': True, 'name': 'sigv4', 'signingName': 's3', 'signingRegion': 'us-east-1'}]}, 'checksum': {'request_algorithm_header': {'name': 'x-amz-sdk-checksum-algorithm', 'value': 'CRC32'}, 'request_algorithm': {'algorithm': 'crc32', 'in': 'trailer', 'name': 'x-amz-checksum-crc32'}}}}
2025-03-23 23:55:05,265 [DEBUG] Event request-created.s3.PutObject: calling handler <bound method RequestSigner.handler of <botocore.signers.RequestSigner object at 0x7e639aa91a00>>
2025-03-23 23:55:05,265 [DEBUG] Event choose-signer.s3.PutObject: calling handler <bound method ClientCreator._default_s3_presign_to_sigv2 of <botocore.client.ClientCreator object at 0x7e639e494b90>>
2025-03-23 23:55:05,266 [DEBUG] Event choose-signer.s3.PutObject: calling handler <function set_operation_specific_signer at 0x7e639f146520>
2025-03-23 23:55:05,266 [DEBUG] Event before-sign.s3.PutObject: calling handler <function remove_arn_from_signing_path at 0x7e639f16cc20>
2025-03-23 23:55:05,266 [DEBUG] Event before-sign.s3.PutObject: calling handler <function _set_extra_headers_for_unsigned_request at 0x7e639f16d300>
2025-03-23 23:55:05,266 [DEBUG] Event before-sign.s3.PutObject: calling handler <bound method S3ExpressIdentityResolver.resolve_s3express_identity of <botocore.utils.S3ExpressIdentityResolver object at 0x7e639a6c4b60>>
2025-03-23 23:55:05,267 [DEBUG] Calculating signature using v4 auth.
2025-03-23 23:55:05,267 [DEBUG] CanonicalRequest:
PUT
/fin-scraping-bucket/CORZ/2021-12-31/FINAL-CORZ-FY21-Earnings-Slides-032922-%25281%2529.pdf/FINAL-CORZ-FY21-Earnings-Slides-032922-%25281%2529.pdf

content-encoding:aws-chunked
host:3c5636b6cfe0011ec1887ff62b057097.r2.cloudflarestorage.com
x-amz-content-sha256:STREAMING-UNSIGNED-PAYLOAD-TRAILER
x-amz-date:20250323T185505Z
x-amz-decoded-content-length:2874459
x-amz-sdk-checksum-algorithm:CRC32
x-amz-trailer:x-amz-checksum-crc32

content-encoding;host;x-amz-content-sha256;x-amz-date;x-amz-decoded-content-length;x-amz-sdk-checksum-algorithm;x-amz-trailer
STREAMING-UNSIGNED-PAYLOAD-TRAILER
2025-03-23 23:55:05,268 [DEBUG] StringToSign:
AWS4-HMAC-SHA256
20250323T185505Z
20250323/us-east-1/s3/aws4_request
c18e804a6ac8f6674646e8bd6b63e47ff26e6b2a76ac03f61bf1c9dd29388a9a
2025-03-23 23:55:05,268 [DEBUG] Signature:
a6f796179e9a4556ab06d0c964cfa46aff7bbf76de375d41f6568a27e9fcb362
2025-03-23 23:55:05,268 [DEBUG] Event request-created.s3.PutObject: calling handler <bound method UserAgentString.rebuild_and_replace_user_agent_handler of <botocore.useragent.UserAgentString object at 0x7e639a6c5220>>
2025-03-23 23:55:05,269 [DEBUG] Event request-created.s3.PutObject: calling handler <function add_retry_headers at 0x7e639f16ca40>
2025-03-23 23:55:05,269 [DEBUG] Sending http request: <AWSPreparedRequest stream_output=False, method=PUT, url=https://3c5636b6cfe0011ec1887ff62b057097.r2.cloudflarestorage.com/fin-scraping-bucket/CORZ/2021-12-31/FINAL-CORZ-FY21-Earnings-Slides-032922-%25281%2529.pdf/FINAL-CORZ-FY21-Earnings-Slides-032922-%25281%2529.pdf, headers={'User-Agent': b'Boto3/1.37.16 md/Botocore#1.37.17 ua/2.1 os/linux#6.11.0-19-generic md/arch#x86_64 lang/python#3.12.3 md/pyimpl#CPython m/N cfg/retry-mode#legacy Botocore/1.37.17', 'Expect': b'100-continue', 'Transfer-Encoding': b'chunked', 'Content-Encoding': b'aws-chunked', 'X-Amz-Trailer': b'x-amz-checksum-crc32', 'X-Amz-Decoded-Content-Length': b'2874459', 'x-amz-sdk-checksum-algorithm': b'CRC32', 'X-Amz-Date': b'20250323T185505Z', 'X-Amz-Content-SHA256': b'STREAMING-UNSIGNED-PAYLOAD-TRAILER', 'Authorization': b'AWS4-HMAC-SHA256 Credential=f1ac1dc043a240f996be558cfba72868/20250323/us-east-1/s3/aws4_request, SignedHeaders=content-encoding;host;x-amz-content-sha256;x-amz-date;x-amz-decoded-content-length;x-amz-sdk-checksum-algorithm;x-amz-trailer, Signature=a6f796179e9a4556ab06d0c964cfa46aff7bbf76de375d41f6568a27e9fcb362', 'amz-sdk-invocation-id': b'd7655f77-a0db-4254-ba07-68c39b92e7bc', 'amz-sdk-request': b'attempt=1'}>
2025-03-23 23:55:05,270 [DEBUG] Certificate path: /home/syed-hassan-ul-haq/repos/fin_scraper/venv/lib/python3.12/site-packages/certifi/cacert.pem
2025-03-23 23:55:05,271 [DEBUG] Starting new HTTPS connection (1): 3c5636b6cfe0011ec1887ff62b057097.r2.cloudflarestorage.com:443
2025-03-23 23:55:05,581 [DEBUG] Waiting for 100 Continue response.
2025-03-23 23:55:05,669 [DEBUG] 100 Continue response seen, now sending request body.
2025-03-23 23:55:09,730 [DEBUG] https://3c5636b6cfe0011ec1887ff62b057097.r2.cloudflarestorage.com:443 "PUT /fin-scraping-bucket/CORZ/2021-12-31/FINAL-CORZ-FY21-Earnings-Slides-032922-%25281%2529.pdf/FINAL-CORZ-FY21-Earnings-Slides-032922-%25281%2529.pdf HTTP/1.1" 200 0
2025-03-23 23:55:09,731 [DEBUG] Event before-parse.s3.PutObject: calling handler <function _handle_200_error at 0x7e639f16cfe0>
2025-03-23 23:55:09,732 [DEBUG] Event before-parse.s3.PutObject: calling handler <function handle_expires_header at 0x7e639f16ce00>
2025-03-23 23:55:09,732 [DEBUG] Response headers: {'Date': 'Sun, 23 Mar 2025 18:55:09 GMT', 'Content-Type': 'text/plain;charset=UTF-8', 'Content-Length': '0', 'Connection': 'keep-alive', 'ETag': '"a2dc973bd4b576003229db9d6a90b9f6"', 'x-amz-checksum-crc32': 'wqByEw==', 'x-amz-version-id': '7e6a3ba43214d1a239e976a3d3d6abd1', 'Vary': 'Accept-Encoding', 'Server': 'cloudflare', 'CF-RAY': '9250241c3b205f54-SIN'}
2025-03-23 23:55:09,733 [DEBUG] Response body:
b''
2025-03-23 23:55:09,735 [DEBUG] Event needs-retry.s3.PutObject: calling handler <function _update_status_code at 0x7e639f16d120>
2025-03-23 23:55:09,735 [DEBUG] Event needs-retry.s3.PutObject: calling handler <botocore.retryhandler.RetryHandler object at 0x7e639a6c4cb0>
2025-03-23 23:55:09,736 [DEBUG] No retry needed.
2025-03-23 23:55:09,736 [DEBUG] Event needs-retry.s3.PutObject: calling handler <bound method S3RegionRedirectorv2.redirect_from_error of <botocore.utils.S3RegionRedirectorv2 object at 0x7e639a6c53d0>>
2025-03-23 23:55:09,743 [DEBUG] Constructed data object: {'file_name': 'FINAL-CORZ-FY21-Earnings-Slides-032922-%281%29.pdf', 'file_type': 'pdf', 'published_date': '2021-12-31', 'url': 'https://3c5636b6cfe0011ec1887ff62b057097.r2.cloudflarestorage.com/fin-scraping-bucket/CORZ/2021-12-31/FINAL-CORZ-FY21-Earnings-Slides-032922-%281%29.pdf/FINAL-CORZ-FY21-Earnings-Slides-032922-%281%29.pdf', 'content_type': ['sec_filing', 'financial_filing', 'presentation', '10-K']}
2025-03-23 23:55:09,749 [DEBUG] Starting new HTTPS connection (1): www.pvh.com:443
2025-03-23 23:55:10,148 [DEBUG] https://www.pvh.com:443 "GET /sec-filings/all-sec-filings/content/0001193125-22-088850/d268076d10k.htm HTTP/1.1" 404 1245
2025-03-23 23:55:10,152 [DEBUG] Changing event name from creating-client-class.iot-data to creating-client-class.iot-data-plane
2025-03-23 23:55:10,161 [DEBUG] Changing event name from before-call.apigateway to before-call.api-gateway
2025-03-23 23:55:10,165 [DEBUG] Changing event name from request-created.machinelearning.Predict to request-created.machine-learning.Predict
2025-03-23 23:55:10,173 [DEBUG] Changing event name from before-parameter-build.autoscaling.CreateLaunchConfiguration to before-parameter-build.auto-scaling.CreateLaunchConfiguration
2025-03-23 23:55:10,174 [DEBUG] Changing event name from before-parameter-build.route53 to before-parameter-build.route-53
2025-03-23 23:55:10,178 [DEBUG] Changing event name from request-created.cloudsearchdomain.Search to request-created.cloudsearch-domain.Search
2025-03-23 23:55:10,183 [DEBUG] Changing event name from docs.*.autoscaling.CreateLaunchConfiguration.complete-section to docs.*.auto-scaling.CreateLaunchConfiguration.complete-section
2025-03-23 23:55:10,198 [DEBUG] Changing event name from before-parameter-build.logs.CreateExportTask to before-parameter-build.cloudwatch-logs.CreateExportTask
2025-03-23 23:55:10,200 [DEBUG] Changing event name from docs.*.logs.CreateExportTask.complete-section to docs.*.cloudwatch-logs.CreateExportTask.complete-section
2025-03-23 23:55:10,201 [DEBUG] Changing event name from before-parameter-build.cloudsearchdomain.Search to before-parameter-build.cloudsearch-domain.Search
2025-03-23 23:55:10,202 [DEBUG] Changing event name from docs.*.cloudsearchdomain.Search.complete-section to docs.*.cloudsearch-domain.Search.complete-section
2025-03-23 23:55:10,210 [DEBUG] Loading JSON file: /home/syed-hassan-ul-haq/repos/fin_scraper/venv/lib/python3.12/site-packages/botocore/data/endpoints.json
2025-03-23 23:55:10,323 [DEBUG] Loading JSON file: /home/syed-hassan-ul-haq/repos/fin_scraper/venv/lib/python3.12/site-packages/botocore/data/sdk-default-configuration.json
2025-03-23 23:55:10,324 [DEBUG] Event choose-service-name: calling handler <function handle_service_name_alias at 0x7e639f144b80>
2025-03-23 23:55:10,425 [DEBUG] Loading JSON file: /home/syed-hassan-ul-haq/repos/fin_scraper/venv/lib/python3.12/site-packages/botocore/data/s3/2006-03-01/service-2.json.gz
2025-03-23 23:55:10,511 [DEBUG] Loading JSON file: /home/syed-hassan-ul-haq/repos/fin_scraper/venv/lib/python3.12/site-packages/botocore/data/s3/2006-03-01/service-2.sdk-extras.json
2025-03-23 23:55:10,549 [DEBUG] Loading JSON file: /home/syed-hassan-ul-haq/repos/fin_scraper/venv/lib/python3.12/site-packages/botocore/data/s3/2006-03-01/endpoint-rule-set-1.json.gz
2025-03-23 23:55:10,560 [DEBUG] Loading JSON file: /home/syed-hassan-ul-haq/repos/fin_scraper/venv/lib/python3.12/site-packages/botocore/data/partitions.json
2025-03-23 23:55:10,563 [DEBUG] Event creating-client-class.s3: calling handler <function add_generate_presigned_post at 0x7e639f2d2700>
2025-03-23 23:55:10,564 [DEBUG] Event creating-client-class.s3: calling handler <function lazy_call.<locals>._handler at 0x7e639a48d3a0>
2025-03-23 23:55:10,564 [DEBUG] Event creating-client-class.s3: calling handler <function add_generate_presigned_url at 0x7e639f2d2480>
2025-03-23 23:55:10,567 [DEBUG] Setting s3 timeout as (60, 60)
2025-03-23 23:55:10,572 [DEBUG] Loading JSON file: /home/syed-hassan-ul-haq/repos/fin_scraper/venv/lib/python3.12/site-packages/botocore/data/_retry.json
2025-03-23 23:55:10,573 [DEBUG] Registering retry handlers for service: s3
2025-03-23 23:55:10,574 [DEBUG] Registering S3 region redirector handler
2025-03-23 23:55:10,576 [DEBUG] Registering S3Express Identity Resolver
2025-03-23 23:55:20,579 [DEBUG] Constructed data object: {'file_name': 'd268076d10k.htm', 'file_type': 'html', 'published_date': '2021-12-31', 'url': None, 'content_type': ['sec_filing', 'financial_filing', 'presentation', '10-K']}
2025-03-23 23:55:20,581 [DEBUG] Starting new HTTPS connection (1): www.pvh.com:443
2025-03-23 23:55:21,555 [DEBUG] https://www.pvh.com:443 "GET /sec-filings/all-sec-filings/content/0001193125-22-088850/0001193125-22-088850.pdf HTTP/1.1" 404 1245
2025-03-23 23:55:21,559 [DEBUG] Changing event name from creating-client-class.iot-data to creating-client-class.iot-data-plane
2025-03-23 23:55:21,567 [DEBUG] Changing event name from before-call.apigateway to before-call.api-gateway
2025-03-23 23:55:21,571 [DEBUG] Changing event name from request-created.machinelearning.Predict to request-created.machine-learning.Predict
2025-03-23 23:55:21,579 [DEBUG] Changing event name from before-parameter-build.autoscaling.CreateLaunchConfiguration to before-parameter-build.auto-scaling.CreateLaunchConfiguration
2025-03-23 23:55:21,579 [DEBUG] Changing event name from before-parameter-build.route53 to before-parameter-build.route-53
2025-03-23 23:55:21,583 [DEBUG] Changing event name from request-created.cloudsearchdomain.Search to request-created.cloudsearch-domain.Search
2025-03-23 23:55:21,588 [DEBUG] Changing event name from docs.*.autoscaling.CreateLaunchConfiguration.complete-section to docs.*.auto-scaling.CreateLaunchConfiguration.complete-section
2025-03-23 23:55:21,604 [DEBUG] Changing event name from before-parameter-build.logs.CreateExportTask to before-parameter-build.cloudwatch-logs.CreateExportTask
2025-03-23 23:55:21,605 [DEBUG] Changing event name from docs.*.logs.CreateExportTask.complete-section to docs.*.cloudwatch-logs.CreateExportTask.complete-section
2025-03-23 23:55:21,606 [DEBUG] Changing event name from before-parameter-build.cloudsearchdomain.Search to before-parameter-build.cloudsearch-domain.Search
2025-03-23 23:55:21,607 [DEBUG] Changing event name from docs.*.cloudsearchdomain.Search.complete-section to docs.*.cloudsearch-domain.Search.complete-section
2025-03-23 23:55:21,617 [DEBUG] Loading JSON file: /home/syed-hassan-ul-haq/repos/fin_scraper/venv/lib/python3.12/site-packages/botocore/data/endpoints.json
2025-03-23 23:55:21,726 [DEBUG] Loading JSON file: /home/syed-hassan-ul-haq/repos/fin_scraper/venv/lib/python3.12/site-packages/botocore/data/sdk-default-configuration.json
2025-03-23 23:55:21,727 [DEBUG] Event choose-service-name: calling handler <function handle_service_name_alias at 0x7e639f144b80>
2025-03-23 23:55:21,810 [DEBUG] Loading JSON file: /home/syed-hassan-ul-haq/repos/fin_scraper/venv/lib/python3.12/site-packages/botocore/data/s3/2006-03-01/service-2.json.gz
2025-03-23 23:55:21,844 [DEBUG] Loading JSON file: /home/syed-hassan-ul-haq/repos/fin_scraper/venv/lib/python3.12/site-packages/botocore/data/s3/2006-03-01/service-2.sdk-extras.json
2025-03-23 23:55:21,882 [DEBUG] Loading JSON file: /home/syed-hassan-ul-haq/repos/fin_scraper/venv/lib/python3.12/site-packages/botocore/data/s3/2006-03-01/endpoint-rule-set-1.json.gz
2025-03-23 23:55:21,893 [DEBUG] Loading JSON file: /home/syed-hassan-ul-haq/repos/fin_scraper/venv/lib/python3.12/site-packages/botocore/data/partitions.json
2025-03-23 23:55:21,895 [DEBUG] Event creating-client-class.s3: calling handler <function add_generate_presigned_post at 0x7e639f2d2700>
2025-03-23 23:55:21,896 [DEBUG] Event creating-client-class.s3: calling handler <function lazy_call.<locals>._handler at 0x7e639dd714e0>
2025-03-23 23:55:21,896 [DEBUG] Event creating-client-class.s3: calling handler <function add_generate_presigned_url at 0x7e639f2d2480>
2025-03-23 23:55:21,900 [DEBUG] Setting s3 timeout as (60, 60)
2025-03-23 23:55:21,905 [DEBUG] Loading JSON file: /home/syed-hassan-ul-haq/repos/fin_scraper/venv/lib/python3.12/site-packages/botocore/data/_retry.json
2025-03-23 23:55:21,907 [DEBUG] Registering retry handlers for service: s3
2025-03-23 23:55:21,908 [DEBUG] Registering S3 region redirector handler
2025-03-23 23:55:21,909 [DEBUG] Registering S3Express Identity Resolver
2025-03-23 23:55:31,911 [DEBUG] Constructed data object: {'file_name': '0001193125-22-088850.pdf', 'file_type': 'html', 'published_date': '2021-12-31', 'url': None, 'content_type': ['sec_filing', 'financial_filing', 'presentation', '10-K']}
2025-03-23 23:55:31,914 [DEBUG] Starting new HTTPS connection (1): www.pvh.com:443
2025-03-23 23:55:33,443 [DEBUG] https://www.pvh.com:443 "GET /sec-filings/all-sec-filings/content/0001193125-22-088850/0001193125-22-088850-xbrl.zip HTTP/1.1" 404 1245
2025-03-23 23:55:33,453 [DEBUG] Changing event name from creating-client-class.iot-data to creating-client-class.iot-data-plane
2025-03-23 23:55:33,464 [DEBUG] Changing event name from before-call.apigateway to before-call.api-gateway
2025-03-23 23:55:33,467 [DEBUG] Changing event name from request-created.machinelearning.Predict to request-created.machine-learning.Predict
2025-03-23 23:55:33,475 [DEBUG] Changing event name from before-parameter-build.autoscaling.CreateLaunchConfiguration to before-parameter-build.auto-scaling.CreateLaunchConfiguration
2025-03-23 23:55:33,477 [DEBUG] Changing event name from before-parameter-build.route53 to before-parameter-build.route-53
2025-03-23 23:55:33,480 [DEBUG] Changing event name from request-created.cloudsearchdomain.Search to request-created.cloudsearch-domain.Search
2025-03-23 23:55:33,485 [DEBUG] Changing event name from docs.*.autoscaling.CreateLaunchConfiguration.complete-section to docs.*.auto-scaling.CreateLaunchConfiguration.complete-section
2025-03-23 23:55:33,500 [DEBUG] Changing event name from before-parameter-build.logs.CreateExportTask to before-parameter-build.cloudwatch-logs.CreateExportTask
2025-03-23 23:55:33,502 [DEBUG] Changing event name from docs.*.logs.CreateExportTask.complete-section to docs.*.cloudwatch-logs.CreateExportTask.complete-section
2025-03-23 23:55:33,502 [DEBUG] Changing event name from before-parameter-build.cloudsearchdomain.Search to before-parameter-build.cloudsearch-domain.Search
2025-03-23 23:55:33,503 [DEBUG] Changing event name from docs.*.cloudsearchdomain.Search.complete-section to docs.*.cloudsearch-domain.Search.complete-section
2025-03-23 23:55:33,580 [DEBUG] Loading JSON file: /home/syed-hassan-ul-haq/repos/fin_scraper/venv/lib/python3.12/site-packages/botocore/data/endpoints.json
2025-03-23 23:55:33,666 [DEBUG] Loading JSON file: /home/syed-hassan-ul-haq/repos/fin_scraper/venv/lib/python3.12/site-packages/botocore/data/sdk-default-configuration.json
2025-03-23 23:55:33,667 [DEBUG] Event choose-service-name: calling handler <function handle_service_name_alias at 0x7e639f144b80>
2025-03-23 23:55:33,720 [DEBUG] Loading JSON file: /home/syed-hassan-ul-haq/repos/fin_scraper/venv/lib/python3.12/site-packages/botocore/data/s3/2006-03-01/service-2.json.gz
2025-03-23 23:55:33,734 [DEBUG] Loading JSON file: /home/syed-hassan-ul-haq/repos/fin_scraper/venv/lib/python3.12/site-packages/botocore/data/s3/2006-03-01/service-2.sdk-extras.json
2025-03-23 23:55:33,760 [DEBUG] Loading JSON file: /home/syed-hassan-ul-haq/repos/fin_scraper/venv/lib/python3.12/site-packages/botocore/data/s3/2006-03-01/endpoint-rule-set-1.json.gz
2025-03-23 23:55:33,767 [DEBUG] Loading JSON file: /home/syed-hassan-ul-haq/repos/fin_scraper/venv/lib/python3.12/site-packages/botocore/data/partitions.json
2025-03-23 23:55:33,768 [DEBUG] Event creating-client-class.s3: calling handler <function add_generate_presigned_post at 0x7e639f2d2700>
2025-03-23 23:55:33,768 [DEBUG] Event creating-client-class.s3: calling handler <function lazy_call.<locals>._handler at 0x7e639baffce0>
2025-03-23 23:55:33,769 [DEBUG] Event creating-client-class.s3: calling handler <function add_generate_presigned_url at 0x7e639f2d2480>
2025-03-23 23:55:33,771 [DEBUG] Setting s3 timeout as (60, 60)
2025-03-23 23:55:33,775 [DEBUG] Loading JSON file: /home/syed-hassan-ul-haq/repos/fin_scraper/venv/lib/python3.12/site-packages/botocore/data/_retry.json
2025-03-23 23:55:33,776 [DEBUG] Registering retry handlers for service: s3
2025-03-23 23:55:33,776 [DEBUG] Registering S3 region redirector handler
2025-03-23 23:55:33,777 [DEBUG] Registering S3Express Identity Resolver
2025-03-23 23:55:43,780 [DEBUG] Constructed data object: {'file_name': '0001193125-22-088850-xbrl.zip', 'file_type': 'html', 'published_date': '2021-12-31', 'url': None, 'content_type': ['sec_filing', 'financial_filing', 'presentation', '10-K']}
2025-03-23 23:55:43,781 [DEBUG] Constructed final JSON: {'event_name': 'FY 2021 Fiscal Year Ended Dec 31, 2021 Earnings Release Presentation 10-K', 'equity_ticker': 'CORZ', 'geography': 'US', 'periodicity': 'non-periodic', 'data': [{'file_name': 'core-scientific-announces-full-fiscal-year-2021-results', 'file_type': 'html', 'published_date': '2021-12-31', 'url': 'https://3c5636b6cfe0011ec1887ff62b057097.r2.cloudflarestorage.com/fin-scraping-bucket/CORZ/2021-12-31/core-scientific-announces-full-fiscal-year-2021-results/core-scientific-announces-full-fiscal-year-2021-results', 'content_type': ['sec_filing', 'financial_filing', 'presentation', '10-K']}, {'file_name': '2022-03-29_Core_Scientific_Announces_Full_Fiscal_Year_2021_32.pdf', 'file_type': 'pdf', 'published_date': '2021-12-31', 'url': 'https://3c5636b6cfe0011ec1887ff62b057097.r2.cloudflarestorage.com/fin-scraping-bucket/CORZ/2021-12-31/2022-03-29_Core_Scientific_Announces_Full_Fiscal_Year_2021_32.pdf/2022-03-29_Core_Scientific_Announces_Full_Fiscal_Year_2021_32.pdf', 'content_type': ['sec_filing', 'financial_filing', 'presentation', '10-K']}, {'file_name': 'FINAL-CORZ-FY21-Earnings-Slides-032922-%281%29.pdf', 'file_type': 'pdf', 'published_date': '2021-12-31', 'url': 'https://3c5636b6cfe0011ec1887ff62b057097.r2.cloudflarestorage.com/fin-scraping-bucket/CORZ/2021-12-31/FINAL-CORZ-FY21-Earnings-Slides-032922-%281%29.pdf/FINAL-CORZ-FY21-Earnings-Slides-032922-%281%29.pdf', 'content_type': ['sec_filing', 'financial_filing', 'presentation', '10-K']}, {'file_name': 'd268076d10k.htm', 'file_type': 'html', 'published_date': '2021-12-31', 'url': None, 'content_type': ['sec_filing', 'financial_filing', 'presentation', '10-K']}, {'file_name': '0001193125-22-088850.pdf', 'file_type': 'html', 'published_date': '2021-12-31', 'url': None, 'content_type': ['sec_filing', 'financial_filing', 'presentation', '10-K']}, {'file_name': '0001193125-22-088850-xbrl.zip', 'file_type': 'html', 'published_date': '2021-12-31', 'url': None, 'content_type': ['sec_filing', 'financial_filing', 'presentation', '10-K']}]}
2025-03-23 23:55:43,781 [DEBUG] Returning constructed JSON.
2025-03-23 23:55:43,782 [INFO] Snippet #13 -> Event JSON created.
2025-03-23 23:55:43,782 [INFO] Processing snippet #14 / 16
2025-03-23 23:55:43,782 [DEBUG] Starting construct_event_json function.
2025-03-23 23:55:43,782 [DEBUG] html_element length=1160
2025-03-23 23:55:43,783 [DEBUG] equity_ticker=CORZ, geography=US, periodicity=non-periodic
2025-03-23 23:55:43,783 [DEBUG] 

2025-03-23 23:55:43,783 [DEBUG] Original Snippet Text: 
          <div class="col-md-4 results-info">
        <h3>Q3 2021</h3>
                <div class="date">Quarter Ended Sep 30, 2021</div>
                        
      </div>
    
    <div class="col-md-8">     
    <div class="result-line">
    <a href="/sec-filings/all-sec-filings/content/0001213900-21-059558/f10q0921_poweranddigital.htm" class="headline-link" aria-label="10-Q Q3 2021" target="_blank" rel="noopener" title="Opens in a new window">
        <span class="headline">10-Q</span>
        <span class="result-link link" aria-hidden="true"><span class="eqicon-HTML"></span>HTML</span>
    </a>
    <a href="/sec-filings/all-sec-filings/content/0001213900-21-059558/0001213900-21-059558.pdf" class="result-link link" aria-label="10-Q Q3 2021 PDF" target="_blank" rel="noopener" title="Opens in a new window"><span class="eqicon-PDF"></span>PDF</a>
    <a href="/sec-filings/all-sec-filings/content/0001213900-21-059558/0001213900-21-059558-xbrl.zip" aria-label="Download Raw XBRL Zip Files of 10-Q Q3 2021" class="link" target="_blank" rel="noopener" title="Opens in a new window"><span class="eqicon-ZIP"></span>XBRL Zip</a>
</div>    </div>
  
2025-03-23 23:55:43,787 [DEBUG] Original Snippet Text: Q3 2021 Quarter Ended Sep 30, 2021 10-Q HTML PDF XBRL Zip
2025-03-23 23:55:43,823 [DEBUG] Analyzing Sentence: 'Q3 2021 Quarter Ended Sep 30, 2021 10-Q HTML PDF XBRL Zip'
2025-03-23 23:55:43,832 [DEBUG] Match found! Token='Quarter' ~ Concept='acquisition' (sim=0.73)
2025-03-23 23:55:43,833 [DEBUG] Cleaning up sentence: 'Q3 2021 Quarter Ended Sep 30, 2021 10-Q HTML PDF XBRL Zip'
2025-03-23 23:55:43,833 [DEBUG] Final Extracted Event Name: Q3 2021 Quarter Ended Sep 30, 2021 10-Q
2025-03-23 23:55:43,834 [DEBUG] Extracted event_name=Q3 2021 Quarter Ended Sep 30, 2021 10-Q
2025-03-23 23:55:43,853 [DEBUG] Extracted published_date=2021-09-30
2025-03-23 23:55:43,853 [DEBUG] 
----------------------------------------------------
2025-03-23 23:55:43,853 [DEBUG] Raw HTML Snippet (truncated):

          <div class="col-md-4 results-info">
        <h3>Q3 2021</h3>
                <div class="date">Quarter Ended Sep 30, 2021</div>
                        
      </div>
    
    <div class="col-md-8">     
    <div class="result-line">
    <a href="/sec-filings/all-sec-filings/content/000121...
2025-03-23 23:55:43,854 [DEBUG] ----------------------------------------------------
2025-03-23 23:55:43,857 [DEBUG] Extracted Text:
Q3 2021 Quarter Ended Sep 30, 2021 10-Q HTML PDF XBRL Zip 10-Q HTML /sec-filings/all-sec-filings/content/0001213900-21-059558/f10q0921_poweranddigital.htm PDF /sec-filings/all-sec-filings/content/0001213900-21-059558/0001213900-21-059558.pdf XBRL Zip /sec-filings/all-sec-filings/content/0001213900-21-059558/0001213900-21-059558-xbrl.zip

2025-03-23 23:55:43,858 [DEBUG] [DICT] Found dictionary-based content types: {'10-Q', 'sec_filing', 'three-month-results'}
2025-03-23 23:55:44,050 [DEBUG] [SIM] Found similarity-based content types: set()
2025-03-23 23:55:44,050 [DEBUG] [UNION] Final content types = {'10-Q', 'sec_filing', 'three-month-results'}
2025-03-23 23:55:44,050 [DEBUG] Extracted content_type=['10-Q', 'sec_filing', 'three-month-results']
2025-03-23 23:55:44,052 [DEBUG] Starting new HTTPS connection (1): www.pvh.com:443
2025-03-23 23:55:45,591 [DEBUG] https://www.pvh.com:443 "GET /sec-filings/all-sec-filings/content/0001213900-21-059558/f10q0921_poweranddigital.htm HTTP/1.1" 404 1245
2025-03-23 23:55:45,595 [DEBUG] Changing event name from creating-client-class.iot-data to creating-client-class.iot-data-plane
2025-03-23 23:55:45,602 [DEBUG] Changing event name from before-call.apigateway to before-call.api-gateway
2025-03-23 23:55:45,605 [DEBUG] Changing event name from request-created.machinelearning.Predict to request-created.machine-learning.Predict
2025-03-23 23:55:45,614 [DEBUG] Changing event name from before-parameter-build.autoscaling.CreateLaunchConfiguration to before-parameter-build.auto-scaling.CreateLaunchConfiguration
2025-03-23 23:55:45,615 [DEBUG] Changing event name from before-parameter-build.route53 to before-parameter-build.route-53
2025-03-23 23:55:45,619 [DEBUG] Changing event name from request-created.cloudsearchdomain.Search to request-created.cloudsearch-domain.Search
2025-03-23 23:55:45,624 [DEBUG] Changing event name from docs.*.autoscaling.CreateLaunchConfiguration.complete-section to docs.*.auto-scaling.CreateLaunchConfiguration.complete-section
2025-03-23 23:55:45,640 [DEBUG] Changing event name from before-parameter-build.logs.CreateExportTask to before-parameter-build.cloudwatch-logs.CreateExportTask
2025-03-23 23:55:45,641 [DEBUG] Changing event name from docs.*.logs.CreateExportTask.complete-section to docs.*.cloudwatch-logs.CreateExportTask.complete-section
2025-03-23 23:55:45,642 [DEBUG] Changing event name from before-parameter-build.cloudsearchdomain.Search to before-parameter-build.cloudsearch-domain.Search
2025-03-23 23:55:45,643 [DEBUG] Changing event name from docs.*.cloudsearchdomain.Search.complete-section to docs.*.cloudsearch-domain.Search.complete-section
2025-03-23 23:55:45,653 [DEBUG] Loading JSON file: /home/syed-hassan-ul-haq/repos/fin_scraper/venv/lib/python3.12/site-packages/botocore/data/endpoints.json
2025-03-23 23:55:45,736 [DEBUG] Loading JSON file: /home/syed-hassan-ul-haq/repos/fin_scraper/venv/lib/python3.12/site-packages/botocore/data/sdk-default-configuration.json
2025-03-23 23:55:45,737 [DEBUG] Event choose-service-name: calling handler <function handle_service_name_alias at 0x7e639f144b80>
2025-03-23 23:55:45,777 [DEBUG] Loading JSON file: /home/syed-hassan-ul-haq/repos/fin_scraper/venv/lib/python3.12/site-packages/botocore/data/s3/2006-03-01/service-2.json.gz
2025-03-23 23:55:45,798 [DEBUG] Loading JSON file: /home/syed-hassan-ul-haq/repos/fin_scraper/venv/lib/python3.12/site-packages/botocore/data/s3/2006-03-01/service-2.sdk-extras.json
2025-03-23 23:55:45,830 [DEBUG] Loading JSON file: /home/syed-hassan-ul-haq/repos/fin_scraper/venv/lib/python3.12/site-packages/botocore/data/s3/2006-03-01/endpoint-rule-set-1.json.gz
2025-03-23 23:55:45,839 [DEBUG] Loading JSON file: /home/syed-hassan-ul-haq/repos/fin_scraper/venv/lib/python3.12/site-packages/botocore/data/partitions.json
2025-03-23 23:55:45,878 [DEBUG] Event creating-client-class.s3: calling handler <function add_generate_presigned_post at 0x7e639f2d2700>
2025-03-23 23:55:45,878 [DEBUG] Event creating-client-class.s3: calling handler <function lazy_call.<locals>._handler at 0x7e639dd72200>
2025-03-23 23:55:45,879 [DEBUG] Event creating-client-class.s3: calling handler <function add_generate_presigned_url at 0x7e639f2d2480>
2025-03-23 23:55:45,882 [DEBUG] Setting s3 timeout as (60, 60)
2025-03-23 23:55:45,887 [DEBUG] Loading JSON file: /home/syed-hassan-ul-haq/repos/fin_scraper/venv/lib/python3.12/site-packages/botocore/data/_retry.json
2025-03-23 23:55:45,888 [DEBUG] Registering retry handlers for service: s3
2025-03-23 23:55:45,889 [DEBUG] Registering S3 region redirector handler
2025-03-23 23:55:45,890 [DEBUG] Registering S3Express Identity Resolver
2025-03-23 23:55:55,892 [DEBUG] Constructed data object: {'file_name': 'f10q0921_poweranddigital.htm', 'file_type': 'html', 'published_date': '2021-09-30', 'url': None, 'content_type': ['10-Q', 'sec_filing', 'three-month-results']}
2025-03-23 23:55:55,895 [DEBUG] Starting new HTTPS connection (1): www.pvh.com:443
2025-03-23 23:56:03,860 [DEBUG] https://www.pvh.com:443 "GET /sec-filings/all-sec-filings/content/0001213900-21-059558/0001213900-21-059558.pdf HTTP/1.1" 404 1245
2025-03-23 23:56:03,864 [DEBUG] Changing event name from creating-client-class.iot-data to creating-client-class.iot-data-plane
2025-03-23 23:56:03,873 [DEBUG] Changing event name from before-call.apigateway to before-call.api-gateway
2025-03-23 23:56:03,876 [DEBUG] Changing event name from request-created.machinelearning.Predict to request-created.machine-learning.Predict
2025-03-23 23:56:03,885 [DEBUG] Changing event name from before-parameter-build.autoscaling.CreateLaunchConfiguration to before-parameter-build.auto-scaling.CreateLaunchConfiguration
2025-03-23 23:56:03,886 [DEBUG] Changing event name from before-parameter-build.route53 to before-parameter-build.route-53
2025-03-23 23:56:03,889 [DEBUG] Changing event name from request-created.cloudsearchdomain.Search to request-created.cloudsearch-domain.Search
2025-03-23 23:56:03,893 [DEBUG] Changing event name from docs.*.autoscaling.CreateLaunchConfiguration.complete-section to docs.*.auto-scaling.CreateLaunchConfiguration.complete-section
2025-03-23 23:56:03,905 [DEBUG] Changing event name from before-parameter-build.logs.CreateExportTask to before-parameter-build.cloudwatch-logs.CreateExportTask
2025-03-23 23:56:03,906 [DEBUG] Changing event name from docs.*.logs.CreateExportTask.complete-section to docs.*.cloudwatch-logs.CreateExportTask.complete-section
2025-03-23 23:56:03,907 [DEBUG] Changing event name from before-parameter-build.cloudsearchdomain.Search to before-parameter-build.cloudsearch-domain.Search
2025-03-23 23:56:03,907 [DEBUG] Changing event name from docs.*.cloudsearchdomain.Search.complete-section to docs.*.cloudsearch-domain.Search.complete-section
2025-03-23 23:56:03,916 [DEBUG] Loading JSON file: /home/syed-hassan-ul-haq/repos/fin_scraper/venv/lib/python3.12/site-packages/botocore/data/endpoints.json
2025-03-23 23:56:04,001 [DEBUG] Loading JSON file: /home/syed-hassan-ul-haq/repos/fin_scraper/venv/lib/python3.12/site-packages/botocore/data/sdk-default-configuration.json
2025-03-23 23:56:04,001 [DEBUG] Event choose-service-name: calling handler <function handle_service_name_alias at 0x7e639f144b80>
2025-03-23 23:56:04,074 [DEBUG] Loading JSON file: /home/syed-hassan-ul-haq/repos/fin_scraper/venv/lib/python3.12/site-packages/botocore/data/s3/2006-03-01/service-2.json.gz
2025-03-23 23:56:04,102 [DEBUG] Loading JSON file: /home/syed-hassan-ul-haq/repos/fin_scraper/venv/lib/python3.12/site-packages/botocore/data/s3/2006-03-01/service-2.sdk-extras.json
2025-03-23 23:56:04,131 [DEBUG] Loading JSON file: /home/syed-hassan-ul-haq/repos/fin_scraper/venv/lib/python3.12/site-packages/botocore/data/s3/2006-03-01/endpoint-rule-set-1.json.gz
2025-03-23 23:56:04,139 [DEBUG] Loading JSON file: /home/syed-hassan-ul-haq/repos/fin_scraper/venv/lib/python3.12/site-packages/botocore/data/partitions.json
2025-03-23 23:56:04,142 [DEBUG] Event creating-client-class.s3: calling handler <function add_generate_presigned_post at 0x7e639f2d2700>
2025-03-23 23:56:04,142 [DEBUG] Event creating-client-class.s3: calling handler <function lazy_call.<locals>._handler at 0x7e639dd70c20>
2025-03-23 23:56:04,142 [DEBUG] Event creating-client-class.s3: calling handler <function add_generate_presigned_url at 0x7e639f2d2480>
2025-03-23 23:56:04,145 [DEBUG] Setting s3 timeout as (60, 60)
2025-03-23 23:56:04,150 [DEBUG] Loading JSON file: /home/syed-hassan-ul-haq/repos/fin_scraper/venv/lib/python3.12/site-packages/botocore/data/_retry.json
2025-03-23 23:56:04,151 [DEBUG] Registering retry handlers for service: s3
2025-03-23 23:56:04,152 [DEBUG] Registering S3 region redirector handler
2025-03-23 23:56:04,153 [DEBUG] Registering S3Express Identity Resolver
2025-03-23 23:56:14,156 [DEBUG] Constructed data object: {'file_name': '0001213900-21-059558.pdf', 'file_type': 'html', 'published_date': '2021-09-30', 'url': None, 'content_type': ['10-Q', 'sec_filing', 'three-month-results']}
2025-03-23 23:56:14,159 [DEBUG] Starting new HTTPS connection (1): www.pvh.com:443
2025-03-23 23:56:18,552 [DEBUG] https://www.pvh.com:443 "GET /sec-filings/all-sec-filings/content/0001213900-21-059558/0001213900-21-059558-xbrl.zip HTTP/1.1" 404 1245
2025-03-23 23:56:18,580 [DEBUG] Changing event name from creating-client-class.iot-data to creating-client-class.iot-data-plane
2025-03-23 23:56:18,591 [DEBUG] Changing event name from before-call.apigateway to before-call.api-gateway
2025-03-23 23:56:18,593 [DEBUG] Changing event name from request-created.machinelearning.Predict to request-created.machine-learning.Predict
2025-03-23 23:56:18,600 [DEBUG] Changing event name from before-parameter-build.autoscaling.CreateLaunchConfiguration to before-parameter-build.auto-scaling.CreateLaunchConfiguration
2025-03-23 23:56:18,601 [DEBUG] Changing event name from before-parameter-build.route53 to before-parameter-build.route-53
2025-03-23 23:56:18,604 [DEBUG] Changing event name from request-created.cloudsearchdomain.Search to request-created.cloudsearch-domain.Search
2025-03-23 23:56:18,608 [DEBUG] Changing event name from docs.*.autoscaling.CreateLaunchConfiguration.complete-section to docs.*.auto-scaling.CreateLaunchConfiguration.complete-section
2025-03-23 23:56:18,620 [DEBUG] Changing event name from before-parameter-build.logs.CreateExportTask to before-parameter-build.cloudwatch-logs.CreateExportTask
2025-03-23 23:56:18,621 [DEBUG] Changing event name from docs.*.logs.CreateExportTask.complete-section to docs.*.cloudwatch-logs.CreateExportTask.complete-section
2025-03-23 23:56:18,622 [DEBUG] Changing event name from before-parameter-build.cloudsearchdomain.Search to before-parameter-build.cloudsearch-domain.Search
2025-03-23 23:56:18,623 [DEBUG] Changing event name from docs.*.cloudsearchdomain.Search.complete-section to docs.*.cloudsearch-domain.Search.complete-section
2025-03-23 23:56:18,632 [DEBUG] Loading JSON file: /home/syed-hassan-ul-haq/repos/fin_scraper/venv/lib/python3.12/site-packages/botocore/data/endpoints.json
2025-03-23 23:56:18,716 [DEBUG] Loading JSON file: /home/syed-hassan-ul-haq/repos/fin_scraper/venv/lib/python3.12/site-packages/botocore/data/sdk-default-configuration.json
2025-03-23 23:56:18,716 [DEBUG] Event choose-service-name: calling handler <function handle_service_name_alias at 0x7e639f144b80>
2025-03-23 23:56:18,753 [DEBUG] Loading JSON file: /home/syed-hassan-ul-haq/repos/fin_scraper/venv/lib/python3.12/site-packages/botocore/data/s3/2006-03-01/service-2.json.gz
2025-03-23 23:56:18,820 [DEBUG] Loading JSON file: /home/syed-hassan-ul-haq/repos/fin_scraper/venv/lib/python3.12/site-packages/botocore/data/s3/2006-03-01/service-2.sdk-extras.json
2025-03-23 23:56:18,849 [DEBUG] Loading JSON file: /home/syed-hassan-ul-haq/repos/fin_scraper/venv/lib/python3.12/site-packages/botocore/data/s3/2006-03-01/endpoint-rule-set-1.json.gz
2025-03-23 23:56:18,858 [DEBUG] Loading JSON file: /home/syed-hassan-ul-haq/repos/fin_scraper/venv/lib/python3.12/site-packages/botocore/data/partitions.json
2025-03-23 23:56:18,860 [DEBUG] Event creating-client-class.s3: calling handler <function add_generate_presigned_post at 0x7e639f2d2700>
2025-03-23 23:56:18,860 [DEBUG] Event creating-client-class.s3: calling handler <function lazy_call.<locals>._handler at 0x7e639e3ac220>
2025-03-23 23:56:18,860 [DEBUG] Event creating-client-class.s3: calling handler <function add_generate_presigned_url at 0x7e639f2d2480>
2025-03-23 23:56:18,864 [DEBUG] Setting s3 timeout as (60, 60)
2025-03-23 23:56:18,867 [DEBUG] Loading JSON file: /home/syed-hassan-ul-haq/repos/fin_scraper/venv/lib/python3.12/site-packages/botocore/data/_retry.json
2025-03-23 23:56:18,868 [DEBUG] Registering retry handlers for service: s3
2025-03-23 23:56:18,868 [DEBUG] Registering S3 region redirector handler
2025-03-23 23:56:18,870 [DEBUG] Registering S3Express Identity Resolver
2025-03-23 23:56:28,872 [DEBUG] Constructed data object: {'file_name': '0001213900-21-059558-xbrl.zip', 'file_type': 'html', 'published_date': '2021-09-30', 'url': None, 'content_type': ['10-Q', 'sec_filing', 'three-month-results']}
2025-03-23 23:56:28,873 [DEBUG] Constructed final JSON: {'event_name': 'Q3 2021 Quarter Ended Sep 30, 2021 10-Q', 'equity_ticker': 'CORZ', 'geography': 'US', 'periodicity': 'non-periodic', 'data': [{'file_name': 'f10q0921_poweranddigital.htm', 'file_type': 'html', 'published_date': '2021-09-30', 'url': None, 'content_type': ['10-Q', 'sec_filing', 'three-month-results']}, {'file_name': '0001213900-21-059558.pdf', 'file_type': 'html', 'published_date': '2021-09-30', 'url': None, 'content_type': ['10-Q', 'sec_filing', 'three-month-results']}, {'file_name': '0001213900-21-059558-xbrl.zip', 'file_type': 'html', 'published_date': '2021-09-30', 'url': None, 'content_type': ['10-Q', 'sec_filing', 'three-month-results']}]}
2025-03-23 23:56:28,873 [DEBUG] Returning constructed JSON.
2025-03-23 23:56:28,874 [INFO] Snippet #14 -> Event JSON created.
2025-03-23 23:56:28,874 [INFO] Processing snippet #15 / 16
2025-03-23 23:56:28,874 [DEBUG] Starting construct_event_json function.
2025-03-23 23:56:28,874 [DEBUG] html_element length=1160
2025-03-23 23:56:28,875 [DEBUG] equity_ticker=CORZ, geography=US, periodicity=non-periodic
2025-03-23 23:56:28,875 [DEBUG] 

2025-03-23 23:56:28,875 [DEBUG] Original Snippet Text: 
          <div class="col-md-4 results-info">
        <h3>Q2 2021</h3>
                <div class="date">Quarter Ended Jun 30, 2021</div>
                        
      </div>
    
    <div class="col-md-8">     
    <div class="result-line">
    <a href="/sec-filings/all-sec-filings/content/0001213900-21-044122/f10q0621_poweranddigital.htm" class="headline-link" aria-label="10-Q Q2 2021" target="_blank" rel="noopener" title="Opens in a new window">
        <span class="headline">10-Q</span>
        <span class="result-link link" aria-hidden="true"><span class="eqicon-HTML"></span>HTML</span>
    </a>
    <a href="/sec-filings/all-sec-filings/content/0001213900-21-044122/0001213900-21-044122.pdf" class="result-link link" aria-label="10-Q Q2 2021 PDF" target="_blank" rel="noopener" title="Opens in a new window"><span class="eqicon-PDF"></span>PDF</a>
    <a href="/sec-filings/all-sec-filings/content/0001213900-21-044122/0001213900-21-044122-xbrl.zip" aria-label="Download Raw XBRL Zip Files of 10-Q Q2 2021" class="link" target="_blank" rel="noopener" title="Opens in a new window"><span class="eqicon-ZIP"></span>XBRL Zip</a>
</div>    </div>
  
2025-03-23 23:56:28,880 [DEBUG] Original Snippet Text: Q2 2021 Quarter Ended Jun 30, 2021 10-Q HTML PDF XBRL Zip
2025-03-23 23:56:28,908 [DEBUG] Analyzing Sentence: 'Q2 2021 Quarter Ended Jun 30, 2021 10-Q HTML PDF XBRL Zip'
2025-03-23 23:56:28,915 [DEBUG] Match found! Token='Quarter' ~ Concept='acquisition' (sim=0.73)
2025-03-23 23:56:28,916 [DEBUG] Cleaning up sentence: 'Q2 2021 Quarter Ended Jun 30, 2021 10-Q HTML PDF XBRL Zip'
2025-03-23 23:56:28,917 [DEBUG] Final Extracted Event Name: Q2 2021 Quarter Ended Jun 30, 2021 10-Q
2025-03-23 23:56:28,917 [DEBUG] Extracted event_name=Q2 2021 Quarter Ended Jun 30, 2021 10-Q
2025-03-23 23:56:28,932 [DEBUG] Extracted published_date=2021-06-30
2025-03-23 23:56:28,933 [DEBUG] 
----------------------------------------------------
2025-03-23 23:56:28,933 [DEBUG] Raw HTML Snippet (truncated):

          <div class="col-md-4 results-info">
        <h3>Q2 2021</h3>
                <div class="date">Quarter Ended Jun 30, 2021</div>
                        
      </div>
    
    <div class="col-md-8">     
    <div class="result-line">
    <a href="/sec-filings/all-sec-filings/content/000121...
2025-03-23 23:56:28,933 [DEBUG] ----------------------------------------------------
2025-03-23 23:56:28,938 [DEBUG] Extracted Text:
Q2 2021 Quarter Ended Jun 30, 2021 10-Q HTML PDF XBRL Zip 10-Q HTML /sec-filings/all-sec-filings/content/0001213900-21-044122/f10q0621_poweranddigital.htm PDF /sec-filings/all-sec-filings/content/0001213900-21-044122/0001213900-21-044122.pdf XBRL Zip /sec-filings/all-sec-filings/content/0001213900-21-044122/0001213900-21-044122-xbrl.zip

2025-03-23 23:56:28,940 [DEBUG] [DICT] Found dictionary-based content types: {'10-Q', 'sec_filing', 'three-month-results'}
2025-03-23 23:56:29,117 [DEBUG] [SIM] Found similarity-based content types: set()
2025-03-23 23:56:29,117 [DEBUG] [UNION] Final content types = {'10-Q', 'sec_filing', 'three-month-results'}
2025-03-23 23:56:29,117 [DEBUG] Extracted content_type=['10-Q', 'sec_filing', 'three-month-results']
2025-03-23 23:56:29,119 [DEBUG] Starting new HTTPS connection (1): www.pvh.com:443
2025-03-23 23:56:30,099 [DEBUG] https://www.pvh.com:443 "GET /sec-filings/all-sec-filings/content/0001213900-21-044122/f10q0621_poweranddigital.htm HTTP/1.1" 404 1245
2025-03-23 23:56:30,103 [DEBUG] Changing event name from creating-client-class.iot-data to creating-client-class.iot-data-plane
2025-03-23 23:56:30,114 [DEBUG] Changing event name from before-call.apigateway to before-call.api-gateway
2025-03-23 23:56:30,118 [DEBUG] Changing event name from request-created.machinelearning.Predict to request-created.machine-learning.Predict
2025-03-23 23:56:30,126 [DEBUG] Changing event name from before-parameter-build.autoscaling.CreateLaunchConfiguration to before-parameter-build.auto-scaling.CreateLaunchConfiguration
2025-03-23 23:56:30,127 [DEBUG] Changing event name from before-parameter-build.route53 to before-parameter-build.route-53
2025-03-23 23:56:30,135 [DEBUG] Changing event name from request-created.cloudsearchdomain.Search to request-created.cloudsearch-domain.Search
2025-03-23 23:56:30,139 [DEBUG] Changing event name from docs.*.autoscaling.CreateLaunchConfiguration.complete-section to docs.*.auto-scaling.CreateLaunchConfiguration.complete-section
2025-03-23 23:56:30,149 [DEBUG] Changing event name from before-parameter-build.logs.CreateExportTask to before-parameter-build.cloudwatch-logs.CreateExportTask
2025-03-23 23:56:30,150 [DEBUG] Changing event name from docs.*.logs.CreateExportTask.complete-section to docs.*.cloudwatch-logs.CreateExportTask.complete-section
2025-03-23 23:56:30,150 [DEBUG] Changing event name from before-parameter-build.cloudsearchdomain.Search to before-parameter-build.cloudsearch-domain.Search
2025-03-23 23:56:30,151 [DEBUG] Changing event name from docs.*.cloudsearchdomain.Search.complete-section to docs.*.cloudsearch-domain.Search.complete-section
2025-03-23 23:56:30,156 [DEBUG] Loading JSON file: /home/syed-hassan-ul-haq/repos/fin_scraper/venv/lib/python3.12/site-packages/botocore/data/endpoints.json
2025-03-23 23:56:30,204 [DEBUG] Loading JSON file: /home/syed-hassan-ul-haq/repos/fin_scraper/venv/lib/python3.12/site-packages/botocore/data/sdk-default-configuration.json
2025-03-23 23:56:30,205 [DEBUG] Event choose-service-name: calling handler <function handle_service_name_alias at 0x7e639f144b80>
2025-03-23 23:56:30,242 [DEBUG] Loading JSON file: /home/syed-hassan-ul-haq/repos/fin_scraper/venv/lib/python3.12/site-packages/botocore/data/s3/2006-03-01/service-2.json.gz
2025-03-23 23:56:30,261 [DEBUG] Loading JSON file: /home/syed-hassan-ul-haq/repos/fin_scraper/venv/lib/python3.12/site-packages/botocore/data/s3/2006-03-01/service-2.sdk-extras.json
2025-03-23 23:56:30,293 [DEBUG] Loading JSON file: /home/syed-hassan-ul-haq/repos/fin_scraper/venv/lib/python3.12/site-packages/botocore/data/s3/2006-03-01/endpoint-rule-set-1.json.gz
2025-03-23 23:56:30,299 [DEBUG] Loading JSON file: /home/syed-hassan-ul-haq/repos/fin_scraper/venv/lib/python3.12/site-packages/botocore/data/partitions.json
2025-03-23 23:56:30,301 [DEBUG] Event creating-client-class.s3: calling handler <function add_generate_presigned_post at 0x7e639f2d2700>
2025-03-23 23:56:30,301 [DEBUG] Event creating-client-class.s3: calling handler <function lazy_call.<locals>._handler at 0x7e639cfd8860>
2025-03-23 23:56:30,302 [DEBUG] Event creating-client-class.s3: calling handler <function add_generate_presigned_url at 0x7e639f2d2480>
2025-03-23 23:56:30,305 [DEBUG] Setting s3 timeout as (60, 60)
2025-03-23 23:56:30,329 [DEBUG] Loading JSON file: /home/syed-hassan-ul-haq/repos/fin_scraper/venv/lib/python3.12/site-packages/botocore/data/_retry.json
2025-03-23 23:56:30,330 [DEBUG] Registering retry handlers for service: s3
2025-03-23 23:56:30,331 [DEBUG] Registering S3 region redirector handler
2025-03-23 23:56:30,332 [DEBUG] Registering S3Express Identity Resolver
2025-03-23 23:56:40,335 [DEBUG] Constructed data object: {'file_name': 'f10q0621_poweranddigital.htm', 'file_type': 'html', 'published_date': '2021-06-30', 'url': None, 'content_type': ['10-Q', 'sec_filing', 'three-month-results']}
2025-03-23 23:56:40,340 [DEBUG] Starting new HTTPS connection (1): www.pvh.com:443
2025-03-23 23:56:41,078 [DEBUG] https://www.pvh.com:443 "GET /sec-filings/all-sec-filings/content/0001213900-21-044122/0001213900-21-044122.pdf HTTP/1.1" 404 1245
2025-03-23 23:56:41,082 [DEBUG] Changing event name from creating-client-class.iot-data to creating-client-class.iot-data-plane
2025-03-23 23:56:41,092 [DEBUG] Changing event name from before-call.apigateway to before-call.api-gateway
2025-03-23 23:56:41,095 [DEBUG] Changing event name from request-created.machinelearning.Predict to request-created.machine-learning.Predict
2025-03-23 23:56:41,100 [DEBUG] Changing event name from before-parameter-build.autoscaling.CreateLaunchConfiguration to before-parameter-build.auto-scaling.CreateLaunchConfiguration
2025-03-23 23:56:41,101 [DEBUG] Changing event name from before-parameter-build.route53 to before-parameter-build.route-53
2025-03-23 23:56:41,105 [DEBUG] Changing event name from request-created.cloudsearchdomain.Search to request-created.cloudsearch-domain.Search
2025-03-23 23:56:41,110 [DEBUG] Changing event name from docs.*.autoscaling.CreateLaunchConfiguration.complete-section to docs.*.auto-scaling.CreateLaunchConfiguration.complete-section
2025-03-23 23:56:41,123 [DEBUG] Changing event name from before-parameter-build.logs.CreateExportTask to before-parameter-build.cloudwatch-logs.CreateExportTask
2025-03-23 23:56:41,124 [DEBUG] Changing event name from docs.*.logs.CreateExportTask.complete-section to docs.*.cloudwatch-logs.CreateExportTask.complete-section
2025-03-23 23:56:41,125 [DEBUG] Changing event name from before-parameter-build.cloudsearchdomain.Search to before-parameter-build.cloudsearch-domain.Search
2025-03-23 23:56:41,126 [DEBUG] Changing event name from docs.*.cloudsearchdomain.Search.complete-section to docs.*.cloudsearch-domain.Search.complete-section
2025-03-23 23:56:41,131 [DEBUG] Loading JSON file: /home/syed-hassan-ul-haq/repos/fin_scraper/venv/lib/python3.12/site-packages/botocore/data/endpoints.json
2025-03-23 23:56:41,234 [DEBUG] Loading JSON file: /home/syed-hassan-ul-haq/repos/fin_scraper/venv/lib/python3.12/site-packages/botocore/data/sdk-default-configuration.json
2025-03-23 23:56:41,235 [DEBUG] Event choose-service-name: calling handler <function handle_service_name_alias at 0x7e639f144b80>
2025-03-23 23:56:41,279 [DEBUG] Loading JSON file: /home/syed-hassan-ul-haq/repos/fin_scraper/venv/lib/python3.12/site-packages/botocore/data/s3/2006-03-01/service-2.json.gz
2025-03-23 23:56:41,305 [DEBUG] Loading JSON file: /home/syed-hassan-ul-haq/repos/fin_scraper/venv/lib/python3.12/site-packages/botocore/data/s3/2006-03-01/service-2.sdk-extras.json
2025-03-23 23:56:41,345 [DEBUG] Loading JSON file: /home/syed-hassan-ul-haq/repos/fin_scraper/venv/lib/python3.12/site-packages/botocore/data/s3/2006-03-01/endpoint-rule-set-1.json.gz
2025-03-23 23:56:41,358 [DEBUG] Loading JSON file: /home/syed-hassan-ul-haq/repos/fin_scraper/venv/lib/python3.12/site-packages/botocore/data/partitions.json
2025-03-23 23:56:41,361 [DEBUG] Event creating-client-class.s3: calling handler <function add_generate_presigned_post at 0x7e639f2d2700>
2025-03-23 23:56:41,361 [DEBUG] Event creating-client-class.s3: calling handler <function lazy_call.<locals>._handler at 0x7e639cfda700>
2025-03-23 23:56:41,362 [DEBUG] Event creating-client-class.s3: calling handler <function add_generate_presigned_url at 0x7e639f2d2480>
2025-03-23 23:56:41,365 [DEBUG] Setting s3 timeout as (60, 60)
2025-03-23 23:56:41,371 [DEBUG] Loading JSON file: /home/syed-hassan-ul-haq/repos/fin_scraper/venv/lib/python3.12/site-packages/botocore/data/_retry.json
2025-03-23 23:56:41,372 [DEBUG] Registering retry handlers for service: s3
2025-03-23 23:56:41,373 [DEBUG] Registering S3 region redirector handler
2025-03-23 23:56:41,374 [DEBUG] Registering S3Express Identity Resolver
2025-03-23 23:56:51,378 [DEBUG] Constructed data object: {'file_name': '0001213900-21-044122.pdf', 'file_type': 'html', 'published_date': '2021-06-30', 'url': None, 'content_type': ['10-Q', 'sec_filing', 'three-month-results']}
2025-03-23 23:56:51,387 [DEBUG] Starting new HTTPS connection (1): www.pvh.com:443
2025-03-23 23:56:53,306 [DEBUG] https://www.pvh.com:443 "GET /sec-filings/all-sec-filings/content/0001213900-21-044122/0001213900-21-044122-xbrl.zip HTTP/1.1" 404 1245
2025-03-23 23:56:53,309 [DEBUG] Changing event name from creating-client-class.iot-data to creating-client-class.iot-data-plane
2025-03-23 23:56:53,314 [DEBUG] Changing event name from before-call.apigateway to before-call.api-gateway
2025-03-23 23:56:53,316 [DEBUG] Changing event name from request-created.machinelearning.Predict to request-created.machine-learning.Predict
2025-03-23 23:56:53,320 [DEBUG] Changing event name from before-parameter-build.autoscaling.CreateLaunchConfiguration to before-parameter-build.auto-scaling.CreateLaunchConfiguration
2025-03-23 23:56:53,321 [DEBUG] Changing event name from before-parameter-build.route53 to before-parameter-build.route-53
2025-03-23 23:56:53,322 [DEBUG] Changing event name from request-created.cloudsearchdomain.Search to request-created.cloudsearch-domain.Search
2025-03-23 23:56:53,325 [DEBUG] Changing event name from docs.*.autoscaling.CreateLaunchConfiguration.complete-section to docs.*.auto-scaling.CreateLaunchConfiguration.complete-section
2025-03-23 23:56:53,336 [DEBUG] Changing event name from before-parameter-build.logs.CreateExportTask to before-parameter-build.cloudwatch-logs.CreateExportTask
2025-03-23 23:56:53,339 [DEBUG] Changing event name from docs.*.logs.CreateExportTask.complete-section to docs.*.cloudwatch-logs.CreateExportTask.complete-section
2025-03-23 23:56:53,341 [DEBUG] Changing event name from before-parameter-build.cloudsearchdomain.Search to before-parameter-build.cloudsearch-domain.Search
2025-03-23 23:56:53,342 [DEBUG] Changing event name from docs.*.cloudsearchdomain.Search.complete-section to docs.*.cloudsearch-domain.Search.complete-section
2025-03-23 23:56:53,354 [DEBUG] Loading JSON file: /home/syed-hassan-ul-haq/repos/fin_scraper/venv/lib/python3.12/site-packages/botocore/data/endpoints.json
2025-03-23 23:56:53,460 [DEBUG] Loading JSON file: /home/syed-hassan-ul-haq/repos/fin_scraper/venv/lib/python3.12/site-packages/botocore/data/sdk-default-configuration.json
2025-03-23 23:56:53,461 [DEBUG] Event choose-service-name: calling handler <function handle_service_name_alias at 0x7e639f144b80>
2025-03-23 23:56:53,502 [DEBUG] Loading JSON file: /home/syed-hassan-ul-haq/repos/fin_scraper/venv/lib/python3.12/site-packages/botocore/data/s3/2006-03-01/service-2.json.gz
2025-03-23 23:56:53,521 [DEBUG] Loading JSON file: /home/syed-hassan-ul-haq/repos/fin_scraper/venv/lib/python3.12/site-packages/botocore/data/s3/2006-03-01/service-2.sdk-extras.json
2025-03-23 23:56:53,555 [DEBUG] Loading JSON file: /home/syed-hassan-ul-haq/repos/fin_scraper/venv/lib/python3.12/site-packages/botocore/data/s3/2006-03-01/endpoint-rule-set-1.json.gz
2025-03-23 23:56:53,565 [DEBUG] Loading JSON file: /home/syed-hassan-ul-haq/repos/fin_scraper/venv/lib/python3.12/site-packages/botocore/data/partitions.json
2025-03-23 23:56:53,630 [DEBUG] Event creating-client-class.s3: calling handler <function add_generate_presigned_post at 0x7e639f2d2700>
2025-03-23 23:56:53,631 [DEBUG] Event creating-client-class.s3: calling handler <function lazy_call.<locals>._handler at 0x7e639e2c2d40>
2025-03-23 23:56:53,631 [DEBUG] Event creating-client-class.s3: calling handler <function add_generate_presigned_url at 0x7e639f2d2480>
2025-03-23 23:56:53,633 [DEBUG] Setting s3 timeout as (60, 60)
2025-03-23 23:56:53,637 [DEBUG] Loading JSON file: /home/syed-hassan-ul-haq/repos/fin_scraper/venv/lib/python3.12/site-packages/botocore/data/_retry.json
2025-03-23 23:56:53,639 [DEBUG] Registering retry handlers for service: s3
2025-03-23 23:56:53,640 [DEBUG] Registering S3 region redirector handler
2025-03-23 23:56:53,642 [DEBUG] Registering S3Express Identity Resolver
2025-03-23 23:57:03,644 [DEBUG] Constructed data object: {'file_name': '0001213900-21-044122-xbrl.zip', 'file_type': 'html', 'published_date': '2021-06-30', 'url': None, 'content_type': ['10-Q', 'sec_filing', 'three-month-results']}
2025-03-23 23:57:03,645 [DEBUG] Constructed final JSON: {'event_name': 'Q2 2021 Quarter Ended Jun 30, 2021 10-Q', 'equity_ticker': 'CORZ', 'geography': 'US', 'periodicity': 'non-periodic', 'data': [{'file_name': 'f10q0621_poweranddigital.htm', 'file_type': 'html', 'published_date': '2021-06-30', 'url': None, 'content_type': ['10-Q', 'sec_filing', 'three-month-results']}, {'file_name': '0001213900-21-044122.pdf', 'file_type': 'html', 'published_date': '2021-06-30', 'url': None, 'content_type': ['10-Q', 'sec_filing', 'three-month-results']}, {'file_name': '0001213900-21-044122-xbrl.zip', 'file_type': 'html', 'published_date': '2021-06-30', 'url': None, 'content_type': ['10-Q', 'sec_filing', 'three-month-results']}]}
2025-03-23 23:57:03,647 [DEBUG] Returning constructed JSON.
2025-03-23 23:57:03,648 [INFO] Snippet #15 -> Event JSON created.
2025-03-23 23:57:03,648 [INFO] Processing snippet #16 / 16
2025-03-23 23:57:03,650 [DEBUG] Starting construct_event_json function.
2025-03-23 23:57:03,650 [DEBUG] html_element length=1156
2025-03-23 23:57:03,650 [DEBUG] equity_ticker=CORZ, geography=US, periodicity=non-periodic
2025-03-23 23:57:03,651 [DEBUG] 

2025-03-23 23:57:03,651 [DEBUG] Original Snippet Text: 
          <div class="col-md-4 results-info">
        <h3>Q1 2021</h3>
                <div class="date">Quarter Ended Mar 31, 2021</div>
                        
      </div>
    
    <div class="col-md-8">     
    <div class="result-line">
    <a href="/sec-filings/all-sec-filings/content/0001213900-21-028906/f10q0321_poweranddig.htm" class="headline-link" aria-label="10-Q Q1 2021" target="_blank" rel="noopener" title="Opens in a new window">
        <span class="headline">10-Q</span>
        <span class="result-link link" aria-hidden="true"><span class="eqicon-HTML"></span>HTML</span>
    </a>
    <a href="/sec-filings/all-sec-filings/content/0001213900-21-028906/0001213900-21-028906.pdf" class="result-link link" aria-label="10-Q Q1 2021 PDF" target="_blank" rel="noopener" title="Opens in a new window"><span class="eqicon-PDF"></span>PDF</a>
    <a href="/sec-filings/all-sec-filings/content/0001213900-21-028906/0001213900-21-028906-xbrl.zip" aria-label="Download Raw XBRL Zip Files of 10-Q Q1 2021" class="link" target="_blank" rel="noopener" title="Opens in a new window"><span class="eqicon-ZIP"></span>XBRL Zip</a>
</div>    </div>
  
2025-03-23 23:57:03,659 [DEBUG] Original Snippet Text: Q1 2021 Quarter Ended Mar 31, 2021 10-Q HTML PDF XBRL Zip
2025-03-23 23:57:03,717 [DEBUG] Analyzing Sentence: 'Q1 2021 Quarter Ended Mar 31, 2021 10-Q HTML PDF XBRL Zip'
2025-03-23 23:57:03,739 [DEBUG] Match found! Token='Quarter' ~ Concept='acquisition' (sim=0.73)
2025-03-23 23:57:03,741 [DEBUG] Cleaning up sentence: 'Q1 2021 Quarter Ended Mar 31, 2021 10-Q HTML PDF XBRL Zip'
2025-03-23 23:57:03,741 [DEBUG] Final Extracted Event Name: Q1 2021 Quarter Ended Mar 31, 2021 10-Q
2025-03-23 23:57:03,743 [DEBUG] Extracted event_name=Q1 2021 Quarter Ended Mar 31, 2021 10-Q
2025-03-23 23:57:03,759 [DEBUG] Extracted published_date=2021-03-31
2025-03-23 23:57:03,760 [DEBUG] 
----------------------------------------------------
2025-03-23 23:57:03,760 [DEBUG] Raw HTML Snippet (truncated):

          <div class="col-md-4 results-info">
        <h3>Q1 2021</h3>
                <div class="date">Quarter Ended Mar 31, 2021</div>
                        
      </div>
    
    <div class="col-md-8">     
    <div class="result-line">
    <a href="/sec-filings/all-sec-filings/content/000121...
2025-03-23 23:57:03,760 [DEBUG] ----------------------------------------------------
2025-03-23 23:57:03,764 [DEBUG] Extracted Text:
Q1 2021 Quarter Ended Mar 31, 2021 10-Q HTML PDF XBRL Zip 10-Q HTML /sec-filings/all-sec-filings/content/0001213900-21-028906/f10q0321_poweranddig.htm PDF /sec-filings/all-sec-filings/content/0001213900-21-028906/0001213900-21-028906.pdf XBRL Zip /sec-filings/all-sec-filings/content/0001213900-21-028906/0001213900-21-028906-xbrl.zip

2025-03-23 23:57:03,765 [DEBUG] [DICT] Found dictionary-based content types: {'10-Q', 'sec_filing', 'three-month-results'}
2025-03-23 23:57:03,956 [DEBUG] [SIM] Found similarity-based content types: set()
2025-03-23 23:57:03,956 [DEBUG] [UNION] Final content types = {'10-Q', 'sec_filing', 'three-month-results'}
2025-03-23 23:57:03,956 [DEBUG] Extracted content_type=['10-Q', 'sec_filing', 'three-month-results']
2025-03-23 23:57:03,959 [DEBUG] Starting new HTTPS connection (1): www.pvh.com:443
2025-03-23 23:57:04,376 [DEBUG] https://www.pvh.com:443 "GET /sec-filings/all-sec-filings/content/0001213900-21-028906/f10q0321_poweranddig.htm HTTP/1.1" 404 1245
2025-03-23 23:57:04,384 [DEBUG] Changing event name from creating-client-class.iot-data to creating-client-class.iot-data-plane
2025-03-23 23:57:04,403 [DEBUG] Changing event name from before-call.apigateway to before-call.api-gateway
2025-03-23 23:57:04,409 [DEBUG] Changing event name from request-created.machinelearning.Predict to request-created.machine-learning.Predict
2025-03-23 23:57:04,420 [DEBUG] Changing event name from before-parameter-build.autoscaling.CreateLaunchConfiguration to before-parameter-build.auto-scaling.CreateLaunchConfiguration
2025-03-23 23:57:04,421 [DEBUG] Changing event name from before-parameter-build.route53 to before-parameter-build.route-53
2025-03-23 23:57:04,430 [DEBUG] Changing event name from request-created.cloudsearchdomain.Search to request-created.cloudsearch-domain.Search
2025-03-23 23:57:04,437 [DEBUG] Changing event name from docs.*.autoscaling.CreateLaunchConfiguration.complete-section to docs.*.auto-scaling.CreateLaunchConfiguration.complete-section
2025-03-23 23:57:04,458 [DEBUG] Changing event name from before-parameter-build.logs.CreateExportTask to before-parameter-build.cloudwatch-logs.CreateExportTask
2025-03-23 23:57:04,459 [DEBUG] Changing event name from docs.*.logs.CreateExportTask.complete-section to docs.*.cloudwatch-logs.CreateExportTask.complete-section
2025-03-23 23:57:04,460 [DEBUG] Changing event name from before-parameter-build.cloudsearchdomain.Search to before-parameter-build.cloudsearch-domain.Search
2025-03-23 23:57:04,461 [DEBUG] Changing event name from docs.*.cloudsearchdomain.Search.complete-section to docs.*.cloudsearch-domain.Search.complete-section
2025-03-23 23:57:04,473 [DEBUG] Loading JSON file: /home/syed-hassan-ul-haq/repos/fin_scraper/venv/lib/python3.12/site-packages/botocore/data/endpoints.json
2025-03-23 23:57:04,580 [DEBUG] Loading JSON file: /home/syed-hassan-ul-haq/repos/fin_scraper/venv/lib/python3.12/site-packages/botocore/data/sdk-default-configuration.json
2025-03-23 23:57:04,580 [DEBUG] Event choose-service-name: calling handler <function handle_service_name_alias at 0x7e639f144b80>
2025-03-23 23:57:04,619 [DEBUG] Loading JSON file: /home/syed-hassan-ul-haq/repos/fin_scraper/venv/lib/python3.12/site-packages/botocore/data/s3/2006-03-01/service-2.json.gz
2025-03-23 23:57:04,637 [DEBUG] Loading JSON file: /home/syed-hassan-ul-haq/repos/fin_scraper/venv/lib/python3.12/site-packages/botocore/data/s3/2006-03-01/service-2.sdk-extras.json
2025-03-23 23:57:04,668 [DEBUG] Loading JSON file: /home/syed-hassan-ul-haq/repos/fin_scraper/venv/lib/python3.12/site-packages/botocore/data/s3/2006-03-01/endpoint-rule-set-1.json.gz
2025-03-23 23:57:04,677 [DEBUG] Loading JSON file: /home/syed-hassan-ul-haq/repos/fin_scraper/venv/lib/python3.12/site-packages/botocore/data/partitions.json
2025-03-23 23:57:04,679 [DEBUG] Event creating-client-class.s3: calling handler <function add_generate_presigned_post at 0x7e639f2d2700>
2025-03-23 23:57:04,679 [DEBUG] Event creating-client-class.s3: calling handler <function lazy_call.<locals>._handler at 0x7e639e2c39c0>
2025-03-23 23:57:04,679 [DEBUG] Event creating-client-class.s3: calling handler <function add_generate_presigned_url at 0x7e639f2d2480>
2025-03-23 23:57:04,682 [DEBUG] Setting s3 timeout as (60, 60)
2025-03-23 23:57:04,687 [DEBUG] Loading JSON file: /home/syed-hassan-ul-haq/repos/fin_scraper/venv/lib/python3.12/site-packages/botocore/data/_retry.json
2025-03-23 23:57:04,688 [DEBUG] Registering retry handlers for service: s3
2025-03-23 23:57:04,689 [DEBUG] Registering S3 region redirector handler
2025-03-23 23:57:04,690 [DEBUG] Registering S3Express Identity Resolver
2025-03-23 23:57:14,692 [DEBUG] Constructed data object: {'file_name': 'f10q0321_poweranddig.htm', 'file_type': 'html', 'published_date': '2021-03-31', 'url': None, 'content_type': ['10-Q', 'sec_filing', 'three-month-results']}
2025-03-23 23:57:14,694 [DEBUG] Starting new HTTPS connection (1): www.pvh.com:443
2025-03-23 23:57:15,221 [DEBUG] https://www.pvh.com:443 "GET /sec-filings/all-sec-filings/content/0001213900-21-028906/0001213900-21-028906.pdf HTTP/1.1" 404 1245
2025-03-23 23:57:15,223 [DEBUG] Changing event name from creating-client-class.iot-data to creating-client-class.iot-data-plane
2025-03-23 23:57:15,226 [DEBUG] Changing event name from before-call.apigateway to before-call.api-gateway
2025-03-23 23:57:15,228 [DEBUG] Changing event name from request-created.machinelearning.Predict to request-created.machine-learning.Predict
2025-03-23 23:57:15,231 [DEBUG] Changing event name from before-parameter-build.autoscaling.CreateLaunchConfiguration to before-parameter-build.auto-scaling.CreateLaunchConfiguration
2025-03-23 23:57:15,231 [DEBUG] Changing event name from before-parameter-build.route53 to before-parameter-build.route-53
2025-03-23 23:57:15,234 [DEBUG] Changing event name from request-created.cloudsearchdomain.Search to request-created.cloudsearch-domain.Search
2025-03-23 23:57:15,236 [DEBUG] Changing event name from docs.*.autoscaling.CreateLaunchConfiguration.complete-section to docs.*.auto-scaling.CreateLaunchConfiguration.complete-section
2025-03-23 23:57:15,248 [DEBUG] Changing event name from before-parameter-build.logs.CreateExportTask to before-parameter-build.cloudwatch-logs.CreateExportTask
2025-03-23 23:57:15,250 [DEBUG] Changing event name from docs.*.logs.CreateExportTask.complete-section to docs.*.cloudwatch-logs.CreateExportTask.complete-section
2025-03-23 23:57:15,251 [DEBUG] Changing event name from before-parameter-build.cloudsearchdomain.Search to before-parameter-build.cloudsearch-domain.Search
2025-03-23 23:57:15,252 [DEBUG] Changing event name from docs.*.cloudsearchdomain.Search.complete-section to docs.*.cloudsearch-domain.Search.complete-section
2025-03-23 23:57:15,257 [DEBUG] Loading JSON file: /home/syed-hassan-ul-haq/repos/fin_scraper/venv/lib/python3.12/site-packages/botocore/data/endpoints.json
2025-03-23 23:57:15,344 [DEBUG] Loading JSON file: /home/syed-hassan-ul-haq/repos/fin_scraper/venv/lib/python3.12/site-packages/botocore/data/sdk-default-configuration.json
2025-03-23 23:57:15,345 [DEBUG] Event choose-service-name: calling handler <function handle_service_name_alias at 0x7e639f144b80>
2025-03-23 23:57:15,382 [DEBUG] Loading JSON file: /home/syed-hassan-ul-haq/repos/fin_scraper/venv/lib/python3.12/site-packages/botocore/data/s3/2006-03-01/service-2.json.gz
2025-03-23 23:57:15,400 [DEBUG] Loading JSON file: /home/syed-hassan-ul-haq/repos/fin_scraper/venv/lib/python3.12/site-packages/botocore/data/s3/2006-03-01/service-2.sdk-extras.json
2025-03-23 23:57:15,427 [DEBUG] Loading JSON file: /home/syed-hassan-ul-haq/repos/fin_scraper/venv/lib/python3.12/site-packages/botocore/data/s3/2006-03-01/endpoint-rule-set-1.json.gz
2025-03-23 23:57:15,436 [DEBUG] Loading JSON file: /home/syed-hassan-ul-haq/repos/fin_scraper/venv/lib/python3.12/site-packages/botocore/data/partitions.json
2025-03-23 23:57:15,438 [DEBUG] Event creating-client-class.s3: calling handler <function add_generate_presigned_post at 0x7e639f2d2700>
2025-03-23 23:57:15,438 [DEBUG] Event creating-client-class.s3: calling handler <function lazy_call.<locals>._handler at 0x7e6397920180>
2025-03-23 23:57:15,438 [DEBUG] Event creating-client-class.s3: calling handler <function add_generate_presigned_url at 0x7e639f2d2480>
2025-03-23 23:57:15,441 [DEBUG] Setting s3 timeout as (60, 60)
2025-03-23 23:57:15,445 [DEBUG] Loading JSON file: /home/syed-hassan-ul-haq/repos/fin_scraper/venv/lib/python3.12/site-packages/botocore/data/_retry.json
2025-03-23 23:57:15,447 [DEBUG] Registering retry handlers for service: s3
2025-03-23 23:57:15,447 [DEBUG] Registering S3 region redirector handler
2025-03-23 23:57:15,448 [DEBUG] Registering S3Express Identity Resolver
2025-03-23 23:57:25,450 [DEBUG] Constructed data object: {'file_name': '0001213900-21-028906.pdf', 'file_type': 'html', 'published_date': '2021-03-31', 'url': None, 'content_type': ['10-Q', 'sec_filing', 'three-month-results']}
2025-03-23 23:57:25,454 [DEBUG] Starting new HTTPS connection (1): www.pvh.com:443
2025-03-23 23:57:28,299 [DEBUG] https://www.pvh.com:443 "GET /sec-filings/all-sec-filings/content/0001213900-21-028906/0001213900-21-028906-xbrl.zip HTTP/1.1" 404 1245
2025-03-23 23:57:28,306 [DEBUG] Changing event name from creating-client-class.iot-data to creating-client-class.iot-data-plane
2025-03-23 23:57:28,313 [DEBUG] Changing event name from before-call.apigateway to before-call.api-gateway
2025-03-23 23:57:28,315 [DEBUG] Changing event name from request-created.machinelearning.Predict to request-created.machine-learning.Predict
2025-03-23 23:57:28,319 [DEBUG] Changing event name from before-parameter-build.autoscaling.CreateLaunchConfiguration to before-parameter-build.auto-scaling.CreateLaunchConfiguration
2025-03-23 23:57:28,321 [DEBUG] Changing event name from before-parameter-build.route53 to before-parameter-build.route-53
2025-03-23 23:57:28,323 [DEBUG] Changing event name from request-created.cloudsearchdomain.Search to request-created.cloudsearch-domain.Search
2025-03-23 23:57:28,325 [DEBUG] Changing event name from docs.*.autoscaling.CreateLaunchConfiguration.complete-section to docs.*.auto-scaling.CreateLaunchConfiguration.complete-section
2025-03-23 23:57:28,333 [DEBUG] Changing event name from before-parameter-build.logs.CreateExportTask to before-parameter-build.cloudwatch-logs.CreateExportTask
2025-03-23 23:57:28,334 [DEBUG] Changing event name from docs.*.logs.CreateExportTask.complete-section to docs.*.cloudwatch-logs.CreateExportTask.complete-section
2025-03-23 23:57:28,334 [DEBUG] Changing event name from before-parameter-build.cloudsearchdomain.Search to before-parameter-build.cloudsearch-domain.Search
2025-03-23 23:57:28,335 [DEBUG] Changing event name from docs.*.cloudsearchdomain.Search.complete-section to docs.*.cloudsearch-domain.Search.complete-section
2025-03-23 23:57:28,339 [DEBUG] Loading JSON file: /home/syed-hassan-ul-haq/repos/fin_scraper/venv/lib/python3.12/site-packages/botocore/data/endpoints.json
2025-03-23 23:57:28,401 [DEBUG] Loading JSON file: /home/syed-hassan-ul-haq/repos/fin_scraper/venv/lib/python3.12/site-packages/botocore/data/sdk-default-configuration.json
2025-03-23 23:57:28,402 [DEBUG] Event choose-service-name: calling handler <function handle_service_name_alias at 0x7e639f144b80>
2025-03-23 23:57:28,450 [DEBUG] Loading JSON file: /home/syed-hassan-ul-haq/repos/fin_scraper/venv/lib/python3.12/site-packages/botocore/data/s3/2006-03-01/service-2.json.gz
2025-03-23 23:57:28,476 [DEBUG] Loading JSON file: /home/syed-hassan-ul-haq/repos/fin_scraper/venv/lib/python3.12/site-packages/botocore/data/s3/2006-03-01/service-2.sdk-extras.json
2025-03-23 23:57:28,516 [DEBUG] Loading JSON file: /home/syed-hassan-ul-haq/repos/fin_scraper/venv/lib/python3.12/site-packages/botocore/data/s3/2006-03-01/endpoint-rule-set-1.json.gz
2025-03-23 23:57:28,527 [DEBUG] Loading JSON file: /home/syed-hassan-ul-haq/repos/fin_scraper/venv/lib/python3.12/site-packages/botocore/data/partitions.json
2025-03-23 23:57:28,530 [DEBUG] Event creating-client-class.s3: calling handler <function add_generate_presigned_post at 0x7e639f2d2700>
2025-03-23 23:57:28,530 [DEBUG] Event creating-client-class.s3: calling handler <function lazy_call.<locals>._handler at 0x7e639e2c3ba0>
2025-03-23 23:57:28,530 [DEBUG] Event creating-client-class.s3: calling handler <function add_generate_presigned_url at 0x7e639f2d2480>
2025-03-23 23:57:28,534 [DEBUG] Setting s3 timeout as (60, 60)
2025-03-23 23:57:28,560 [DEBUG] Loading JSON file: /home/syed-hassan-ul-haq/repos/fin_scraper/venv/lib/python3.12/site-packages/botocore/data/_retry.json
2025-03-23 23:57:28,561 [DEBUG] Registering retry handlers for service: s3
2025-03-23 23:57:28,562 [DEBUG] Registering S3 region redirector handler
2025-03-23 23:57:28,563 [DEBUG] Registering S3Express Identity Resolver
2025-03-23 23:57:38,565 [DEBUG] Constructed data object: {'file_name': '0001213900-21-028906-xbrl.zip', 'file_type': 'html', 'published_date': '2021-03-31', 'url': None, 'content_type': ['10-Q', 'sec_filing', 'three-month-results']}
2025-03-23 23:57:38,566 [DEBUG] Constructed final JSON: {'event_name': 'Q1 2021 Quarter Ended Mar 31, 2021 10-Q', 'equity_ticker': 'CORZ', 'geography': 'US', 'periodicity': 'non-periodic', 'data': [{'file_name': 'f10q0321_poweranddig.htm', 'file_type': 'html', 'published_date': '2021-03-31', 'url': None, 'content_type': ['10-Q', 'sec_filing', 'three-month-results']}, {'file_name': '0001213900-21-028906.pdf', 'file_type': 'html', 'published_date': '2021-03-31', 'url': None, 'content_type': ['10-Q', 'sec_filing', 'three-month-results']}, {'file_name': '0001213900-21-028906-xbrl.zip', 'file_type': 'html', 'published_date': '2021-03-31', 'url': None, 'content_type': ['10-Q', 'sec_filing', 'three-month-results']}]}
2025-03-23 23:57:38,566 [DEBUG] Returning constructed JSON.
2025-03-23 23:57:38,567 [INFO] Snippet #16 -> Event JSON created.
2025-03-23 23:57:38,578 [INFO] Done! Wrote 16 items to JSONS/CORZ_financial-information.json
