Document Type,Document Link,Description,Date
PX14A6G,https://www.sec.gov/Archives/edgar/data/21344/000121465925004431/0001214659-25-004431-index.htm,"Notice of exempt solicitation submitted by non-management
Acc-no: 0001214659-25-004431 (34 Act)  Size: 45 KB",3/17/2025
ARS,https://www.sec.gov/Archives/edgar/data/21344/000110465925024268/0001104659-25-024268-index.htm,"Annual Report to Security Holders
Acc-no: 0001104659-25-024268 (34 Act)  Size: 16 MB",3/17/2025
DEFA14A,https://www.sec.gov/Archives/edgar/data/21344/000155837025003061/0001558370-25-003061-index.htm,"Additional definitive proxy soliciting materials and Rule 14(a)(12) material
Acc-no: 0001558370-25-003061 (34 Act)  Size: 584 KB",3/17/2025
DEFA14A,https://www.sec.gov/Archives/edgar/data/21344/000155837025003059/0001558370-25-003059-index.htm,"Additional definitive proxy soliciting materials and Rule 14(a)(12) material
Acc-no: 0001558370-25-003059 (34 Act)  Size: 521 KB",3/17/2025
4,https://www.sec.gov/Archives/edgar/data/21344/000112760225009321/0001127602-25-009321-index.htm,"Statement of changes in beneficial ownership of securities
Acc-no: 0001127602-25-009321 Size: 7 KB",3/13/2025
144,https://www.sec.gov/Archives/edgar/data/21344/000195004725001751/0001950047-25-001751-index.htm,"Report of proposed sale of securities
Acc-no: 0001950047-25-001751 (33 Act)  Size: 4 KB",3/11/2025
4,https://www.sec.gov/Archives/edgar/data/21344/000112760225008968/0001127602-25-008968-index.htm,"Statement of changes in beneficial ownership of securities
Acc-no: 0001127602-25-008968 Size: 8 KB",3/11/2025
144,https://www.sec.gov/Archives/edgar/data/21344/000195004725001671/0001950047-25-001671-index.htm,"Report of proposed sale of securities
Acc-no: 0001950047-25-001671 (33 Act)  Size: 5 KB",3/7/2025
4,https://www.sec.gov/Archives/edgar/data/21344/000112760225007435/0001127602-25-007435-index.htm,"Statement of changes in beneficial ownership of securities
Acc-no: 0001127602-25-007435 Size: 9 KB",3/3/2025
4,https://www.sec.gov/Archives/edgar/data/21344/000112760225007432/0001127602-25-007432-index.htm,"Statement of changes in beneficial ownership of securities
Acc-no: 0001127602-25-007432 Size: 8 KB",3/3/2025
4,https://www.sec.gov/Archives/edgar/data/21344/000112760225007429/0001127602-25-007429-index.htm,"Statement of changes in beneficial ownership of securities
Acc-no: 0001127602-25-007429 Size: 6 KB",3/3/2025
4,https://www.sec.gov/Archives/edgar/data/21344/000112760225007427/0001127602-25-007427-index.htm,"Statement of changes in beneficial ownership of securities
Acc-no: 0001127602-25-007427 Size: 8 KB",3/3/2025
4,https://www.sec.gov/Archives/edgar/data/21344/000112760225007425/0001127602-25-007425-index.htm,"Statement of changes in beneficial ownership of securities
Acc-no: 0001127602-25-007425 Size: 7 KB",3/3/2025
4,https://www.sec.gov/Archives/edgar/data/21344/000112760225007423/0001127602-25-007423-index.htm,"Statement of changes in beneficial ownership of securities
Acc-no: 0001127602-25-007423 Size: 9 KB",3/3/2025
4,https://www.sec.gov/Archives/edgar/data/21344/000112760225007420/0001127602-25-007420-index.htm,"Statement of changes in beneficial ownership of securities
Acc-no: 0001127602-25-007420 Size: 8 KB",3/3/2025
4,https://www.sec.gov/Archives/edgar/data/21344/000112760225007418/0001127602-25-007418-index.htm,"Statement of changes in beneficial ownership of securities
Acc-no: 0001127602-25-007418 Size: 5 KB",3/3/2025
4,https://www.sec.gov/Archives/edgar/data/21344/000112760225007416/0001127602-25-007416-index.htm,"Statement of changes in beneficial ownership of securities
Acc-no: 0001127602-25-007416 Size: 8 KB",3/3/2025
4,https://www.sec.gov/Archives/edgar/data/21344/000112760225007414/0001127602-25-007414-index.htm,"Statement of changes in beneficial ownership of securities
Acc-no: 0001127602-25-007414 Size: 9 KB",3/3/2025
4,https://www.sec.gov/Archives/edgar/data/21344/000112760225007412/0001127602-25-007412-index.htm,"Statement of changes in beneficial ownership of securities
Acc-no: 0001127602-25-007412 Size: 8 KB",3/3/2025
4,https://www.sec.gov/Archives/edgar/data/21344/000112760225007410/0001127602-25-007410-index.htm,"Statement of changes in beneficial ownership of securities
Acc-no: 0001127602-25-007410 Size: 5 KB",3/3/2025
4,https://www.sec.gov/Archives/edgar/data/21344/000112760225007170/0001127602-25-007170-index.htm,"Statement of changes in beneficial ownership of securities
Acc-no: 0001127602-25-007170 Size: 7 KB",2/28/2025
4,https://www.sec.gov/Archives/edgar/data/21344/000112760225007084/0001127602-25-007084-index.htm,"Statement of changes in beneficial ownership of securities
Acc-no: 0001127602-25-007084 Size: 8 KB",2/27/2025
4,https://www.sec.gov/Archives/edgar/data/21344/000112760225007082/0001127602-25-007082-index.htm,"Statement of changes in beneficial ownership of securities
Acc-no: 0001127602-25-007082 Size: 11 KB",2/27/2025
4,https://www.sec.gov/Archives/edgar/data/21344/000112760225007080/0001127602-25-007080-index.htm,"Statement of changes in beneficial ownership of securities
Acc-no: 0001127602-25-007080 Size: 12 KB",2/27/2025
4,https://www.sec.gov/Archives/edgar/data/21344/000112760225007078/0001127602-25-007078-index.htm,"Statement of changes in beneficial ownership of securities
Acc-no: 0001127602-25-007078 Size: 8 KB",2/27/2025
144,https://www.sec.gov/Archives/edgar/data/21344/000195004725001296/0001950047-25-001296-index.htm,"Report of proposed sale of securities
Acc-no: 0001950047-25-001296 (33 Act)  Size: 4 KB",2/26/2025
144,https://www.sec.gov/Archives/edgar/data/21344/000195004725001289/0001950047-25-001289-index.htm,"Report of proposed sale of securities
Acc-no: 0001950047-25-001289 (33 Act)  Size: 6 KB",2/26/2025
144,https://www.sec.gov/Archives/edgar/data/21344/000195004725001219/0001950047-25-001219-index.htm,"Report of proposed sale of securities
Acc-no: 0001950047-25-001219 (33 Act)  Size: 4 KB",2/25/2025
144,https://www.sec.gov/Archives/edgar/data/21344/000195004725001218/0001950047-25-001218-index.htm,"Report of proposed sale of securities
Acc-no: 0001950047-25-001218 (33 Act)  Size: 5 KB",2/25/2025
4,https://www.sec.gov/Archives/edgar/data/21344/000112760225006527/0001127602-25-006527-index.htm,"Statement of changes in beneficial ownership of securities
Acc-no: 0001127602-25-006527 Size: 5 KB",2/25/2025
144,https://www.sec.gov/Archives/edgar/data/21344/000195004725001170/0001950047-25-001170-index.htm,"Report of proposed sale of securities
Acc-no: 0001950047-25-001170 (33 Act)  Size: 4 KB",2/24/2025
144,https://www.sec.gov/Archives/edgar/data/21344/000194984625000065/0001949846-25-000065-index.htm,"Report of proposed sale of securities
Acc-no: 0001949846-25-000065 (33 Act)  Size: 4 KB",2/24/2025
4,https://www.sec.gov/Archives/edgar/data/21344/000112760225006332/0001127602-25-006332-index.htm,"Statement of changes in beneficial ownership of securities
Acc-no: 0001127602-25-006332 Size: 6 KB",2/24/2025
4,https://www.sec.gov/Archives/edgar/data/21344/000112760225006330/0001127602-25-006330-index.htm,"Statement of changes in beneficial ownership of securities
Acc-no: 0001127602-25-006330 Size: 8 KB",2/24/2025
4,https://www.sec.gov/Archives/edgar/data/21344/000112760225006327/0001127602-25-006327-index.htm,"Statement of changes in beneficial ownership of securities
Acc-no: 0001127602-25-006327 Size: 9 KB",2/24/2025
4,https://www.sec.gov/Archives/edgar/data/21344/000112760225006325/0001127602-25-006325-index.htm,"Statement of changes in beneficial ownership of securities
Acc-no: 0001127602-25-006325 Size: 7 KB",2/24/2025
4,https://www.sec.gov/Archives/edgar/data/21344/000112760225006322/0001127602-25-006322-index.htm,"Statement of changes in beneficial ownership of securities
Acc-no: 0001127602-25-006322 Size: 8 KB",2/24/2025
4,https://www.sec.gov/Archives/edgar/data/21344/000112760225006319/0001127602-25-006319-index.htm,"Statement of changes in beneficial ownership of securities
Acc-no: 0001127602-25-006319 Size: 8 KB",2/24/2025
4,https://www.sec.gov/Archives/edgar/data/21344/000112760225006317/0001127602-25-006317-index.htm,"Statement of changes in beneficial ownership of securities
Acc-no: 0001127602-25-006317 Size: 10 KB",2/24/2025
4,https://www.sec.gov/Archives/edgar/data/21344/000112760225006315/0001127602-25-006315-index.htm,"Statement of changes in beneficial ownership of securities
Acc-no: 0001127602-25-006315 Size: 8 KB",2/24/2025
4,https://www.sec.gov/Archives/edgar/data/21344/000112760225006313/0001127602-25-006313-index.htm,"Statement of changes in beneficial ownership of securities
Acc-no: 0001127602-25-006313 Size: 8 KB",2/24/2025
4,https://www.sec.gov/Archives/edgar/data/21344/000112760225006311/0001127602-25-006311-index.htm,"Statement of changes in beneficial ownership of securities
Acc-no: 0001127602-25-006311 Size: 9 KB",2/24/2025
4,https://www.sec.gov/Archives/edgar/data/21344/000112760225006308/0001127602-25-006308-index.htm,"Statement of changes in beneficial ownership of securities
Acc-no: 0001127602-25-006308 Size: 6 KB",2/24/2025
4,https://www.sec.gov/Archives/edgar/data/21344/000112760225004315/0001127602-25-004315-index.htm,"Statement of changes in beneficial ownership of securities
Acc-no: 0001127602-25-004315 Size: 7 KB",2/12/2025
SCHEDULE 13D/A,https://www.sec.gov/Archives/edgar/data/21344/000155278125000017/0001552781-25-000017-index.htm,"[Amend] General Statement of Acquisition of Beneficial Ownership
Acc-no: 0001552781-25-000017 Size: 55 KB",1/28/2025
144,https://www.sec.gov/Archives/edgar/data/21344/000196535324000360/0001965353-24-000360-index.htm,"Report of proposed sale of securities
Acc-no: 0001965353-24-000360 (33 Act)  Size: 6 KB",11/27/2024
4,https://www.sec.gov/Archives/edgar/data/21344/000112760224028061/0001127602-24-028061-index.htm,"Statement of changes in beneficial ownership of securities
Acc-no: 0001127602-24-028061 Size: 7 KB",11/26/2024
4,https://www.sec.gov/Archives/edgar/data/21344/000112760224028051/0001127602-24-028051-index.htm,"Statement of changes in beneficial ownership of securities
Acc-no: 0001127602-24-028051 Size: 13 KB",11/26/2024
4,https://www.sec.gov/Archives/edgar/data/21344/000112760224026898/0001127602-24-026898-index.htm,"Statement of changes in beneficial ownership of securities
Acc-no: 0001127602-24-026898 Size: 8 KB",11/12/2024
144,https://www.sec.gov/Archives/edgar/data/21344/000194984624000652/0001949846-24-000652-index.htm,"Report of proposed sale of securities
Acc-no: 0001949846-24-000652 (33 Act)  Size: 5 KB",11/7/2024
4,https://www.sec.gov/Archives/edgar/data/21344/000112760224025794/0001127602-24-025794-index.htm,"Statement of changes in beneficial ownership of securities
Acc-no: 0001127602-24-025794 Size: 6 KB",10/21/2024
3,https://www.sec.gov/Archives/edgar/data/21344/000112760224025792/0001127602-24-025792-index.htm,"Initial statement of beneficial ownership of securities
Acc-no: 0001127602-24-025792 Size: 6 KB",10/21/2024
4,https://www.sec.gov/Archives/edgar/data/21344/000112760224023118/0001127602-24-023118-index.htm,"Statement of changes in beneficial ownership of securities
Acc-no: 0001127602-24-023118 Size: 10 KB",8/29/2024
4,https://www.sec.gov/Archives/edgar/data/21344/000112760224022954/0001127602-24-022954-index.htm,"Statement of changes in beneficial ownership of securities
Acc-no: 0001127602-24-022954 Size: 22 KB",8/27/2024
144,https://www.sec.gov/Archives/edgar/data/21344/000155278124000502/0001552781-24-000502-index.htm,"Report of proposed sale of securities
Acc-no: 0001552781-24-000502 (33 Act)  Size: 4 KB",8/26/2024
4,https://www.sec.gov/Archives/edgar/data/21344/000112760224022833/0001127602-24-022833-index.htm,"Statement of changes in beneficial ownership of securities
Acc-no: 0001127602-24-022833 Size: 34 KB",8/23/2024
4,https://www.sec.gov/Archives/edgar/data/21344/000112760224022831/0001127602-24-022831-index.htm,"Statement of changes in beneficial ownership of securities
Acc-no: 0001127602-24-022831 Size: 28 KB",8/23/2024
4,https://www.sec.gov/Archives/edgar/data/21344/000112760224022767/0001127602-24-022767-index.htm,"Statement of changes in beneficial ownership of securities
Acc-no: 0001127602-24-022767 Size: 11 KB",8/22/2024
144,https://www.sec.gov/Archives/edgar/data/21344/000195004724006367/0001950047-24-006367-index.htm,"Report of proposed sale of securities
Acc-no: 0001950047-24-006367 (33 Act)  Size: 5 KB",8/21/2024
144,https://www.sec.gov/Archives/edgar/data/21344/000195004724006356/0001950047-24-006356-index.htm,"Report of proposed sale of securities
Acc-no: 0001950047-24-006356 (33 Act)  Size: 4 KB",8/21/2024
144,https://www.sec.gov/Archives/edgar/data/21344/000195004724006354/0001950047-24-006354-index.htm,"Report of proposed sale of securities
Acc-no: 0001950047-24-006354 (33 Act)  Size: 4 KB",8/21/2024
CERT,https://www.sec.gov/Archives/edgar/data/21344/000087666124000797/0000876661-24-000797-index.htm,"Certification by an exchange approving securities for listing
Acc-no: 0000876661-24-000797 (34 Act)  Size: 39 KB",8/16/2024
8-A12B,https://www.sec.gov/Archives/edgar/data/21344/000155278124000498/0001552781-24-000498-index.htm,"Registration of securities [Section 12(b)]
Acc-no: 0001552781-24-000498 (34 Act)  Size: 24 KB",8/15/2024
4,https://www.sec.gov/Archives/edgar/data/21344/000112760224021929/0001127602-24-021929-index.htm,"Statement of changes in beneficial ownership of securities
Acc-no: 0001127602-24-021929 Size: 11 KB",8/9/2024
4,https://www.sec.gov/Archives/edgar/data/21344/000112760224021927/0001127602-24-021927-index.htm,"Statement of changes in beneficial ownership of securities
Acc-no: 0001127602-24-021927 Size: 10 KB",8/9/2024
FWP,https://www.sec.gov/Archives/edgar/data/21344/000155278124000447/0001552781-24-000447-index.htm,"Filing under Securities Act Rules 163/433 of free writing prospectuses
Acc-no: 0001552781-24-000447 (34 Act)  Size: 33 KB",8/9/2024
144,https://www.sec.gov/Archives/edgar/data/21344/000195004724005894/0001950047-24-005894-index.htm,"Report of proposed sale of securities
Acc-no: 0001950047-24-005894 (33 Act)  Size: 4 KB",8/8/2024
424B5,https://www.sec.gov/Archives/edgar/data/21344/000155278124000437/0001552781-24-000437-index.htm,"Prospectus [Rule 424(b)(5)]
Acc-no: 0001552781-24-000437 (33 Act)  Size: 537 KB",8/8/2024
FWP,https://www.sec.gov/Archives/edgar/data/21344/000155278124000436/0001552781-24-000436-index.htm,"Filing under Securities Act Rules 163/433 of free writing prospectuses
Acc-no: 0001552781-24-000436 (34 Act)  Size: 48 KB",8/8/2024
144,https://www.sec.gov/Archives/edgar/data/21344/000195004724005866/0001950047-24-005866-index.htm,"Report of proposed sale of securities
Acc-no: 0001950047-24-005866 (33 Act)  Size: 4 KB",8/7/2024
144,https://www.sec.gov/Archives/edgar/data/21344/000155278124000433/0001552781-24-000433-index.htm,"Report of proposed sale of securities
Acc-no: 0001552781-24-000433 (33 Act)  Size: 5 KB",8/7/2024
4,https://www.sec.gov/Archives/edgar/data/21344/000112760224021776/0001127602-24-021776-index.htm,"Statement of changes in beneficial ownership of securities
Acc-no: 0001127602-24-021776 Size: 11 KB",8/7/2024
424B5,https://www.sec.gov/Archives/edgar/data/21344/000155278124000426/0001552781-24-000426-index.htm,"Prospectus [Rule 424(b)(5)]
Acc-no: 0001552781-24-000426 (33 Act)  Size: 477 KB",8/7/2024
4,https://www.sec.gov/Archives/edgar/data/21344/000112760224021724/0001127602-24-021724-index.htm,"Statement of changes in beneficial ownership of securities
Acc-no: 0001127602-24-021724 Size: 10 KB",8/6/2024
144,https://www.sec.gov/Archives/edgar/data/21344/000195004724005829/0001950047-24-005829-index.htm,"Report of proposed sale of securities
Acc-no: 0001950047-24-005829 (33 Act)  Size: 4 KB",8/6/2024
4,https://www.sec.gov/Archives/edgar/data/21344/000112760224021588/0001127602-24-021588-index.htm,"Statement of changes in beneficial ownership of securities
Acc-no: 0001127602-24-021588 Size: 9 KB",8/5/2024
144,https://www.sec.gov/Archives/edgar/data/21344/000195004724005791/0001950047-24-005791-index.htm,"Report of proposed sale of securities
Acc-no: 0001950047-24-005791 (33 Act)  Size: 7 KB",8/2/2024
144,https://www.sec.gov/Archives/edgar/data/21344/000195004724005790/0001950047-24-005790-index.htm,"Report of proposed sale of securities
Acc-no: 0001950047-24-005790 (33 Act)  Size: 4 KB",8/2/2024
4,https://www.sec.gov/Archives/edgar/data/21344/000112760224021150/0001127602-24-021150-index.htm,"Statement of changes in beneficial ownership of securities
Acc-no: 0001127602-24-021150 Size: 17 KB",7/30/2024
144,https://www.sec.gov/Archives/edgar/data/21344/000195004724005616/0001950047-24-005616-index.htm,"Report of proposed sale of securities
Acc-no: 0001950047-24-005616 (33 Act)  Size: 6 KB",7/26/2024
11-K/A,https://www.sec.gov/Archives/edgar/data/21344/000002134424000033/0000021344-24-000033-index.htm,"[Amend] Annual report of employee stock purchase, savings and similar plans
Acc-no: 0000021344-24-000033 (34 Act)  Size: 458 KB",7/22/2024
11-K/A,https://www.sec.gov/Archives/edgar/data/21344/000002134424000031/0000021344-24-000031-index.htm,"[Amend] Annual report of employee stock purchase, savings and similar plans
Acc-no: 0000021344-24-000031 (34 Act)  Size: 459 KB",7/22/2024
4,https://www.sec.gov/Archives/edgar/data/21344/000112760224020707/0001127602-24-020707-index.htm,"Statement of changes in beneficial ownership of securities
Acc-no: 0001127602-24-020707 Size: 11 KB",7/19/2024
144,https://www.sec.gov/Archives/edgar/data/21344/000195004724005494/0001950047-24-005494-index.htm,"Report of proposed sale of securities
Acc-no: 0001950047-24-005494 (33 Act)  Size: 6 KB",7/17/2024
4,https://www.sec.gov/Archives/edgar/data/21344/000155278124000392/0001552781-24-000392-index.htm,"Statement of changes in beneficial ownership of securities
Acc-no: 0001552781-24-000392 (34 Act)  Size: 5 KB",7/5/2024
SC 13D/A,https://www.sec.gov/Archives/edgar/data/21344/000155278124000391/0001552781-24-000391-index.htm,"[Amend] General Statement of Acquisition of Beneficial Ownership
Acc-no: 0001552781-24-000391 Size: 76 KB",7/5/2024
4,https://www.sec.gov/Archives/edgar/data/21344/000112760224018886/0001127602-24-018886-index.htm,"Statement of changes in beneficial ownership of securities
Acc-no: 0001127602-24-018886 Size: 8 KB",6/18/2024
144,https://www.sec.gov/Archives/edgar/data/21344/000195004724004766/0001950047-24-004766-index.htm,"Report of proposed sale of securities
Acc-no: 0001950047-24-004766 (33 Act)  Size: 4 KB",6/14/2024
4,https://www.sec.gov/Archives/edgar/data/21344/000112760224018549/0001127602-24-018549-index.htm,"Statement of changes in beneficial ownership of securities
Acc-no: 0001127602-24-018549 Size: 11 KB",6/13/2024
144,https://www.sec.gov/Archives/edgar/data/21344/000195004724004612/0001950047-24-004612-index.htm,"Report of proposed sale of securities
Acc-no: 0001950047-24-004612 (33 Act)  Size: 6 KB",6/11/2024
11-K,https://www.sec.gov/Archives/edgar/data/21344/000002134424000027/0000021344-24-000027-index.htm,"Annual report of employee stock purchase, savings and similar plans
Acc-no: 0000021344-24-000027 (34 Act)  Size: 453 KB",6/4/2024
11-K,https://www.sec.gov/Archives/edgar/data/21344/000002134424000025/0000021344-24-000025-index.htm,"Annual report of employee stock purchase, savings and similar plans
Acc-no: 0000021344-24-000025 (34 Act)  Size: 469 KB",6/4/2024
4,https://www.sec.gov/Archives/edgar/data/21344/000112760224015565/0001127602-24-015565-index.htm,"Statement of changes in beneficial ownership of securities
Acc-no: 0001127602-24-015565 Size: 11 KB",5/16/2024
144,https://www.sec.gov/Archives/edgar/data/21344/000195004724003700/0001950047-24-003700-index.htm,"Report of proposed sale of securities
Acc-no: 0001950047-24-003700 (33 Act)  Size: 4 KB",5/15/2024
CERT,https://www.sec.gov/Archives/edgar/data/21344/000087666124000344/0000876661-24-000344-index.htm,"Certification by an exchange approving securities for listing
Acc-no: 0000876661-24-000344 (34 Act)  Size: 40 KB",5/14/2024
8-A12B,https://www.sec.gov/Archives/edgar/data/21344/000155278124000326/0001552781-24-000326-index.htm,"Registration of securities [Section 12(b)]
Acc-no: 0001552781-24-000326 (34 Act)  Size: 149 KB",5/14/2024
4,https://www.sec.gov/Archives/edgar/data/21344/000112760224015229/0001127602-24-015229-index.htm,"Statement of changes in beneficial ownership of securities
Acc-no: 0001127602-24-015229 Size: 11 KB",5/14/2024
144,https://www.sec.gov/Archives/edgar/data/21344/000195004724003561/0001950047-24-003561-index.htm,"Report of proposed sale of securities
Acc-no: 0001950047-24-003561 (33 Act)  Size: 4 KB",5/10/2024
4,https://www.sec.gov/Archives/edgar/data/21344/000112760224014976/0001127602-24-014976-index.htm,"Statement of changes in beneficial ownership of securities
Acc-no: 0001127602-24-014976 Size: 12 KB",5/10/2024
144,https://www.sec.gov/Archives/edgar/data/21344/000195004724003539/0001950047-24-003539-index.htm,"Report of proposed sale of securities
Acc-no: 0001950047-24-003539 (33 Act)  Size: 4 KB",5/9/2024
4,https://www.sec.gov/Archives/edgar/data/21344/000112760224014740/0001127602-24-014740-index.htm,"Statement of changes in beneficial ownership of securities
Acc-no: 0001127602-24-014740 Size: 11 KB",5/9/2024
424B2,https://www.sec.gov/Archives/edgar/data/21344/000155278124000298/0001552781-24-000298-index.htm,"Prospectus [Rule 424(b)(2)]
Acc-no: 0001552781-24-000298 (33 Act)  Size: 564 KB",5/8/2024
424B2,https://www.sec.gov/Archives/edgar/data/21344/000155278124000297/0001552781-24-000297-index.htm,"Prospectus [Rule 424(b)(2)]
Acc-no: 0001552781-24-000297 (33 Act)  Size: 485 KB",5/8/2024
4,https://www.sec.gov/Archives/edgar/data/21344/000112760224014574/0001127602-24-014574-index.htm,"Statement of changes in beneficial ownership of securities
Acc-no: 0001127602-24-014574 Size: 11 KB",5/8/2024
FWP,https://www.sec.gov/Archives/edgar/data/21344/000155278124000288/0001552781-24-000288-index.htm,"Filing under Securities Act Rules 163/433 of free writing prospectuses
Acc-no: 0001552781-24-000288 (34 Act)  Size: 49 KB",5/7/2024
144,https://www.sec.gov/Archives/edgar/data/21344/000195004724003464/0001950047-24-003464-index.htm,"Report of proposed sale of securities
Acc-no: 0001950047-24-003464 (33 Act)  Size: 5 KB",5/7/2024
144,https://www.sec.gov/Archives/edgar/data/21344/000195004724003462/0001950047-24-003462-index.htm,"Report of proposed sale of securities
Acc-no: 0001950047-24-003462 (33 Act)  Size: 4 KB",5/7/2024
4,https://www.sec.gov/Archives/edgar/data/21344/000112760224014411/0001127602-24-014411-index.htm,"Statement of changes in beneficial ownership of securities
Acc-no: 0001127602-24-014411 Size: 11 KB",5/7/2024
424B5,https://www.sec.gov/Archives/edgar/data/21344/000155278124000280/0001552781-24-000280-index.htm,"Prospectus [Rule 424(b)(5)]
Acc-no: 0001552781-24-000280 (33 Act)  Size: 550 KB",5/7/2024
FWP,https://www.sec.gov/Archives/edgar/data/21344/000155278124000278/0001552781-24-000278-index.htm,"Filing under Securities Act Rules 163/433 of free writing prospectuses
Acc-no: 0001552781-24-000278 (34 Act)  Size: 32 KB",5/7/2024
SC 13D/A,https://www.sec.gov/Archives/edgar/data/21344/000155278124000276/0001552781-24-000276-index.htm,"[Amend] General Statement of Acquisition of Beneficial Ownership
Acc-no: 0001552781-24-000276 Size: 184 KB",5/6/2024
144,https://www.sec.gov/Archives/edgar/data/21344/000195004724003384/0001950047-24-003384-index.htm,"Report of proposed sale of securities
Acc-no: 0001950047-24-003384 (33 Act)  Size: 4 KB",5/6/2024
424B5,https://www.sec.gov/Archives/edgar/data/21344/000155278124000274/0001552781-24-000274-index.htm,"Prospectus [Rule 424(b)(5)]
Acc-no: 0001552781-24-000274 (33 Act)  Size: 464 KB",5/6/2024
S-8 POS,https://www.sec.gov/Archives/edgar/data/21344/000155278124000266/0001552781-24-000266-index.htm,"Securities to be offered to employees in employee benefit plans, post-effective amendments
Acc-no: 0001552781-24-000266 (33 Act)  Size: 173 KB",5/2/2024
S-8,https://www.sec.gov/Archives/edgar/data/21344/000155278124000265/0001552781-24-000265-index.htm,"Securities to be offered to employees in employee benefit plans
Acc-no: 0001552781-24-000265 (33 Act)  Size: 505 KB",5/2/2024
PX14A6G,https://www.sec.gov/Archives/edgar/data/21344/000109690624000793/0001096906-24-000793-index.htm,"Notice of exempt solicitation submitted by non-management
Acc-no: 0001096906-24-000793 (34 Act)  Size: 41 KB",4/11/2024
PX14A6G,https://www.sec.gov/Archives/edgar/data/21344/000121465924006503/0001214659-24-006503-index.htm,"Notice of exempt solicitation submitted by non-management
Acc-no: 0001214659-24-006503 (34 Act)  Size: 42 KB",4/10/2024
4,https://www.sec.gov/Archives/edgar/data/21344/000112760224012139/0001127602-24-012139-index.htm,"Statement of changes in beneficial ownership of securities
Acc-no: 0001127602-24-012139 Size: 6 KB",4/3/2024
4,https://www.sec.gov/Archives/edgar/data/21344/000112760224012136/0001127602-24-012136-index.htm,"Statement of changes in beneficial ownership of securities
Acc-no: 0001127602-24-012136 Size: 6 KB",4/3/2024
4,https://www.sec.gov/Archives/edgar/data/21344/000112760224012131/0001127602-24-012131-index.htm,"Statement of changes in beneficial ownership of securities
Acc-no: 0001127602-24-012131 Size: 6 KB",4/3/2024
4,https://www.sec.gov/Archives/edgar/data/21344/000112760224012123/0001127602-24-012123-index.htm,"Statement of changes in beneficial ownership of securities
Acc-no: 0001127602-24-012123 Size: 10 KB",4/3/2024
4,https://www.sec.gov/Archives/edgar/data/21344/000112760224012119/0001127602-24-012119-index.htm,"Statement of changes in beneficial ownership of securities
Acc-no: 0001127602-24-012119 Size: 7 KB",4/3/2024
4,https://www.sec.gov/Archives/edgar/data/21344/000112760224012086/0001127602-24-012086-index.htm,"Statement of changes in beneficial ownership of securities
Acc-no: 0001127602-24-012086 Size: 6 KB",4/3/2024
4,https://www.sec.gov/Archives/edgar/data/21344/000112760224012084/0001127602-24-012084-index.htm,"Statement of changes in beneficial ownership of securities
Acc-no: 0001127602-24-012084 Size: 6 KB",4/3/2024
4,https://www.sec.gov/Archives/edgar/data/21344/000112760224012082/0001127602-24-012082-index.htm,"Statement of changes in beneficial ownership of securities
Acc-no: 0001127602-24-012082 Size: 6 KB",4/3/2024
4,https://www.sec.gov/Archives/edgar/data/21344/000112760224012080/0001127602-24-012080-index.htm,"Statement of changes in beneficial ownership of securities
Acc-no: 0001127602-24-012080 Size: 6 KB",4/3/2024
4,https://www.sec.gov/Archives/edgar/data/21344/000112760224012078/0001127602-24-012078-index.htm,"Statement of changes in beneficial ownership of securities
Acc-no: 0001127602-24-012078 Size: 6 KB",4/3/2024
4,https://www.sec.gov/Archives/edgar/data/21344/000112760224012076/0001127602-24-012076-index.htm,"Statement of changes in beneficial ownership of securities
Acc-no: 0001127602-24-012076 Size: 6 KB",4/3/2024
4,https://www.sec.gov/Archives/edgar/data/21344/000112760224012074/0001127602-24-012074-index.htm,"Statement of changes in beneficial ownership of securities
Acc-no: 0001127602-24-012074 Size: 6 KB",4/3/2024
4,https://www.sec.gov/Archives/edgar/data/21344/000112760224012072/0001127602-24-012072-index.htm,"Statement of changes in beneficial ownership of securities
Acc-no: 0001127602-24-012072 Size: 6 KB",4/3/2024
PX14A6G,https://www.sec.gov/Archives/edgar/data/21344/000121465924005291/0001214659-24-005291-index.htm,"Notice of exempt solicitation submitted by non-management
Acc-no: 0001214659-24-005291 (34 Act)  Size: 31 KB",3/27/2024
ARS,https://www.sec.gov/Archives/edgar/data/21344/000110465924035312/0001104659-24-035312-index.htm,"Annual Report to Security Holders
Acc-no: 0001104659-24-035312 (34 Act)  Size: 17 MB",3/18/2024
DEFA14A,https://www.sec.gov/Archives/edgar/data/21344/000155837024003470/0001558370-24-003470-index.htm,"Additional definitive proxy soliciting materials and Rule 14(a)(12) material
Acc-no: 0001558370-24-003470 (34 Act)  Size: 804 KB",3/18/2024
DEFA14A,https://www.sec.gov/Archives/edgar/data/21344/000155837024003469/0001558370-24-003469-index.htm,"Additional definitive proxy soliciting materials and Rule 14(a)(12) material
Acc-no: 0001558370-24-003469 (34 Act)  Size: 145 KB",3/18/2024
4,https://www.sec.gov/Archives/edgar/data/21344/000112760224010244/0001127602-24-010244-index.htm,"Statement of changes in beneficial ownership of securities
Acc-no: 0001127602-24-010244 Size: 11 KB",3/15/2024
144,https://www.sec.gov/Archives/edgar/data/21344/000195004724002243/0001950047-24-002243-index.htm,"Report of proposed sale of securities
Acc-no: 0001950047-24-002243 (33 Act)  Size: 5 KB",3/13/2024
4/A,https://www.sec.gov/Archives/edgar/data/21344/000112760224009615/0001127602-24-009615-index.htm,"[Amend] Statement of changes in beneficial ownership of securities
Acc-no: 0001127602-24-009615 Size: 10 KB",3/12/2024
25-NSE,https://www.sec.gov/Archives/edgar/data/21344/000087666124000139/0000876661-24-000139-index.htm,"Notification filed by national security exchange to report the removal from listing and registration of matured, redeemed or retired securities
Acc-no: 0000876661-24-000139 (34 Act)  Size: 3 KB",3/8/2024
4,https://www.sec.gov/Archives/edgar/data/21344/000112760224008768/0001127602-24-008768-index.htm,"Statement of changes in beneficial ownership of securities
Acc-no: 0001127602-24-008768 Size: 5 KB",3/6/2024
4/A,https://www.sec.gov/Archives/edgar/data/21344/000112760224008766/0001127602-24-008766-index.htm,"[Amend] Statement of changes in beneficial ownership of securities
Acc-no: 0001127602-24-008766 Size: 7 KB",3/6/2024
144,https://www.sec.gov/Archives/edgar/data/21344/000195004724001752/0001950047-24-001752-index.htm,"Report of proposed sale of securities
Acc-no: 0001950047-24-001752 (33 Act)  Size: 4 KB",3/4/2024
4,https://www.sec.gov/Archives/edgar/data/21344/000112760224007786/0001127602-24-007786-index.htm,"Statement of changes in beneficial ownership of securities
Acc-no: 0001127602-24-007786 Size: 8 KB",3/1/2024
4,https://www.sec.gov/Archives/edgar/data/21344/000112760224007782/0001127602-24-007782-index.htm,"Statement of changes in beneficial ownership of securities
Acc-no: 0001127602-24-007782 Size: 5 KB",3/1/2024
4,https://www.sec.gov/Archives/edgar/data/21344/000112760224007780/0001127602-24-007780-index.htm,"Statement of changes in beneficial ownership of securities
Acc-no: 0001127602-24-007780 Size: 9 KB",3/1/2024
4,https://www.sec.gov/Archives/edgar/data/21344/000112760224007778/0001127602-24-007778-index.htm,"Statement of changes in beneficial ownership of securities
Acc-no: 0001127602-24-007778 Size: 8 KB",3/1/2024
4,https://www.sec.gov/Archives/edgar/data/21344/000112760224007772/0001127602-24-007772-index.htm,"Statement of changes in beneficial ownership of securities
Acc-no: 0001127602-24-007772 Size: 7 KB",3/1/2024
4,https://www.sec.gov/Archives/edgar/data/21344/000112760224007768/0001127602-24-007768-index.htm,"Statement of changes in beneficial ownership of securities
Acc-no: 0001127602-24-007768 Size: 5 KB",3/1/2024
4,https://www.sec.gov/Archives/edgar/data/21344/000112760224007763/0001127602-24-007763-index.htm,"Statement of changes in beneficial ownership of securities
Acc-no: 0001127602-24-007763 Size: 8 KB",3/1/2024
4,https://www.sec.gov/Archives/edgar/data/21344/000112760224007755/0001127602-24-007755-index.htm,"Statement of changes in beneficial ownership of securities
Acc-no: 0001127602-24-007755 Size: 9 KB",3/1/2024
4,https://www.sec.gov/Archives/edgar/data/21344/000112760224007748/0001127602-24-007748-index.htm,"Statement of changes in beneficial ownership of securities
Acc-no: 0001127602-24-007748 Size: 8 KB",3/1/2024
4,https://www.sec.gov/Archives/edgar/data/21344/000112760224007744/0001127602-24-007744-index.htm,"Statement of changes in beneficial ownership of securities
Acc-no: 0001127602-24-007744 Size: 5 KB",3/1/2024
4,https://www.sec.gov/Archives/edgar/data/21344/000112760224007742/0001127602-24-007742-index.htm,"Statement of changes in beneficial ownership of securities
Acc-no: 0001127602-24-007742 Size: 8 KB",3/1/2024
4,https://www.sec.gov/Archives/edgar/data/21344/000112760224007738/0001127602-24-007738-index.htm,"Statement of changes in beneficial ownership of securities
Acc-no: 0001127602-24-007738 Size: 8 KB",3/1/2024
4,https://www.sec.gov/Archives/edgar/data/21344/000112760224007736/0001127602-24-007736-index.htm,"Statement of changes in beneficial ownership of securities
Acc-no: 0001127602-24-007736 Size: 5 KB",3/1/2024
4,https://www.sec.gov/Archives/edgar/data/21344/000112760224007377/0001127602-24-007377-index.htm,"Statement of changes in beneficial ownership of securities
Acc-no: 0001127602-24-007377 Size: 10 KB",2/28/2024
4,https://www.sec.gov/Archives/edgar/data/21344/000112760224006809/0001127602-24-006809-index.htm,"Statement of changes in beneficial ownership of securities
Acc-no: 0001127602-24-006809 Size: 8 KB",2/26/2024
144,https://www.sec.gov/Archives/edgar/data/21344/000194984624000063/0001949846-24-000063-index.htm,"Report of proposed sale of securities
Acc-no: 0001949846-24-000063 (33 Act)  Size: 4 KB",2/21/2024
4,https://www.sec.gov/Archives/edgar/data/21344/000112760224005641/0001127602-24-005641-index.htm,"Statement of changes in beneficial ownership of securities
Acc-no: 0001127602-24-005641 Size: 10 KB",2/20/2024
4,https://www.sec.gov/Archives/edgar/data/21344/000112760224005639/0001127602-24-005639-index.htm,"Statement of changes in beneficial ownership of securities
Acc-no: 0001127602-24-005639 Size: 8 KB",2/20/2024
4,https://www.sec.gov/Archives/edgar/data/21344/000112760224005634/0001127602-24-005634-index.htm,"Statement of changes in beneficial ownership of securities
Acc-no: 0001127602-24-005634 Size: 9 KB",2/20/2024
4,https://www.sec.gov/Archives/edgar/data/21344/000112760224005632/0001127602-24-005632-index.htm,"Statement of changes in beneficial ownership of securities
Acc-no: 0001127602-24-005632 Size: 9 KB",2/20/2024
4,https://www.sec.gov/Archives/edgar/data/21344/000112760224005630/0001127602-24-005630-index.htm,"Statement of changes in beneficial ownership of securities
Acc-no: 0001127602-24-005630 Size: 8 KB",2/20/2024
4,https://www.sec.gov/Archives/edgar/data/21344/000112760224005628/0001127602-24-005628-index.htm,"Statement of changes in beneficial ownership of securities
Acc-no: 0001127602-24-005628 Size: 7 KB",2/20/2024
4,https://www.sec.gov/Archives/edgar/data/21344/000112760224005626/0001127602-24-005626-index.htm,"Statement of changes in beneficial ownership of securities
Acc-no: 0001127602-24-005626 Size: 8 KB",2/20/2024
4,https://www.sec.gov/Archives/edgar/data/21344/000112760224005624/0001127602-24-005624-index.htm,"Statement of changes in beneficial ownership of securities
Acc-no: 0001127602-24-005624 Size: 8 KB",2/20/2024
4,https://www.sec.gov/Archives/edgar/data/21344/000112760224005622/0001127602-24-005622-index.htm,"Statement of changes in beneficial ownership of securities
Acc-no: 0001127602-24-005622 Size: 6 KB",2/20/2024
4,https://www.sec.gov/Archives/edgar/data/21344/000112760224005620/0001127602-24-005620-index.htm,"Statement of changes in beneficial ownership of securities
Acc-no: 0001127602-24-005620 Size: 9 KB",2/20/2024
4,https://www.sec.gov/Archives/edgar/data/21344/000112760224005619/0001127602-24-005619-index.htm,"Statement of changes in beneficial ownership of securities
Acc-no: 0001127602-24-005619 Size: 8 KB",2/20/2024
4,https://www.sec.gov/Archives/edgar/data/21344/000112760224005616/0001127602-24-005616-index.htm,"Statement of changes in beneficial ownership of securities
Acc-no: 0001127602-24-005616 Size: 6 KB",2/20/2024
4,https://www.sec.gov/Archives/edgar/data/21344/000112760224004991/0001127602-24-004991-index.htm,"Statement of changes in beneficial ownership of securities
Acc-no: 0001127602-24-004991 Size: 7 KB",2/14/2024
SC 13G/A,https://www.sec.gov/Archives/edgar/data/21344/000110465924020631/0001104659-24-020631-index.htm,"[Amend] Statement of Beneficial Ownership by Certain Investors
Acc-no: 0001104659-24-020631 (34 Act)  Size: 12 KB",2/13/2024
4,https://www.sec.gov/Archives/edgar/data/21344/000112760224002866/0001127602-24-002866-index.htm,"Statement of changes in beneficial ownership of securities
Acc-no: 0001127602-24-002866 Size: 16 KB",2/1/2024
144,https://www.sec.gov/Archives/edgar/data/21344/000195004724000512/0001950047-24-000512-index.htm,"Report of proposed sale of securities
Acc-no: 0001950047-24-000512 (33 Act)  Size: 4 KB",1/30/2024
SC 13G/A,https://www.sec.gov/Archives/edgar/data/21344/000108636424004585/0001086364-24-004585-index.htm,"[Amend] Statement of Beneficial Ownership by Certain Investors
Acc-no: 0001086364-24-004585 (34 Act)  Size: 13 KB",1/26/2024
4,https://www.sec.gov/Archives/edgar/data/21344/000112760223030287/0001127602-23-030287-index.htm,"Statement of changes in beneficial ownership of securities
Acc-no: 0001127602-23-030287 Size: 7 KB",12/21/2023
4,https://www.sec.gov/Archives/edgar/data/21344/000112760223030165/0001127602-23-030165-index.htm,"Statement of changes in beneficial ownership of securities
Acc-no: 0001127602-23-030165 Size: 12 KB",12/20/2023
144,https://www.sec.gov/Archives/edgar/data/21344/000195004723006240/0001950047-23-006240-index.htm,"Report of proposed sale of securities
Acc-no: 0001950047-23-006240 (33 Act)  Size: 6 KB",12/18/2023
4,https://www.sec.gov/Archives/edgar/data/21344/000112760223029557/0001127602-23-029557-index.htm,"Statement of changes in beneficial ownership of securities
Acc-no: 0001127602-23-029557 Size: 4 KB",12/13/2023
4,https://www.sec.gov/Archives/edgar/data/21344/000112760223027975/0001127602-23-027975-index.htm,"Statement of changes in beneficial ownership of securities
Acc-no: 0001127602-23-027975 Size: 12 KB",11/20/2023
4,https://www.sec.gov/Archives/edgar/data/21344/000112760223027955/0001127602-23-027955-index.htm,"Statement of changes in beneficial ownership of securities
Acc-no: 0001127602-23-027955 Size: 11 KB",11/20/2023
144,https://www.sec.gov/Archives/edgar/data/21344/000195004723005180/0001950047-23-005180-index.htm,"Report of proposed sale of securities
Acc-no: 0001950047-23-005180 (33 Act)  Size: 4 KB",11/17/2023
144,https://www.sec.gov/Archives/edgar/data/21344/000195004723005104/0001950047-23-005104-index.htm,"Report of proposed sale of securities
Acc-no: 0001950047-23-005104 (33 Act)  Size: 6 KB",11/16/2023
4,https://www.sec.gov/Archives/edgar/data/21344/000112760223026348/0001127602-23-026348-index.htm,"Statement of changes in beneficial ownership of securities
Acc-no: 0001127602-23-026348 Size: 11 KB",10/30/2023
144,https://www.sec.gov/Archives/edgar/data/21344/000195004723004616/0001950047-23-004616-index.htm,"Report of proposed sale of securities
Acc-no: 0001950047-23-004616 (33 Act)  Size: 5 KB",10/26/2023
4,https://www.sec.gov/Archives/edgar/data/21344/000112760223026085/0001127602-23-026085-index.htm,"Statement of changes in beneficial ownership of securities
Acc-no: 0001127602-23-026085 Size: 5 KB",10/19/2023
4,https://www.sec.gov/Archives/edgar/data/21344/000112760223026083/0001127602-23-026083-index.htm,"Statement of changes in beneficial ownership of securities
Acc-no: 0001127602-23-026083 Size: 12 KB",10/19/2023
144,https://www.sec.gov/Archives/edgar/data/21344/000195004723004548/0001950047-23-004548-index.htm,"Report of proposed sale of securities
Acc-no: 0001950047-23-004548 (33 Act)  Size: 5 KB",10/17/2023
4,https://www.sec.gov/Archives/edgar/data/21344/000112760223024525/0001127602-23-024525-index.htm,"Statement of changes in beneficial ownership of securities
Acc-no: 0001127602-23-024525 Size: 12 KB",9/20/2023
144,https://www.sec.gov/Archives/edgar/data/21344/000195004723004138/0001950047-23-004138-index.htm,"Report of proposed sale of securities
Acc-no: 0001950047-23-004138 (33 Act)  Size: 4 KB",9/18/2023
4,https://www.sec.gov/Archives/edgar/data/21344/000112760223022461/0001127602-23-022461-index.htm,"Statement of changes in beneficial ownership of securities
Acc-no: 0001127602-23-022461 Size: 11 KB",8/14/2023
144,https://www.sec.gov/Archives/edgar/data/21344/000195004723002976/0001950047-23-002976-index.htm,"Report of proposed sale of securities
Acc-no: 0001950047-23-002976 (33 Act)  Size: 4 KB",8/10/2023
4,https://www.sec.gov/Archives/edgar/data/21344/000112760223021988/0001127602-23-021988-index.htm,"Statement of changes in beneficial ownership of securities
Acc-no: 0001127602-23-021988 Size: 11 KB",8/4/2023
144,https://www.sec.gov/Archives/edgar/data/21344/000195004723002724/0001950047-23-002724-index.htm,"Report of proposed sale of securities
Acc-no: 0001950047-23-002724 (33 Act)  Size: 4 KB",8/2/2023
4,https://www.sec.gov/Archives/edgar/data/21344/000112760223021493/0001127602-23-021493-index.htm,"Statement of changes in beneficial ownership of securities
Acc-no: 0001127602-23-021493 Size: 11 KB",7/28/2023
144,https://www.sec.gov/Archives/edgar/data/21344/000195004723002557/0001950047-23-002557-index.htm,"Report of proposed sale of securities
Acc-no: 0001950047-23-002557 (33 Act)  Size: 4 KB",7/27/2023
4,https://www.sec.gov/Archives/edgar/data/21344/000112760223021127/0001127602-23-021127-index.htm,"Statement of changes in beneficial ownership of securities
Acc-no: 0001127602-23-021127 Size: 6 KB",7/21/2023
3,https://www.sec.gov/Archives/edgar/data/21344/000112760223021125/0001127602-23-021125-index.htm,"Initial statement of beneficial ownership of securities
Acc-no: 0001127602-23-021125 Size: 6 KB",7/21/2023
4,https://www.sec.gov/Archives/edgar/data/21344/000112760223019827/0001127602-23-019827-index.htm,"Statement of changes in beneficial ownership of securities
Acc-no: 0001127602-23-019827 Size: 6 KB",7/5/2023
3,https://www.sec.gov/Archives/edgar/data/21344/000112760223019825/0001127602-23-019825-index.htm,"Initial statement of beneficial ownership of securities
Acc-no: 0001127602-23-019825 Size: 6 KB",7/5/2023
11-K,https://www.sec.gov/Archives/edgar/data/21344/000002134423000038/0000021344-23-000038-index.htm,"Annual report of employee stock purchase, savings and similar plans
Acc-no: 0000021344-23-000038 (34 Act)  Size: 474 KB",6/14/2023
11-K,https://www.sec.gov/Archives/edgar/data/21344/000002134423000036/0000021344-23-000036-index.htm,"Annual report of employee stock purchase, savings and similar plans
Acc-no: 0000021344-23-000036 (34 Act)  Size: 457 KB",6/14/2023
4,https://www.sec.gov/Archives/edgar/data/21344/000112760223018595/0001127602-23-018595-index.htm,"Statement of changes in beneficial ownership of securities
Acc-no: 0001127602-23-018595 Size: 5 KB",6/12/2023
144,https://www.sec.gov/Archives/edgar/data/21344/000002134423000030/0000021344-23-000030-index.htm,"Report of proposed sale of securities
Acc-no: 0000021344-23-000030 (33 Act)  Size: 4 KB",6/12/2023
144,https://www.sec.gov/Archives/edgar/data/21344/000002134423000028/0000021344-23-000028-index.htm,"Report of proposed sale of securities
Acc-no: 0000021344-23-000028 (33 Act)  Size: 3 KB",6/12/2023
4,https://www.sec.gov/Archives/edgar/data/21344/000112760223015698/0001127602-23-015698-index.htm,"Statement of changes in beneficial ownership of securities
Acc-no: 0001127602-23-015698 Size: 7 KB",5/16/2023
4,https://www.sec.gov/Archives/edgar/data/21344/000112760223015491/0001127602-23-015491-index.htm,"Statement of changes in beneficial ownership of securities
Acc-no: 0001127602-23-015491 Size: 10 KB",5/15/2023
144,https://www.sec.gov/Archives/edgar/data/21344/000196535323000028/0001965353-23-000028-index.htm,"Report of proposed sale of securities
Acc-no: 0001965353-23-000028 (33 Act)  Size: 4 KB",5/12/2023
4,https://www.sec.gov/Archives/edgar/data/21344/000112760223014776/0001127602-23-014776-index.htm,"Statement of changes in beneficial ownership of securities
Acc-no: 0001127602-23-014776 Size: 8 KB",5/8/2023
144,https://www.sec.gov/Archives/edgar/data/21344/000195004723000391/0001950047-23-000391-index.htm,"Report of proposed sale of securities
Acc-no: 0001950047-23-000391 (33 Act)  Size: 4 KB",5/4/2023
3,https://www.sec.gov/Archives/edgar/data/21344/000112760223014394/0001127602-23-014394-index.htm,"Initial statement of beneficial ownership of securities
Acc-no: 0001127602-23-014394 Size: 6 KB",5/4/2023
4,https://www.sec.gov/Archives/edgar/data/21344/000112760223014213/0001127602-23-014213-index.htm,"Statement of changes in beneficial ownership of securities
Acc-no: 0001127602-23-014213 Size: 11 KB",5/3/2023
4,https://www.sec.gov/Archives/edgar/data/21344/000112760223014102/0001127602-23-014102-index.htm,"Statement of changes in beneficial ownership of securities
Acc-no: 0001127602-23-014102 Size: 8 KB",5/2/2023
144,https://www.sec.gov/Archives/edgar/data/21344/000195004723000309/0001950047-23-000309-index.htm,"Report of proposed sale of securities
Acc-no: 0001950047-23-000309 (33 Act)  Size: 5 KB",5/2/2023
144,https://www.sec.gov/Archives/edgar/data/21344/000194984623000034/0001949846-23-000034-index.htm,"Report of proposed sale of securities
Acc-no: 0001949846-23-000034 (33 Act)  Size: 6 KB",4/27/2023
PX14A6G,https://www.sec.gov/Archives/edgar/data/21344/000121465923005565/0001214659-23-005565-index.htm,"Notice of exempt solicitation submitted by non-management
Acc-no: 0001214659-23-005565 (34 Act)  Size: 37 KB",4/18/2023
PX14A6G,https://www.sec.gov/Archives/edgar/data/21344/000121465923005119/0001214659-23-005119-index.htm,"Notice of exempt solicitation submitted by non-management
Acc-no: 0001214659-23-005119 (34 Act)  Size: 63 KB",4/10/2023
DEFA14A,https://www.sec.gov/Archives/edgar/data/21344/000130817923000615/0001308179-23-000615-index.htm,"Additional definitive proxy soliciting materials and Rule 14(a)(12) material
Acc-no: 0001308179-23-000615 (34 Act)  Size: 326 KB",4/10/2023
4,https://www.sec.gov/Archives/edgar/data/21344/000112760223012094/0001127602-23-012094-index.htm,"Statement of changes in beneficial ownership of securities
Acc-no: 0001127602-23-012094 Size: 10 KB",4/4/2023
4,https://www.sec.gov/Archives/edgar/data/21344/000112760223012093/0001127602-23-012093-index.htm,"Statement of changes in beneficial ownership of securities
Acc-no: 0001127602-23-012093 Size: 6 KB",4/4/2023
4,https://www.sec.gov/Archives/edgar/data/21344/000112760223012092/0001127602-23-012092-index.htm,"Statement of changes in beneficial ownership of securities
Acc-no: 0001127602-23-012092 Size: 6 KB",4/4/2023
4,https://www.sec.gov/Archives/edgar/data/21344/000112760223012091/0001127602-23-012091-index.htm,"Statement of changes in beneficial ownership of securities
Acc-no: 0001127602-23-012091 Size: 6 KB",4/4/2023
4,https://www.sec.gov/Archives/edgar/data/21344/000112760223012090/0001127602-23-012090-index.htm,"Statement of changes in beneficial ownership of securities
Acc-no: 0001127602-23-012090 Size: 6 KB",4/4/2023
4,https://www.sec.gov/Archives/edgar/data/21344/000112760223012089/0001127602-23-012089-index.htm,"Statement of changes in beneficial ownership of securities
Acc-no: 0001127602-23-012089 Size: 6 KB",4/4/2023
4,https://www.sec.gov/Archives/edgar/data/21344/000112760223012088/0001127602-23-012088-index.htm,"Statement of changes in beneficial ownership of securities
Acc-no: 0001127602-23-012088 Size: 6 KB",4/4/2023
4,https://www.sec.gov/Archives/edgar/data/21344/000112760223012087/0001127602-23-012087-index.htm,"Statement of changes in beneficial ownership of securities
Acc-no: 0001127602-23-012087 Size: 6 KB",4/4/2023
4,https://www.sec.gov/Archives/edgar/data/21344/000112760223012086/0001127602-23-012086-index.htm,"Statement of changes in beneficial ownership of securities
Acc-no: 0001127602-23-012086 Size: 6 KB",4/4/2023
4,https://www.sec.gov/Archives/edgar/data/21344/000112760223012085/0001127602-23-012085-index.htm,"Statement of changes in beneficial ownership of securities
Acc-no: 0001127602-23-012085 Size: 6 KB",4/4/2023
4,https://www.sec.gov/Archives/edgar/data/21344/000112760223012083/0001127602-23-012083-index.htm,"Statement of changes in beneficial ownership of securities
Acc-no: 0001127602-23-012083 Size: 7 KB",4/4/2023
PX14A6G,https://www.sec.gov/Archives/edgar/data/21344/000121465923004641/0001214659-23-004641-index.htm,"Notice of exempt solicitation submitted by non-management
Acc-no: 0001214659-23-004641 (34 Act)  Size: 25 KB",4/3/2023
PX14A6G,https://www.sec.gov/Archives/edgar/data/21344/000121465923004515/0001214659-23-004515-index.htm,"Notice of exempt solicitation submitted by non-management
Acc-no: 0001214659-23-004515 (34 Act)  Size: 77 KB",3/31/2023
PX14A6G,https://www.sec.gov/Archives/edgar/data/21344/000109690623000670/0001096906-23-000670-index.htm,"Notice of exempt solicitation submitted by non-management
Acc-no: 0001096906-23-000670 (34 Act)  Size: 525 KB",3/29/2023
PX14A6G,https://www.sec.gov/Archives/edgar/data/21344/000109690623000668/0001096906-23-000668-index.htm,"Notice of exempt solicitation submitted by non-management
Acc-no: 0001096906-23-000668 (34 Act)  Size: 411 KB",3/29/2023
PX14A6G,https://www.sec.gov/Archives/edgar/data/21344/000121465923004109/0001214659-23-004109-index.htm,"Notice of exempt solicitation submitted by non-management
Acc-no: 0001214659-23-004109 (34 Act)  Size: 59 KB",3/22/2023
DEFA14A,https://www.sec.gov/Archives/edgar/data/21344/000130817923000119/0001308179-23-000119-index.htm,"Additional definitive proxy soliciting materials and Rule 14(a)(12) material
Acc-no: 0001308179-23-000119 (34 Act)  Size: 2 MB",3/10/2023
DEFA14A,https://www.sec.gov/Archives/edgar/data/21344/000130817923000118/0001308179-23-000118-index.htm,"Additional definitive proxy soliciting materials and Rule 14(a)(12) material
Acc-no: 0001308179-23-000118 (34 Act)  Size: 447 KB",3/10/2023
4,https://www.sec.gov/Archives/edgar/data/21344/000112760223009542/0001127602-23-009542-index.htm,"Statement of changes in beneficial ownership of securities
Acc-no: 0001127602-23-009542 Size: 7 KB",3/9/2023
4,https://www.sec.gov/Archives/edgar/data/21344/000112760223008631/0001127602-23-008631-index.htm,"Statement of changes in beneficial ownership of securities
Acc-no: 0001127602-23-008631 Size: 6 KB",3/3/2023
4,https://www.sec.gov/Archives/edgar/data/21344/000112760223008629/0001127602-23-008629-index.htm,"Statement of changes in beneficial ownership of securities
Acc-no: 0001127602-23-008629 Size: 11 KB",3/3/2023
4,https://www.sec.gov/Archives/edgar/data/21344/000112760223007845/0001127602-23-007845-index.htm,"Statement of changes in beneficial ownership of securities
Acc-no: 0001127602-23-007845 Size: 8 KB",3/1/2023
4,https://www.sec.gov/Archives/edgar/data/21344/000112760223007841/0001127602-23-007841-index.htm,"Statement of changes in beneficial ownership of securities
Acc-no: 0001127602-23-007841 Size: 8 KB",3/1/2023
4,https://www.sec.gov/Archives/edgar/data/21344/000112760223007818/0001127602-23-007818-index.htm,"Statement of changes in beneficial ownership of securities
Acc-no: 0001127602-23-007818 Size: 9 KB",3/1/2023
4,https://www.sec.gov/Archives/edgar/data/21344/000112760223007809/0001127602-23-007809-index.htm,"Statement of changes in beneficial ownership of securities
Acc-no: 0001127602-23-007809 Size: 9 KB",3/1/2023
4,https://www.sec.gov/Archives/edgar/data/21344/000112760223007802/0001127602-23-007802-index.htm,"Statement of changes in beneficial ownership of securities
Acc-no: 0001127602-23-007802 Size: 5 KB",3/1/2023
4,https://www.sec.gov/Archives/edgar/data/21344/000112760223007796/0001127602-23-007796-index.htm,"Statement of changes in beneficial ownership of securities
Acc-no: 0001127602-23-007796 Size: 8 KB",3/1/2023
4,https://www.sec.gov/Archives/edgar/data/21344/000112760223007791/0001127602-23-007791-index.htm,"Statement of changes in beneficial ownership of securities
Acc-no: 0001127602-23-007791 Size: 8 KB",3/1/2023
4,https://www.sec.gov/Archives/edgar/data/21344/000112760223007786/0001127602-23-007786-index.htm,"Statement of changes in beneficial ownership of securities
Acc-no: 0001127602-23-007786 Size: 5 KB",3/1/2023
4,https://www.sec.gov/Archives/edgar/data/21344/000112760223007783/0001127602-23-007783-index.htm,"Statement of changes in beneficial ownership of securities
Acc-no: 0001127602-23-007783 Size: 8 KB",3/1/2023
4,https://www.sec.gov/Archives/edgar/data/21344/000112760223007778/0001127602-23-007778-index.htm,"Statement of changes in beneficial ownership of securities
Acc-no: 0001127602-23-007778 Size: 8 KB",3/1/2023
4,https://www.sec.gov/Archives/edgar/data/21344/000112760223007772/0001127602-23-007772-index.htm,"Statement of changes in beneficial ownership of securities
Acc-no: 0001127602-23-007772 Size: 8 KB",3/1/2023
4,https://www.sec.gov/Archives/edgar/data/21344/000112760223007769/0001127602-23-007769-index.htm,"Statement of changes in beneficial ownership of securities
Acc-no: 0001127602-23-007769 Size: 5 KB",3/1/2023
4,https://www.sec.gov/Archives/edgar/data/21344/000112760223006735/0001127602-23-006735-index.htm,"Statement of changes in beneficial ownership of securities
Acc-no: 0001127602-23-006735 Size: 7 KB",2/23/2023
5,https://www.sec.gov/Archives/edgar/data/21344/000112760223006731/0001127602-23-006731-index.htm,"Annual statement of changes in beneficial ownership of securities
Acc-no: 0001127602-23-006731 Size: 7 KB",2/23/2023
4,https://www.sec.gov/Archives/edgar/data/21344/000112760223006719/0001127602-23-006719-index.htm,"Statement of changes in beneficial ownership of securities
Acc-no: 0001127602-23-006719 Size: 7 KB",2/23/2023
4,https://www.sec.gov/Archives/edgar/data/21344/000112760223006717/0001127602-23-006717-index.htm,"Statement of changes in beneficial ownership of securities
Acc-no: 0001127602-23-006717 Size: 7 KB",2/23/2023
4,https://www.sec.gov/Archives/edgar/data/21344/000112760223006233/0001127602-23-006233-index.htm,"Statement of changes in beneficial ownership of securities
Acc-no: 0001127602-23-006233 Size: 10 KB",2/21/2023
4,https://www.sec.gov/Archives/edgar/data/21344/000112760223006226/0001127602-23-006226-index.htm,"Statement of changes in beneficial ownership of securities
Acc-no: 0001127602-23-006226 Size: 10 KB",2/21/2023
4,https://www.sec.gov/Archives/edgar/data/21344/000112760223006220/0001127602-23-006220-index.htm,"Statement of changes in beneficial ownership of securities
Acc-no: 0001127602-23-006220 Size: 11 KB",2/21/2023
4,https://www.sec.gov/Archives/edgar/data/21344/000112760223006212/0001127602-23-006212-index.htm,"Statement of changes in beneficial ownership of securities
Acc-no: 0001127602-23-006212 Size: 8 KB",2/21/2023
4,https://www.sec.gov/Archives/edgar/data/21344/000112760223006206/0001127602-23-006206-index.htm,"Statement of changes in beneficial ownership of securities
Acc-no: 0001127602-23-006206 Size: 10 KB",2/21/2023
4,https://www.sec.gov/Archives/edgar/data/21344/000112760223006204/0001127602-23-006204-index.htm,"Statement of changes in beneficial ownership of securities
Acc-no: 0001127602-23-006204 Size: 11 KB",2/21/2023
4,https://www.sec.gov/Archives/edgar/data/21344/000112760223006202/0001127602-23-006202-index.htm,"Statement of changes in beneficial ownership of securities
Acc-no: 0001127602-23-006202 Size: 10 KB",2/21/2023
4,https://www.sec.gov/Archives/edgar/data/21344/000112760223006198/0001127602-23-006198-index.htm,"Statement of changes in beneficial ownership of securities
Acc-no: 0001127602-23-006198 Size: 10 KB",2/21/2023
4,https://www.sec.gov/Archives/edgar/data/21344/000112760223006195/0001127602-23-006195-index.htm,"Statement of changes in beneficial ownership of securities
Acc-no: 0001127602-23-006195 Size: 10 KB",2/21/2023
4,https://www.sec.gov/Archives/edgar/data/21344/000112760223006185/0001127602-23-006185-index.htm,"Statement of changes in beneficial ownership of securities
Acc-no: 0001127602-23-006185 Size: 10 KB",2/21/2023
4,https://www.sec.gov/Archives/edgar/data/21344/000112760223006177/0001127602-23-006177-index.htm,"Statement of changes in beneficial ownership of securities
Acc-no: 0001127602-23-006177 Size: 11 KB",2/21/2023
4,https://www.sec.gov/Archives/edgar/data/21344/000112760223006171/0001127602-23-006171-index.htm,"Statement of changes in beneficial ownership of securities
Acc-no: 0001127602-23-006171 Size: 10 KB",2/21/2023
4,https://www.sec.gov/Archives/edgar/data/21344/000112760223006165/0001127602-23-006165-index.htm,"Statement of changes in beneficial ownership of securities
Acc-no: 0001127602-23-006165 Size: 10 KB",2/21/2023
4,https://www.sec.gov/Archives/edgar/data/21344/000112760223006163/0001127602-23-006163-index.htm,"Statement of changes in beneficial ownership of securities
Acc-no: 0001127602-23-006163 Size: 7 KB",2/21/2023
4,https://www.sec.gov/Archives/edgar/data/21344/000112760223005283/0001127602-23-005283-index.htm,"Statement of changes in beneficial ownership of securities
Acc-no: 0001127602-23-005283 Size: 12 KB",2/15/2023
SC 13G/A,https://www.sec.gov/Archives/edgar/data/21344/000110465923015654/0001104659-23-015654-index.htm,"[Amend] Statement of Beneficial Ownership by Certain Investors
Acc-no: 0001104659-23-015654 (34 Act)  Size: 12 KB",2/9/2023
SC 13G/A,https://www.sec.gov/Archives/edgar/data/21344/000130655023008313/0001306550-23-008313-index.htm,"[Amend] Statement of Beneficial Ownership by Certain Investors
Acc-no: 0001306550-23-008313 (34 Act)  Size: 13 KB",2/7/2023
3,https://www.sec.gov/Archives/edgar/data/21344/000112760223003040/0001127602-23-003040-index.htm,"Initial statement of beneficial ownership of securities
Acc-no: 0001127602-23-003040 Size: 11 KB",2/2/2023
4,https://www.sec.gov/Archives/edgar/data/21344/000112760223001774/0001127602-23-001774-index.htm,"Statement of changes in beneficial ownership of securities
Acc-no: 0001127602-23-001774 Size: 11 KB",1/19/2023
4,https://www.sec.gov/Archives/edgar/data/21344/000112760222027945/0001127602-22-027945-index.htm,"Statement of changes in beneficial ownership of securities
Acc-no: 0001127602-22-027945 Size: 11 KB",12/20/2022
4,https://www.sec.gov/Archives/edgar/data/21344/000112760222026243/0001127602-22-026243-index.htm,"Statement of changes in beneficial ownership of securities
Acc-no: 0001127602-22-026243 Size: 11 KB",11/22/2022
4,https://www.sec.gov/Archives/edgar/data/21344/000112760222026234/0001127602-22-026234-index.htm,"Statement of changes in beneficial ownership of securities
Acc-no: 0001127602-22-026234 Size: 7 KB",11/22/2022
4,https://www.sec.gov/Archives/edgar/data/21344/000112760222025608/0001127602-22-025608-index.htm,"Statement of changes in beneficial ownership of securities
Acc-no: 0001127602-22-025608 Size: 11 KB",11/15/2022
4,https://www.sec.gov/Archives/edgar/data/21344/000112760222025170/0001127602-22-025170-index.htm,"Statement of changes in beneficial ownership of securities
Acc-no: 0001127602-22-025170 Size: 8 KB",11/9/2022
4,https://www.sec.gov/Archives/edgar/data/21344/000112760222024567/0001127602-22-024567-index.htm,"Statement of changes in beneficial ownership of securities
Acc-no: 0001127602-22-024567 Size: 7 KB",11/1/2022
S-3ASR,https://www.sec.gov/Archives/edgar/data/21344/000155278122000594/0001552781-22-000594-index.htm,"Automatic shelf registration statement of securities of well-known seasoned issuers
Acc-no: 0001552781-22-000594 (33 Act)  Size: 1 MB",10/28/2022
UPLOAD,https://www.sec.gov/Archives/edgar/data/21344/000000000022011363/0000000000-22-011363-index.htm,"[Cover]SEC-generated letter
Acc-no: 0000000000-22-011363 Size: 39 KB",10/17/2022
CORRESP,https://www.sec.gov/Archives/edgar/data/21344/000155278122000552/0001552781-22-000552-index.htm,"[Cover]Correspondence
Acc-no: 0001552781-22-000552 Size: 21 KB",9/8/2022
UPLOAD,https://www.sec.gov/Archives/edgar/data/21344/000000000022009611/0000000000-22-009611-index.htm,"[Cover]SEC-generated letter
Acc-no: 0000000000-22-009611 Size: 44 KB",9/2/2022
4,https://www.sec.gov/Archives/edgar/data/21344/000112760222021665/0001127602-22-021665-index.htm,"Statement of changes in beneficial ownership of securities
Acc-no: 0001127602-22-021665 Size: 7 KB",8/29/2022
4,https://www.sec.gov/Archives/edgar/data/21344/000112760222020121/0001127602-22-020121-index.htm,"Statement of changes in beneficial ownership of securities
Acc-no: 0001127602-22-020121 Size: 6 KB",8/2/2022
4,https://www.sec.gov/Archives/edgar/data/21344/000112760222019911/0001127602-22-019911-index.htm,"Statement of changes in beneficial ownership of securities
Acc-no: 0001127602-22-019911 Size: 8 KB",7/29/2022
4,https://www.sec.gov/Archives/edgar/data/21344/000112760222019842/0001127602-22-019842-index.htm,"Statement of changes in beneficial ownership of securities
Acc-no: 0001127602-22-019842 Size: 4 KB",7/28/2022
3/A,https://www.sec.gov/Archives/edgar/data/21344/000112760222019771/0001127602-22-019771-index.htm,"[Amend] Initial statement of beneficial ownership of securities
Acc-no: 0001127602-22-019771 Size: 3 KB",7/26/2022
4,https://www.sec.gov/Archives/edgar/data/21344/000112760222019442/0001127602-22-019442-index.htm,"Statement of changes in beneficial ownership of securities
Acc-no: 0001127602-22-019442 Size: 5 KB",7/19/2022
3,https://www.sec.gov/Archives/edgar/data/21344/000112760222019440/0001127602-22-019440-index.htm,"Initial statement of beneficial ownership of securities
Acc-no: 0001127602-22-019440 Size: 6 KB",7/19/2022
11-K,https://www.sec.gov/Archives/edgar/data/21344/000002134422000025/0000021344-22-000025-index.htm,"Annual report of employee stock purchase, savings and similar plans
Acc-no: 0000021344-22-000025 (34 Act)  Size: 480 KB",6/22/2022
11-K,https://www.sec.gov/Archives/edgar/data/21344/000002134422000023/0000021344-22-000023-index.htm,"Annual report of employee stock purchase, savings and similar plans
Acc-no: 0000021344-22-000023 (34 Act)  Size: 473 KB",6/22/2022
4,https://www.sec.gov/Archives/edgar/data/21344/000112760222013630/0001127602-22-013630-index.htm,"Statement of changes in beneficial ownership of securities
Acc-no: 0001127602-22-013630 Size: 11 KB",5/6/2022
4,https://www.sec.gov/Archives/edgar/data/21344/000112760222012569/0001127602-22-012569-index.htm,"Statement of changes in beneficial ownership of securities
Acc-no: 0001127602-22-012569 Size: 7 KB",4/27/2022
4,https://www.sec.gov/Archives/edgar/data/21344/000112760222012567/0001127602-22-012567-index.htm,"Statement of changes in beneficial ownership of securities
Acc-no: 0001127602-22-012567 Size: 11 KB",4/27/2022
PX14A6G,https://www.sec.gov/Archives/edgar/data/21344/000121465922005547/0001214659-22-005547-index.htm,"Notice of exempt solicitation submitted by non-management
Acc-no: 0001214659-22-005547 (34 Act)  Size: 57 KB",4/21/2022
4,https://www.sec.gov/Archives/edgar/data/21344/000112760222012111/0001127602-22-012111-index.htm,"Statement of changes in beneficial ownership of securities
Acc-no: 0001127602-22-012111 Size: 10 KB",4/19/2022
4/A,https://www.sec.gov/Archives/edgar/data/21344/000112760222012076/0001127602-22-012076-index.htm,"[Amend] Statement of changes in beneficial ownership of securities
Acc-no: 0001127602-22-012076 Size: 4 KB",4/18/2022
4,https://www.sec.gov/Archives/edgar/data/21344/000112760222012074/0001127602-22-012074-index.htm,"Statement of changes in beneficial ownership of securities
Acc-no: 0001127602-22-012074 Size: 12 KB",4/18/2022
4,https://www.sec.gov/Archives/edgar/data/21344/000112760222011821/0001127602-22-011821-index.htm,"Statement of changes in beneficial ownership of securities
Acc-no: 0001127602-22-011821 Size: 11 KB",4/11/2022
4,https://www.sec.gov/Archives/edgar/data/21344/000112760222011499/0001127602-22-011499-index.htm,"Statement of changes in beneficial ownership of securities
Acc-no: 0001127602-22-011499 Size: 13 KB",4/5/2022
4,https://www.sec.gov/Archives/edgar/data/21344/000112760222011493/0001127602-22-011493-index.htm,"Statement of changes in beneficial ownership of securities
Acc-no: 0001127602-22-011493 Size: 9 KB",4/5/2022
4,https://www.sec.gov/Archives/edgar/data/21344/000112760222011488/0001127602-22-011488-index.htm,"Statement of changes in beneficial ownership of securities
Acc-no: 0001127602-22-011488 Size: 9 KB",4/5/2022
4,https://www.sec.gov/Archives/edgar/data/21344/000112760222011483/0001127602-22-011483-index.htm,"Statement of changes in beneficial ownership of securities
Acc-no: 0001127602-22-011483 Size: 9 KB",4/5/2022
4,https://www.sec.gov/Archives/edgar/data/21344/000112760222011477/0001127602-22-011477-index.htm,"Statement of changes in beneficial ownership of securities
Acc-no: 0001127602-22-011477 Size: 9 KB",4/5/2022
4,https://www.sec.gov/Archives/edgar/data/21344/000112760222011465/0001127602-22-011465-index.htm,"Statement of changes in beneficial ownership of securities
Acc-no: 0001127602-22-011465 Size: 9 KB",4/5/2022
4,https://www.sec.gov/Archives/edgar/data/21344/000112760222011458/0001127602-22-011458-index.htm,"Statement of changes in beneficial ownership of securities
Acc-no: 0001127602-22-011458 Size: 9 KB",4/5/2022
4,https://www.sec.gov/Archives/edgar/data/21344/000112760222011450/0001127602-22-011450-index.htm,"Statement of changes in beneficial ownership of securities
Acc-no: 0001127602-22-011450 Size: 9 KB",4/5/2022
4,https://www.sec.gov/Archives/edgar/data/21344/000112760222011446/0001127602-22-011446-index.htm,"Statement of changes in beneficial ownership of securities
Acc-no: 0001127602-22-011446 Size: 7 KB",4/5/2022
4,https://www.sec.gov/Archives/edgar/data/21344/000112760222011438/0001127602-22-011438-index.htm,"Statement of changes in beneficial ownership of securities
Acc-no: 0001127602-22-011438 Size: 9 KB",4/5/2022
4,https://www.sec.gov/Archives/edgar/data/21344/000112760222011429/0001127602-22-011429-index.htm,"Statement of changes in beneficial ownership of securities
Acc-no: 0001127602-22-011429 Size: 9 KB",4/5/2022
4,https://www.sec.gov/Archives/edgar/data/21344/000112760222010018/0001127602-22-010018-index.htm,"Statement of changes in beneficial ownership of securities
Acc-no: 0001127602-22-010018 Size: 6 KB",3/21/2022
4,https://www.sec.gov/Archives/edgar/data/21344/000112760222009662/0001127602-22-009662-index.htm,"Statement of changes in beneficial ownership of securities
Acc-no: 0001127602-22-009662 Size: 11 KB",3/17/2022
PX14A6G,https://www.sec.gov/Archives/edgar/data/21344/000121465922003982/0001214659-22-003982-index.htm,"Notice of exempt solicitation submitted by non-management
Acc-no: 0001214659-22-003982 (34 Act)  Size: 162 KB",3/16/2022
DEFA14A,https://www.sec.gov/Archives/edgar/data/21344/000120677422000671/0001206774-22-000671-index.htm,"Additional definitive proxy soliciting materials and Rule 14(a)(12) material
Acc-no: 0001206774-22-000671 (34 Act)  Size: 1 MB",3/11/2022
DEFA14A,https://www.sec.gov/Archives/edgar/data/21344/000120677422000670/0001206774-22-000670-index.htm,"Additional definitive proxy soliciting materials and Rule 14(a)(12) material
Acc-no: 0001206774-22-000670 (34 Act)  Size: 373 KB",3/11/2022
DEF 14A,https://www.sec.gov/Archives/edgar/data/21344/000120677422000669/0001206774-22-000669-index.htm,"Other definitive proxy statements
Acc-no: 0001206774-22-000669 (34 Act)  Size: 18 MB",3/11/2022
4,https://www.sec.gov/Archives/edgar/data/21344/000112760222008538/0001127602-22-008538-index.htm,"Statement of changes in beneficial ownership of securities
Acc-no: 0001127602-22-008538 Size: 11 KB",3/8/2022
4,https://www.sec.gov/Archives/edgar/data/21344/000112760222008219/0001127602-22-008219-index.htm,"Statement of changes in beneficial ownership of securities
Acc-no: 0001127602-22-008219 Size: 10 KB",3/4/2022
4,https://www.sec.gov/Archives/edgar/data/21344/000112760222008217/0001127602-22-008217-index.htm,"Statement of changes in beneficial ownership of securities
Acc-no: 0001127602-22-008217 Size: 7 KB",3/4/2022
4,https://www.sec.gov/Archives/edgar/data/21344/000112760222007039/0001127602-22-007039-index.htm,"Statement of changes in beneficial ownership of securities
Acc-no: 0001127602-22-007039 Size: 7 KB",2/28/2022
4,https://www.sec.gov/Archives/edgar/data/21344/000112760222007030/0001127602-22-007030-index.htm,"Statement of changes in beneficial ownership of securities
Acc-no: 0001127602-22-007030 Size: 11 KB",2/28/2022
4,https://www.sec.gov/Archives/edgar/data/21344/000112760222006750/0001127602-22-006750-index.htm,"Statement of changes in beneficial ownership of securities
Acc-no: 0001127602-22-006750 Size: 7 KB",2/25/2022
S-8,https://www.sec.gov/Archives/edgar/data/21344/000155278122000200/0001552781-22-000200-index.htm,"Securities to be offered to employees in employee benefit plans
Acc-no: 0001552781-22-000200 (33 Act)  Size: 143 KB",2/24/2022
S-8,https://www.sec.gov/Archives/edgar/data/21344/000155278122000199/0001552781-22-000199-index.htm,"Securities to be offered to employees in employee benefit plans
Acc-no: 0001552781-22-000199 (33 Act)  Size: 132 KB",2/24/2022
4,https://www.sec.gov/Archives/edgar/data/21344/000112760222006571/0001127602-22-006571-index.htm,"Statement of changes in beneficial ownership of securities
Acc-no: 0001127602-22-006571 Size: 7 KB",2/24/2022
4,https://www.sec.gov/Archives/edgar/data/21344/000112760222006541/0001127602-22-006541-index.htm,"Statement of changes in beneficial ownership of securities
Acc-no: 0001127602-22-006541 Size: 7 KB",2/24/2022
4,https://www.sec.gov/Archives/edgar/data/21344/000112760222006539/0001127602-22-006539-index.htm,"Statement of changes in beneficial ownership of securities
Acc-no: 0001127602-22-006539 Size: 7 KB",2/24/2022
4,https://www.sec.gov/Archives/edgar/data/21344/000112760222005991/0001127602-22-005991-index.htm,"Statement of changes in beneficial ownership of securities
Acc-no: 0001127602-22-005991 Size: 11 KB",2/22/2022
4,https://www.sec.gov/Archives/edgar/data/21344/000112760222005989/0001127602-22-005989-index.htm,"Statement of changes in beneficial ownership of securities
Acc-no: 0001127602-22-005989 Size: 14 KB",2/22/2022
4,https://www.sec.gov/Archives/edgar/data/21344/000112760222005987/0001127602-22-005987-index.htm,"Statement of changes in beneficial ownership of securities
Acc-no: 0001127602-22-005987 Size: 11 KB",2/22/2022
4,https://www.sec.gov/Archives/edgar/data/21344/000112760222005985/0001127602-22-005985-index.htm,"Statement of changes in beneficial ownership of securities
Acc-no: 0001127602-22-005985 Size: 14 KB",2/22/2022
4,https://www.sec.gov/Archives/edgar/data/21344/000112760222005983/0001127602-22-005983-index.htm,"Statement of changes in beneficial ownership of securities
Acc-no: 0001127602-22-005983 Size: 14 KB",2/22/2022
4,https://www.sec.gov/Archives/edgar/data/21344/000112760222005981/0001127602-22-005981-index.htm,"Statement of changes in beneficial ownership of securities
Acc-no: 0001127602-22-005981 Size: 11 KB",2/22/2022
4,https://www.sec.gov/Archives/edgar/data/21344/000112760222005979/0001127602-22-005979-index.htm,"Statement of changes in beneficial ownership of securities
Acc-no: 0001127602-22-005979 Size: 11 KB",2/22/2022
4,https://www.sec.gov/Archives/edgar/data/21344/000112760222005977/0001127602-22-005977-index.htm,"Statement of changes in beneficial ownership of securities
Acc-no: 0001127602-22-005977 Size: 11 KB",2/22/2022
4,https://www.sec.gov/Archives/edgar/data/21344/000112760222005975/0001127602-22-005975-index.htm,"Statement of changes in beneficial ownership of securities
Acc-no: 0001127602-22-005975 Size: 11 KB",2/22/2022
4,https://www.sec.gov/Archives/edgar/data/21344/000112760222005973/0001127602-22-005973-index.htm,"Statement of changes in beneficial ownership of securities
Acc-no: 0001127602-22-005973 Size: 14 KB",2/22/2022
4,https://www.sec.gov/Archives/edgar/data/21344/000112760222005971/0001127602-22-005971-index.htm,"Statement of changes in beneficial ownership of securities
Acc-no: 0001127602-22-005971 Size: 8 KB",2/22/2022
4,https://www.sec.gov/Archives/edgar/data/21344/000112760222005967/0001127602-22-005967-index.htm,"Statement of changes in beneficial ownership of securities
Acc-no: 0001127602-22-005967 Size: 14 KB",2/22/2022
4,https://www.sec.gov/Archives/edgar/data/21344/000112760222005964/0001127602-22-005964-index.htm,"Statement of changes in beneficial ownership of securities
Acc-no: 0001127602-22-005964 Size: 14 KB",2/22/2022
4,https://www.sec.gov/Archives/edgar/data/21344/000112760222005962/0001127602-22-005962-index.htm,"Statement of changes in beneficial ownership of securities
Acc-no: 0001127602-22-005962 Size: 11 KB",2/22/2022
4,https://www.sec.gov/Archives/edgar/data/21344/000112760222005960/0001127602-22-005960-index.htm,"Statement of changes in beneficial ownership of securities
Acc-no: 0001127602-22-005960 Size: 11 KB",2/22/2022
4,https://www.sec.gov/Archives/edgar/data/21344/000112760222004280/0001127602-22-004280-index.htm,"Statement of changes in beneficial ownership of securities
Acc-no: 0001127602-22-004280 Size: 11 KB",2/10/2022
4,https://www.sec.gov/Archives/edgar/data/21344/000112760222004190/0001127602-22-004190-index.htm,"Statement of changes in beneficial ownership of securities
Acc-no: 0001127602-22-004190 Size: 12 KB",2/10/2022
SC 13G/A,https://www.sec.gov/Archives/edgar/data/21344/000110465922016854/0001104659-22-016854-index.htm,"[Amend] Statement of Beneficial Ownership by Certain Investors
Acc-no: 0001104659-22-016854 (34 Act)  Size: 12 KB",2/9/2022
SC 13G/A,https://www.sec.gov/Archives/edgar/data/21344/000083423722004058/0000834237-22-004058-index.htm,"[Amend] Statement of Beneficial Ownership by Certain Investors
Acc-no: 0000834237-22-004058 (34 Act)  Size: 13 KB",2/1/2022
4,https://www.sec.gov/Archives/edgar/data/21344/000155278122000077/0001552781-22-000077-index.htm,"Statement of changes in beneficial ownership of securities
Acc-no: 0001552781-22-000077 Size: 21 KB",1/18/2022
4,https://www.sec.gov/Archives/edgar/data/21344/000112760222001102/0001127602-22-001102-index.htm,"Statement of changes in beneficial ownership of securities
Acc-no: 0001127602-22-001102 Size: 15 KB",1/6/2022
4,https://www.sec.gov/Archives/edgar/data/21344/000112760222001097/0001127602-22-001097-index.htm,"Statement of changes in beneficial ownership of securities
Acc-no: 0001127602-22-001097 Size: 13 KB",1/6/2022
4,https://www.sec.gov/Archives/edgar/data/21344/000112760222001053/0001127602-22-001053-index.htm,"Statement of changes in beneficial ownership of securities
Acc-no: 0001127602-22-001053 Size: 11 KB",1/6/2022
4,https://www.sec.gov/Archives/edgar/data/21344/000112760222001051/0001127602-22-001051-index.htm,"Statement of changes in beneficial ownership of securities
Acc-no: 0001127602-22-001051 Size: 11 KB",1/6/2022
4,https://www.sec.gov/Archives/edgar/data/21344/000112760221032000/0001127602-21-032000-index.htm,"Statement of changes in beneficial ownership of securities
Acc-no: 0001127602-21-032000 Size: 11 KB",12/30/2021
3,https://www.sec.gov/Archives/edgar/data/21344/000112760221031824/0001127602-21-031824-index.htm,"Initial statement of beneficial ownership of securities
Acc-no: 0001127602-21-031824 Size: 7 KB",12/23/2021
4,https://www.sec.gov/Archives/edgar/data/21344/000112760221031087/0001127602-21-031087-index.htm,"Statement of changes in beneficial ownership of securities
Acc-no: 0001127602-21-031087 Size: 11 KB",12/16/2021
4,https://www.sec.gov/Archives/edgar/data/21344/000112760221030961/0001127602-21-030961-index.htm,"Statement of changes in beneficial ownership of securities
Acc-no: 0001127602-21-030961 Size: 13 KB",12/15/2021
4,https://www.sec.gov/Archives/edgar/data/21344/000112760221029908/0001127602-21-029908-index.htm,"Statement of changes in beneficial ownership of securities
Acc-no: 0001127602-21-029908 Size: 11 KB",12/1/2021
4/A,https://www.sec.gov/Archives/edgar/data/21344/000112760221029771/0001127602-21-029771-index.htm,"[Amend] Statement of changes in beneficial ownership of securities
Acc-no: 0001127602-21-029771 Size: 7 KB",11/29/2021
4,https://www.sec.gov/Archives/edgar/data/21344/000112760221029535/0001127602-21-029535-index.htm,"Statement of changes in beneficial ownership of securities
Acc-no: 0001127602-21-029535 Size: 9 KB",11/18/2021
4,https://www.sec.gov/Archives/edgar/data/21344/000112760221028684/0001127602-21-028684-index.htm,"Statement of changes in beneficial ownership of securities
Acc-no: 0001127602-21-028684 Size: 10 KB",11/9/2021
4,https://www.sec.gov/Archives/edgar/data/21344/000112760221028674/0001127602-21-028674-index.htm,"Statement of changes in beneficial ownership of securities
Acc-no: 0001127602-21-028674 Size: 14 KB",11/9/2021
4,https://www.sec.gov/Archives/edgar/data/21344/000112760221024573/0001127602-21-024573-index.htm,"Statement of changes in beneficial ownership of securities
Acc-no: 0001127602-21-024573 Size: 6 KB",8/31/2021
4,https://www.sec.gov/Archives/edgar/data/21344/000112760221023567/0001127602-21-023567-index.htm,"Statement of changes in beneficial ownership of securities
Acc-no: 0001127602-21-023567 Size: 8 KB",8/12/2021
4,https://www.sec.gov/Archives/edgar/data/21344/000112760221023515/0001127602-21-023515-index.htm,"Statement of changes in beneficial ownership of securities
Acc-no: 0001127602-21-023515 Size: 10 KB",8/11/2021
4,https://www.sec.gov/Archives/edgar/data/21344/000112760221022543/0001127602-21-022543-index.htm,"Statement of changes in beneficial ownership of securities
Acc-no: 0001127602-21-022543 Size: 11 KB",7/28/2021
4,https://www.sec.gov/Archives/edgar/data/21344/000112760221022279/0001127602-21-022279-index.htm,"Statement of changes in beneficial ownership of securities
Acc-no: 0001127602-21-022279 Size: 10 KB",7/20/2021
11-K,https://www.sec.gov/Archives/edgar/data/21344/000002134421000018/0000021344-21-000018-index.htm,"Annual report of employee stock purchase, savings and similar plans
Acc-no: 0000021344-21-000018 (34 Act)  Size: 461 KB",6/21/2021
11-K,https://www.sec.gov/Archives/edgar/data/21344/000002134421000016/0000021344-21-000016-index.htm,"Annual report of employee stock purchase, savings and similar plans
Acc-no: 0000021344-21-000016 (34 Act)  Size: 494 KB",6/21/2021
4,https://www.sec.gov/Archives/edgar/data/21344/000112760221019341/0001127602-21-019341-index.htm,"Statement of changes in beneficial ownership of securities
Acc-no: 0001127602-21-019341 Size: 8 KB",6/7/2021
4,https://www.sec.gov/Archives/edgar/data/21344/000112760221017360/0001127602-21-017360-index.htm,"Statement of changes in beneficial ownership of securities
Acc-no: 0001127602-21-017360 Size: 6 KB",5/19/2021
424B2,https://www.sec.gov/Archives/edgar/data/21344/000155278121000412/0001552781-21-000412-index.htm,"Prospectus [Rule 424(b)(2)]
Acc-no: 0001552781-21-000412 (33 Act)  Size: 544 KB",5/12/2021
FWP,https://www.sec.gov/Archives/edgar/data/21344/000155278121000392/0001552781-21-000392-index.htm,"Filing under Securities Act Rules 163/433 of free writing prospectuses
Acc-no: 0001552781-21-000392 (34 Act)  Size: 37 KB",5/10/2021
424B5,https://www.sec.gov/Archives/edgar/data/21344/000155278121000388/0001552781-21-000388-index.htm,"Prospectus [Rule 424(b)(5)]
Acc-no: 0001552781-21-000388 (33 Act)  Size: 542 KB",5/10/2021
4,https://www.sec.gov/Archives/edgar/data/21344/000112760221015804/0001127602-21-015804-index.htm,"Statement of changes in beneficial ownership of securities
Acc-no: 0001127602-21-015804 Size: 10 KB",5/7/2021
CERT,https://www.sec.gov/Archives/edgar/data/21344/000087666121000669/0000876661-21-000669-index.htm,"Certification by an exchange approving securities for listing
Acc-no: 0000876661-21-000669 (34 Act)  Size: 668 KB",5/6/2021
8-A12B,https://www.sec.gov/Archives/edgar/data/21344/000155278121000353/0001552781-21-000353-index.htm,"Registration of securities [Section 12(b)]
Acc-no: 0001552781-21-000353 (34 Act)  Size: 139 KB",5/6/2021
424B2,https://www.sec.gov/Archives/edgar/data/21344/000155278121000268/0001552781-21-000268-index.htm,"Prospectus [Rule 424(b)(2)]
Acc-no: 0001552781-21-000268 (33 Act)  Size: 510 KB",4/30/2021
424B2,https://www.sec.gov/Archives/edgar/data/21344/000155278121000267/0001552781-21-000267-index.htm,"Prospectus [Rule 424(b)(2)]
Acc-no: 0001552781-21-000267 (33 Act)  Size: 565 KB",4/30/2021
FWP,https://www.sec.gov/Archives/edgar/data/21344/000155278121000261/0001552781-21-000261-index.htm,"Filing under Securities Act Rules 163/433 of free writing prospectuses
Acc-no: 0001552781-21-000261 (34 Act)  Size: 33 KB",4/29/2021
FWP,https://www.sec.gov/Archives/edgar/data/21344/000155278121000259/0001552781-21-000259-index.htm,"Filing under Securities Act Rules 163/433 of free writing prospectuses
Acc-no: 0001552781-21-000259 (34 Act)  Size: 42 KB",4/28/2021
4,https://www.sec.gov/Archives/edgar/data/21344/000112760221014559/0001127602-21-014559-index.htm,"Statement of changes in beneficial ownership of securities
Acc-no: 0001127602-21-014559 Size: 7 KB",4/28/2021
424B5,https://www.sec.gov/Archives/edgar/data/21344/000155278121000257/0001552781-21-000257-index.htm,"Prospectus [Rule 424(b)(5)]
Acc-no: 0001552781-21-000257 (33 Act)  Size: 502 KB",4/28/2021
424B5,https://www.sec.gov/Archives/edgar/data/21344/000155278121000254/0001552781-21-000254-index.htm,"Prospectus [Rule 424(b)(5)]
Acc-no: 0001552781-21-000254 (33 Act)  Size: 567 KB",4/28/2021
4,https://www.sec.gov/Archives/edgar/data/21344/000112760221014503/0001127602-21-014503-index.htm,"Statement of changes in beneficial ownership of securities
Acc-no: 0001127602-21-014503 Size: 8 KB",4/27/2021
4,https://www.sec.gov/Archives/edgar/data/21344/000112760221014392/0001127602-21-014392-index.htm,"Statement of changes in beneficial ownership of securities
Acc-no: 0001127602-21-014392 Size: 8 KB",4/26/2021
3,https://www.sec.gov/Archives/edgar/data/21344/000112760221014371/0001127602-21-014371-index.htm,"Initial statement of beneficial ownership of securities
Acc-no: 0001127602-21-014371 Size: 21 KB",4/26/2021
4,https://www.sec.gov/Archives/edgar/data/21344/000112760221014370/0001127602-21-014370-index.htm,"Statement of changes in beneficial ownership of securities
Acc-no: 0001127602-21-014370 Size: 8 KB",4/26/2021
4,https://www.sec.gov/Archives/edgar/data/21344/000112760221014329/0001127602-21-014329-index.htm,"Statement of changes in beneficial ownership of securities
Acc-no: 0001127602-21-014329 Size: 7 KB",4/23/2021
DEFA14A,https://www.sec.gov/Archives/edgar/data/21344/000120677421001080/0001206774-21-001080-index.htm,"Additional definitive proxy soliciting materials and Rule 14(a)(12) material
Acc-no: 0001206774-21-001080 (34 Act)  Size: 326 KB",4/12/2021
25-NSE,https://www.sec.gov/Archives/edgar/data/21344/000087666121000513/0000876661-21-000513-index.htm,"Notification filed by national security exchange to report the removal from listing and registration of matured, redeemed or retired securities
Acc-no: 0000876661-21-000513 (34 Act)  Size: 3 KB",4/8/2021
4,https://www.sec.gov/Archives/edgar/data/21344/000112760221013172/0001127602-21-013172-index.htm,"Statement of changes in beneficial ownership of securities
Acc-no: 0001127602-21-013172 Size: 10 KB",4/5/2021
4,https://www.sec.gov/Archives/edgar/data/21344/000112760221013163/0001127602-21-013163-index.htm,"Statement of changes in beneficial ownership of securities
Acc-no: 0001127602-21-013163 Size: 6 KB",4/5/2021
4,https://www.sec.gov/Archives/edgar/data/21344/000112760221013153/0001127602-21-013153-index.htm,"Statement of changes in beneficial ownership of securities
Acc-no: 0001127602-21-013153 Size: 6 KB",4/5/2021
4,https://www.sec.gov/Archives/edgar/data/21344/000112760221013147/0001127602-21-013147-index.htm,"Statement of changes in beneficial ownership of securities
Acc-no: 0001127602-21-013147 Size: 8 KB",4/5/2021
4,https://www.sec.gov/Archives/edgar/data/21344/000112760221013142/0001127602-21-013142-index.htm,"Statement of changes in beneficial ownership of securities
Acc-no: 0001127602-21-013142 Size: 6 KB",4/5/2021
4,https://www.sec.gov/Archives/edgar/data/21344/000112760221013138/0001127602-21-013138-index.htm,"Statement of changes in beneficial ownership of securities
Acc-no: 0001127602-21-013138 Size: 6 KB",4/5/2021
4,https://www.sec.gov/Archives/edgar/data/21344/000112760221013136/0001127602-21-013136-index.htm,"Statement of changes in beneficial ownership of securities
Acc-no: 0001127602-21-013136 Size: 6 KB",4/5/2021
4,https://www.sec.gov/Archives/edgar/data/21344/000112760221013130/0001127602-21-013130-index.htm,"Statement of changes in beneficial ownership of securities
Acc-no: 0001127602-21-013130 Size: 6 KB",4/5/2021
4,https://www.sec.gov/Archives/edgar/data/21344/000112760221013124/0001127602-21-013124-index.htm,"Statement of changes in beneficial ownership of securities
Acc-no: 0001127602-21-013124 Size: 6 KB",4/5/2021
4,https://www.sec.gov/Archives/edgar/data/21344/000112760221013118/0001127602-21-013118-index.htm,"Statement of changes in beneficial ownership of securities
Acc-no: 0001127602-21-013118 Size: 6 KB",4/5/2021
4,https://www.sec.gov/Archives/edgar/data/21344/000112760221013108/0001127602-21-013108-index.htm,"Statement of changes in beneficial ownership of securities
Acc-no: 0001127602-21-013108 Size: 6 KB",4/5/2021
4,https://www.sec.gov/Archives/edgar/data/21344/000112760221012305/0001127602-21-012305-index.htm,"Statement of changes in beneficial ownership of securities
Acc-no: 0001127602-21-012305 Size: 13 KB",3/30/2021
4,https://www.sec.gov/Archives/edgar/data/21344/000112760221011804/0001127602-21-011804-index.htm,"Statement of changes in beneficial ownership of securities
Acc-no: 0001127602-21-011804 Size: 6 KB",3/23/2021
4,https://www.sec.gov/Archives/edgar/data/21344/000112760221010205/0001127602-21-010205-index.htm,"Statement of changes in beneficial ownership of securities
Acc-no: 0001127602-21-010205 Size: 4 KB",3/11/2021
CERT,https://www.sec.gov/Archives/edgar/data/21344/000087666121000349/0000876661-21-000349-index.htm,"Certification by an exchange approving securities for listing
Acc-no: 0000876661-21-000349 (34 Act)  Size: 102 KB",3/9/2021
8-A12B,https://www.sec.gov/Archives/edgar/data/21344/000155278121000085/0001552781-21-000085-index.htm,"Registration of securities [Section 12(b)]
Acc-no: 0001552781-21-000085 (34 Act)  Size: 232 KB",3/9/2021
25-NSE,https://www.sec.gov/Archives/edgar/data/21344/000087666121000335/0000876661-21-000335-index.htm,"Notification filed by national security exchange to report the removal from listing and registration of matured, redeemed or retired securities
Acc-no: 0000876661-21-000335 (34 Act)  Size: 3 KB",3/8/2021
DEFA14A,https://www.sec.gov/Archives/edgar/data/21344/000120677421000599/0001206774-21-000599-index.htm,"Additional definitive proxy soliciting materials and Rule 14(a)(12) material
Acc-no: 0001206774-21-000599 (34 Act)  Size: 4 MB",3/4/2021
DEFA14A,https://www.sec.gov/Archives/edgar/data/21344/000120677421000598/0001206774-21-000598-index.htm,"Additional definitive proxy soliciting materials and Rule 14(a)(12) material
Acc-no: 0001206774-21-000598 (34 Act)  Size: 490 KB",3/4/2021
DEF 14A,https://www.sec.gov/Archives/edgar/data/21344/000120677421000597/0001206774-21-000597-index.htm,"Other definitive proxy statements
Acc-no: 0001206774-21-000597 (34 Act)  Size: 17 MB",3/4/2021
424B2,https://www.sec.gov/Archives/edgar/data/21344/000155278121000068/0001552781-21-000068-index.htm,"Prospectus [Rule 424(b)(2)]
Acc-no: 0001552781-21-000068 (33 Act)  Size: 471 KB",3/3/2021
424B2,https://www.sec.gov/Archives/edgar/data/21344/000155278121000067/0001552781-21-000067-index.htm,"Prospectus [Rule 424(b)(2)]
Acc-no: 0001552781-21-000067 (33 Act)  Size: 547 KB",3/3/2021
FWP,https://www.sec.gov/Archives/edgar/data/21344/000155278121000064/0001552781-21-000064-index.htm,"Filing under Securities Act Rules 163/433 of free writing prospectuses
Acc-no: 0001552781-21-000064 (34 Act)  Size: 36 KB",3/2/2021
FWP,https://www.sec.gov/Archives/edgar/data/21344/000155278121000063/0001552781-21-000063-index.htm,"Filing under Securities Act Rules 163/433 of free writing prospectuses
Acc-no: 0001552781-21-000063 (34 Act)  Size: 42 KB",3/2/2021
424B5,https://www.sec.gov/Archives/edgar/data/21344/000155278121000056/0001552781-21-000056-index.htm,"Prospectus [Rule 424(b)(5)]
Acc-no: 0001552781-21-000056 (33 Act)  Size: 474 KB",3/1/2021
424B5,https://www.sec.gov/Archives/edgar/data/21344/000155278121000050/0001552781-21-000050-index.htm,"Prospectus [Rule 424(b)(5)]
Acc-no: 0001552781-21-000050 (33 Act)  Size: 555 KB",3/1/2021
4,https://www.sec.gov/Archives/edgar/data/21344/000112760221007304/0001127602-21-007304-index.htm,"Statement of changes in beneficial ownership of securities
Acc-no: 0001127602-21-007304 Size: 7 KB",2/23/2021
4,https://www.sec.gov/Archives/edgar/data/21344/000112760221007299/0001127602-21-007299-index.htm,"Statement of changes in beneficial ownership of securities
Acc-no: 0001127602-21-007299 Size: 7 KB",2/23/2021
4,https://www.sec.gov/Archives/edgar/data/21344/000112760221007289/0001127602-21-007289-index.htm,"Statement of changes in beneficial ownership of securities
Acc-no: 0001127602-21-007289 Size: 7 KB",2/23/2021
4,https://www.sec.gov/Archives/edgar/data/21344/000112760221007282/0001127602-21-007282-index.htm,"Statement of changes in beneficial ownership of securities
Acc-no: 0001127602-21-007282 Size: 7 KB",2/23/2021
4,https://www.sec.gov/Archives/edgar/data/21344/000112760221007262/0001127602-21-007262-index.htm,"Statement of changes in beneficial ownership of securities
Acc-no: 0001127602-21-007262 Size: 7 KB",2/23/2021
4,https://www.sec.gov/Archives/edgar/data/21344/000112760221007259/0001127602-21-007259-index.htm,"Statement of changes in beneficial ownership of securities
Acc-no: 0001127602-21-007259 Size: 7 KB",2/23/2021
4,https://www.sec.gov/Archives/edgar/data/21344/000112760221007256/0001127602-21-007256-index.htm,"Statement of changes in beneficial ownership of securities
Acc-no: 0001127602-21-007256 Size: 4 KB",2/23/2021
4,https://www.sec.gov/Archives/edgar/data/21344/000112760221007249/0001127602-21-007249-index.htm,"Statement of changes in beneficial ownership of securities
Acc-no: 0001127602-21-007249 Size: 7 KB",2/23/2021
4,https://www.sec.gov/Archives/edgar/data/21344/000112760221007245/0001127602-21-007245-index.htm,"Statement of changes in beneficial ownership of securities
Acc-no: 0001127602-21-007245 Size: 5 KB",2/23/2021
4,https://www.sec.gov/Archives/edgar/data/21344/000112760221007242/0001127602-21-007242-index.htm,"Statement of changes in beneficial ownership of securities
Acc-no: 0001127602-21-007242 Size: 7 KB",2/23/2021
4,https://www.sec.gov/Archives/edgar/data/21344/000112760221007239/0001127602-21-007239-index.htm,"Statement of changes in beneficial ownership of securities
Acc-no: 0001127602-21-007239 Size: 7 KB",2/23/2021
4,https://www.sec.gov/Archives/edgar/data/21344/000112760221007237/0001127602-21-007237-index.htm,"Statement of changes in beneficial ownership of securities
Acc-no: 0001127602-21-007237 Size: 7 KB",2/23/2021
4,https://www.sec.gov/Archives/edgar/data/21344/000112760221007235/0001127602-21-007235-index.htm,"Statement of changes in beneficial ownership of securities
Acc-no: 0001127602-21-007235 Size: 4 KB",2/23/2021
4,https://www.sec.gov/Archives/edgar/data/21344/000112760221007232/0001127602-21-007232-index.htm,"Statement of changes in beneficial ownership of securities
Acc-no: 0001127602-21-007232 Size: 4 KB",2/23/2021
4,https://www.sec.gov/Archives/edgar/data/21344/000112760221006960/0001127602-21-006960-index.htm,"Statement of changes in beneficial ownership of securities
Acc-no: 0001127602-21-006960 Size: 11 KB",2/22/2021
4,https://www.sec.gov/Archives/edgar/data/21344/000112760221006959/0001127602-21-006959-index.htm,"Statement of changes in beneficial ownership of securities
Acc-no: 0001127602-21-006959 Size: 8 KB",2/22/2021
4,https://www.sec.gov/Archives/edgar/data/21344/000112760221006958/0001127602-21-006958-index.htm,"Statement of changes in beneficial ownership of securities
Acc-no: 0001127602-21-006958 Size: 11 KB",2/22/2021
4,https://www.sec.gov/Archives/edgar/data/21344/000112760221006957/0001127602-21-006957-index.htm,"Statement of changes in beneficial ownership of securities
Acc-no: 0001127602-21-006957 Size: 11 KB",2/22/2021
4,https://www.sec.gov/Archives/edgar/data/21344/000112760221006954/0001127602-21-006954-index.htm,"Statement of changes in beneficial ownership of securities
Acc-no: 0001127602-21-006954 Size: 8 KB",2/22/2021
4,https://www.sec.gov/Archives/edgar/data/21344/000112760221006951/0001127602-21-006951-index.htm,"Statement of changes in beneficial ownership of securities
Acc-no: 0001127602-21-006951 Size: 8 KB",2/22/2021
4,https://www.sec.gov/Archives/edgar/data/21344/000112760221006950/0001127602-21-006950-index.htm,"Statement of changes in beneficial ownership of securities
Acc-no: 0001127602-21-006950 Size: 8 KB",2/22/2021
4,https://www.sec.gov/Archives/edgar/data/21344/000112760221006949/0001127602-21-006949-index.htm,"Statement of changes in beneficial ownership of securities
Acc-no: 0001127602-21-006949 Size: 11 KB",2/22/2021
4,https://www.sec.gov/Archives/edgar/data/21344/000112760221006947/0001127602-21-006947-index.htm,"Statement of changes in beneficial ownership of securities
Acc-no: 0001127602-21-006947 Size: 11 KB",2/22/2021
4,https://www.sec.gov/Archives/edgar/data/21344/000112760221006945/0001127602-21-006945-index.htm,"Statement of changes in beneficial ownership of securities
Acc-no: 0001127602-21-006945 Size: 11 KB",2/22/2021
4,https://www.sec.gov/Archives/edgar/data/21344/000112760221006944/0001127602-21-006944-index.htm,"Statement of changes in beneficial ownership of securities
Acc-no: 0001127602-21-006944 Size: 11 KB",2/22/2021
4,https://www.sec.gov/Archives/edgar/data/21344/000112760221006940/0001127602-21-006940-index.htm,"Statement of changes in beneficial ownership of securities
Acc-no: 0001127602-21-006940 Size: 10 KB",2/22/2021
4,https://www.sec.gov/Archives/edgar/data/21344/000112760221006938/0001127602-21-006938-index.htm,"Statement of changes in beneficial ownership of securities
Acc-no: 0001127602-21-006938 Size: 11 KB",2/22/2021
4,https://www.sec.gov/Archives/edgar/data/21344/000112760221006935/0001127602-21-006935-index.htm,"Statement of changes in beneficial ownership of securities
Acc-no: 0001127602-21-006935 Size: 11 KB",2/22/2021
4,https://www.sec.gov/Archives/edgar/data/21344/000112760221006933/0001127602-21-006933-index.htm,"Statement of changes in beneficial ownership of securities
Acc-no: 0001127602-21-006933 Size: 8 KB",2/22/2021
4,https://www.sec.gov/Archives/edgar/data/21344/000112760221006931/0001127602-21-006931-index.htm,"Statement of changes in beneficial ownership of securities
Acc-no: 0001127602-21-006931 Size: 6 KB",2/22/2021
4,https://www.sec.gov/Archives/edgar/data/21344/000112760221006495/0001127602-21-006495-index.htm,"Statement of changes in beneficial ownership of securities
Acc-no: 0001127602-21-006495 Size: 10 KB",2/18/2021
4,https://www.sec.gov/Archives/edgar/data/21344/000112760221006473/0001127602-21-006473-index.htm,"Statement of changes in beneficial ownership of securities
Acc-no: 0001127602-21-006473 Size: 7 KB",2/18/2021
4,https://www.sec.gov/Archives/edgar/data/21344/000112760221006470/0001127602-21-006470-index.htm,"Statement of changes in beneficial ownership of securities
Acc-no: 0001127602-21-006470 Size: 7 KB",2/18/2021
SC 13G/A,https://www.sec.gov/Archives/edgar/data/21344/000110465921017780/0001104659-21-017780-index.htm,"[Amend] Statement of Beneficial Ownership by Certain Investors
Acc-no: 0001104659-21-017780 (34 Act)  Size: 13 KB",2/10/2021
SC 13G/A,https://www.sec.gov/Archives/edgar/data/21344/000083423721003054/0000834237-21-003054-index.htm,"[Amend] Statement of Beneficial Ownership by Certain Investors
Acc-no: 0000834237-21-003054 (34 Act)  Size: 13 KB",1/29/2021
4,https://www.sec.gov/Archives/edgar/data/21344/000112760221000975/0001127602-21-000975-index.htm,"Statement of changes in beneficial ownership of securities
Acc-no: 0001127602-21-000975 Size: 10 KB",1/6/2021
4,https://www.sec.gov/Archives/edgar/data/21344/000112760220031110/0001127602-20-031110-index.htm,"Statement of changes in beneficial ownership of securities
Acc-no: 0001127602-20-031110 Size: 6 KB",12/10/2020
SC 13D/A,https://www.sec.gov/Archives/edgar/data/21344/000155278120000604/0001552781-20-000604-index.htm,"[Amend] General Statement of Acquisition of Beneficial Ownership
Acc-no: 0001552781-20-000604 Size: 186 KB",12/10/2020
4,https://www.sec.gov/Archives/edgar/data/21344/000112760220028578/0001127602-20-028578-index.htm,"Statement of changes in beneficial ownership of securities
Acc-no: 0001127602-20-028578 Size: 10 KB",11/10/2020
4,https://www.sec.gov/Archives/edgar/data/21344/000112760220028418/0001127602-20-028418-index.htm,"Statement of changes in beneficial ownership of securities
Acc-no: 0001127602-20-028418 Size: 12 KB",11/9/2020
4,https://www.sec.gov/Archives/edgar/data/21344/000112760220028216/0001127602-20-028216-index.htm,"Statement of changes in beneficial ownership of securities
Acc-no: 0001127602-20-028216 Size: 10 KB",11/5/2020
4,https://www.sec.gov/Archives/edgar/data/21344/000112760220028069/0001127602-20-028069-index.htm,"Statement of changes in beneficial ownership of securities
Acc-no: 0001127602-20-028069 Size: 9 KB",11/4/2020
4,https://www.sec.gov/Archives/edgar/data/21344/000112760220027639/0001127602-20-027639-index.htm,"Statement of changes in beneficial ownership of securities
Acc-no: 0001127602-20-027639 Size: 10 KB",10/29/2020
25-NSE,https://www.sec.gov/Archives/edgar/data/21344/000087666120000960/0000876661-20-000960-index.htm,"Notification filed by national security exchange to report the removal from listing and registration of matured, redeemed or retired securities
Acc-no: 0000876661-20-000960 (34 Act)  Size: 3 KB",10/21/2020
25-NSE,https://www.sec.gov/Archives/edgar/data/21344/000087666120000948/0000876661-20-000948-index.htm,"Notification filed by national security exchange to report the removal from listing and registration of matured, redeemed or retired securities
Acc-no: 0000876661-20-000948 (34 Act)  Size: 3 KB",10/20/2020
25-NSE,https://www.sec.gov/Archives/edgar/data/21344/000087666120000947/0000876661-20-000947-index.htm,"Notification filed by national security exchange to report the removal from listing and registration of matured, redeemed or retired securities
Acc-no: 0000876661-20-000947 (34 Act)  Size: 3 KB",10/20/2020
4,https://www.sec.gov/Archives/edgar/data/21344/000112760220026984/0001127602-20-026984-index.htm,"Statement of changes in beneficial ownership of securities
Acc-no: 0001127602-20-026984 Size: 7 KB",10/15/2020
3,https://www.sec.gov/Archives/edgar/data/21344/000112760220026710/0001127602-20-026710-index.htm,"Initial statement of beneficial ownership of securities
Acc-no: 0001127602-20-026710 Size: 20 KB",10/8/2020
CERT,https://www.sec.gov/Archives/edgar/data/21344/000087666120000786/0000876661-20-000786-index.htm,"Certification by an exchange approving securities for listing
Acc-no: 0000876661-20-000786 (34 Act)  Size: 669 KB",9/18/2020
8-A12B,https://www.sec.gov/Archives/edgar/data/21344/000155278120000489/0001552781-20-000489-index.htm,"Registration of securities [Section 12(b)]
Acc-no: 0001552781-20-000489 (34 Act)  Size: 228 KB",9/18/2020
424B2,https://www.sec.gov/Archives/edgar/data/21344/000155278120000486/0001552781-20-000486-index.htm,"Prospectus [Rule 424(b)(2)]
Acc-no: 0001552781-20-000486 (33 Act)  Size: 474 KB",9/16/2020
424B2,https://www.sec.gov/Archives/edgar/data/21344/000155278120000485/0001552781-20-000485-index.htm,"Prospectus [Rule 424(b)(2)]
Acc-no: 0001552781-20-000485 (33 Act)  Size: 572 KB",9/16/2020
FWP,https://www.sec.gov/Archives/edgar/data/21344/000155278120000481/0001552781-20-000481-index.htm,"Filing under Securities Act Rules 163/433 of free writing prospectuses
Acc-no: 0001552781-20-000481 (34 Act)  Size: 27 KB",9/15/2020
FWP,https://www.sec.gov/Archives/edgar/data/21344/000155278120000479/0001552781-20-000479-index.htm,"Filing under Securities Act Rules 163/433 of free writing prospectuses
Acc-no: 0001552781-20-000479 (34 Act)  Size: 32 KB",9/14/2020
424B5,https://www.sec.gov/Archives/edgar/data/21344/000155278120000476/0001552781-20-000476-index.htm,"Prospectus [Rule 424(b)(5)]
Acc-no: 0001552781-20-000476 (33 Act)  Size: 465 KB",9/14/2020
424B5,https://www.sec.gov/Archives/edgar/data/21344/000155278120000472/0001552781-20-000472-index.htm,"Prospectus [Rule 424(b)(5)]
Acc-no: 0001552781-20-000472 (33 Act)  Size: 573 KB",9/14/2020
3,https://www.sec.gov/Archives/edgar/data/21344/000112760220025032/0001127602-20-025032-index.htm,"Initial statement of beneficial ownership of securities
Acc-no: 0001127602-20-025032 Size: 2 KB",9/9/2020
4,https://www.sec.gov/Archives/edgar/data/21344/000112760220023579/0001127602-20-023579-index.htm,"Statement of changes in beneficial ownership of securities
Acc-no: 0001127602-20-023579 Size: 11 KB",8/14/2020
4,https://www.sec.gov/Archives/edgar/data/21344/000112760220023321/0001127602-20-023321-index.htm,"Statement of changes in beneficial ownership of securities
Acc-no: 0001127602-20-023321 Size: 14 KB",8/11/2020
4,https://www.sec.gov/Archives/edgar/data/21344/000112760220022477/0001127602-20-022477-index.htm,"Statement of changes in beneficial ownership of securities
Acc-no: 0001127602-20-022477 Size: 11 KB",8/3/2020
4,https://www.sec.gov/Archives/edgar/data/21344/000112760220022277/0001127602-20-022277-index.htm,"Statement of changes in beneficial ownership of securities
Acc-no: 0001127602-20-022277 Size: 15 KB",7/30/2020
4,https://www.sec.gov/Archives/edgar/data/21344/000112760220022169/0001127602-20-022169-index.htm,"Statement of changes in beneficial ownership of securities
Acc-no: 0001127602-20-022169 Size: 14 KB",7/28/2020
UPLOAD,https://www.sec.gov/Archives/edgar/data/21344/000000000020006256/0000000000-20-006256-index.htm,"[Cover]SEC-generated letter
Acc-no: 0000000000-20-006256 Size: 39 KB",7/10/2020
CORRESP,https://www.sec.gov/Archives/edgar/data/21344/000002134420000030/0000021344-20-000030-index.htm,"[Cover]Correspondence
Acc-no: 0000021344-20-000030 Size: 30 KB",7/10/2020
CORRESP,https://www.sec.gov/Archives/edgar/data/21344/000002134420000027/0000021344-20-000027-index.htm,"[Cover]Correspondence
Acc-no: 0000021344-20-000027 Size: 38 KB",6/15/2020
11-K,https://www.sec.gov/Archives/edgar/data/21344/000002134420000023/0000021344-20-000023-index.htm,"Annual report of employee stock purchase, savings and similar plans
Acc-no: 0000021344-20-000023 (34 Act)  Size: 297 KB",6/15/2020
11-K,https://www.sec.gov/Archives/edgar/data/21344/000002134420000022/0000021344-20-000022-index.htm,"Annual report of employee stock purchase, savings and similar plans
Acc-no: 0000021344-20-000022 (34 Act)  Size: 326 KB",6/15/2020
UPLOAD,https://www.sec.gov/Archives/edgar/data/21344/000000000020004904/0000000000-20-004904-index.htm,"[Cover]SEC-generated letter
Acc-no: 0000000000-20-004904 Size: 46 KB",6/2/2020
4,https://www.sec.gov/Archives/edgar/data/21344/000112760220015618/0001127602-20-015618-index.htm,"Statement of changes in beneficial ownership of securities
Acc-no: 0001127602-20-015618 Size: 14 KB",5/6/2020
4,https://www.sec.gov/Archives/edgar/data/21344/000112760220015401/0001127602-20-015401-index.htm,"Statement of changes in beneficial ownership of securities
Acc-no: 0001127602-20-015401 Size: 16 KB",5/5/2020
424B2,https://www.sec.gov/Archives/edgar/data/21344/000104746920002747/0001047469-20-002747-index.htm,"Prospectus [Rule 424(b)(2)]
Acc-no: 0001047469-20-002747 (33 Act)  Size: 514 KB",5/1/2020
FWP,https://www.sec.gov/Archives/edgar/data/21344/000110465920053757/0001104659-20-053757-index.htm,"Filing under Securities Act Rules 163/433 of free writing prospectuses
Acc-no: 0001104659-20-053757 (34 Act)  Size: 33 KB",4/30/2020
424B5,https://www.sec.gov/Archives/edgar/data/21344/000104746920002676/0001047469-20-002676-index.htm,"Prospectus [Rule 424(b)(5)]
Acc-no: 0001047469-20-002676 (33 Act)  Size: 513 KB",4/29/2020
4,https://www.sec.gov/Archives/edgar/data/21344/000112760220014594/0001127602-20-014594-index.htm,"Statement of changes in beneficial ownership of securities
Acc-no: 0001127602-20-014594 Size: 9 KB",4/28/2020
4,https://www.sec.gov/Archives/edgar/data/21344/000112760220014348/0001127602-20-014348-index.htm,"Statement of changes in beneficial ownership of securities
Acc-no: 0001127602-20-014348 Size: 10 KB",4/23/2020
DEFA14A,https://www.sec.gov/Archives/edgar/data/21344/000120677420001104/0001206774-20-001104-index.htm,"Additional definitive proxy soliciting materials and Rule 14(a)(12) material
Acc-no: 0001206774-20-001104 (34 Act)  Size: 67 KB",4/8/2020
DEFA14A,https://www.sec.gov/Archives/edgar/data/21344/000120677420001103/0001206774-20-001103-index.htm,"Additional definitive proxy soliciting materials and Rule 14(a)(12) material
Acc-no: 0001206774-20-001103 (34 Act)  Size: 68 KB",4/8/2020
4,https://www.sec.gov/Archives/edgar/data/21344/000112760220013044/0001127602-20-013044-index.htm,"Statement of changes in beneficial ownership of securities
Acc-no: 0001127602-20-013044 Size: 10 KB",4/3/2020
4,https://www.sec.gov/Archives/edgar/data/21344/000112760220013037/0001127602-20-013037-index.htm,"Statement of changes in beneficial ownership of securities
Acc-no: 0001127602-20-013037 Size: 6 KB",4/3/2020
4,https://www.sec.gov/Archives/edgar/data/21344/000112760220013030/0001127602-20-013030-index.htm,"Statement of changes in beneficial ownership of securities
Acc-no: 0001127602-20-013030 Size: 6 KB",4/3/2020
4,https://www.sec.gov/Archives/edgar/data/21344/000112760220013024/0001127602-20-013024-index.htm,"Statement of changes in beneficial ownership of securities
Acc-no: 0001127602-20-013024 Size: 6 KB",4/3/2020
4,https://www.sec.gov/Archives/edgar/data/21344/000112760220013019/0001127602-20-013019-index.htm,"Statement of changes in beneficial ownership of securities
Acc-no: 0001127602-20-013019 Size: 6 KB",4/3/2020
4,https://www.sec.gov/Archives/edgar/data/21344/000112760220013017/0001127602-20-013017-index.htm,"Statement of changes in beneficial ownership of securities
Acc-no: 0001127602-20-013017 Size: 6 KB",4/3/2020
4,https://www.sec.gov/Archives/edgar/data/21344/000112760220013015/0001127602-20-013015-index.htm,"Statement of changes in beneficial ownership of securities
Acc-no: 0001127602-20-013015 Size: 6 KB",4/3/2020
4,https://www.sec.gov/Archives/edgar/data/21344/000112760220013006/0001127602-20-013006-index.htm,"Statement of changes in beneficial ownership of securities
Acc-no: 0001127602-20-013006 Size: 6 KB",4/3/2020
4,https://www.sec.gov/Archives/edgar/data/21344/000112760220013001/0001127602-20-013001-index.htm,"Statement of changes in beneficial ownership of securities
Acc-no: 0001127602-20-013001 Size: 7 KB",4/3/2020
4,https://www.sec.gov/Archives/edgar/data/21344/000112760220012996/0001127602-20-012996-index.htm,"Statement of changes in beneficial ownership of securities
Acc-no: 0001127602-20-012996 Size: 8 KB",4/3/2020
4,https://www.sec.gov/Archives/edgar/data/21344/000112760220012993/0001127602-20-012993-index.htm,"Statement of changes in beneficial ownership of securities
Acc-no: 0001127602-20-012993 Size: 6 KB",4/3/2020
4,https://www.sec.gov/Archives/edgar/data/21344/000112760220012991/0001127602-20-012991-index.htm,"Statement of changes in beneficial ownership of securities
Acc-no: 0001127602-20-012991 Size: 6 KB",4/3/2020
424B2,https://www.sec.gov/Archives/edgar/data/21344/000104746920001734/0001047469-20-001734-index.htm,"Prospectus [Rule 424(b)(2)]
Acc-no: 0001047469-20-001734 (33 Act)  Size: 495 KB",3/24/2020
FWP,https://www.sec.gov/Archives/edgar/data/21344/000110465920036916/0001104659-20-036916-index.htm,"Filing under Securities Act Rules 163/433 of free writing prospectuses
Acc-no: 0001104659-20-036916 (34 Act)  Size: 33 KB",3/20/2020
424B5,https://www.sec.gov/Archives/edgar/data/21344/000104746920001631/0001047469-20-001631-index.htm,"Prospectus [Rule 424(b)(5)]
Acc-no: 0001047469-20-001631 (33 Act)  Size: 494 KB",3/20/2020
3,https://www.sec.gov/Archives/edgar/data/21344/000112760220010056/0001127602-20-010056-index.htm,"Initial statement of beneficial ownership of securities
Acc-no: 0001127602-20-010056 Size: 15 KB",3/10/2020
4,https://www.sec.gov/Archives/edgar/data/21344/000112760220009778/0001127602-20-009778-index.htm,"Statement of changes in beneficial ownership of securities
Acc-no: 0001127602-20-009778 Size: 11 KB",3/6/2020
DEFA14A,https://www.sec.gov/Archives/edgar/data/21344/000120677420000707/0001206774-20-000707-index.htm,"Additional definitive proxy soliciting materials and Rule 14(a)(12) material
Acc-no: 0001206774-20-000707 (34 Act)  Size: 1 MB",3/5/2020
DEFA14A,https://www.sec.gov/Archives/edgar/data/21344/000120677420000705/0001206774-20-000705-index.htm,"Additional definitive proxy soliciting materials and Rule 14(a)(12) material
Acc-no: 0001206774-20-000705 (34 Act)  Size: 264 KB",3/5/2020
DEF 14A,https://www.sec.gov/Archives/edgar/data/21344/000120677420000704/0001206774-20-000704-index.htm,"Other definitive proxy statements
Acc-no: 0001206774-20-000704 (34 Act)  Size: 9 MB",3/5/2020
4,https://www.sec.gov/Archives/edgar/data/21344/000112760220008921/0001127602-20-008921-index.htm,"Statement of changes in beneficial ownership of securities
Acc-no: 0001127602-20-008921 Size: 7 KB",3/3/2020
4,https://www.sec.gov/Archives/edgar/data/21344/000112760220007968/0001127602-20-007968-index.htm,"Statement of changes in beneficial ownership of securities
Acc-no: 0001127602-20-007968 Size: 21 KB",2/26/2020
4,https://www.sec.gov/Archives/edgar/data/21344/000112760220007699/0001127602-20-007699-index.htm,"Statement of changes in beneficial ownership of securities
Acc-no: 0001127602-20-007699 Size: 7 KB",2/25/2020
4,https://www.sec.gov/Archives/edgar/data/21344/000112760220007693/0001127602-20-007693-index.htm,"Statement of changes in beneficial ownership of securities
Acc-no: 0001127602-20-007693 Size: 7 KB",2/25/2020
4,https://www.sec.gov/Archives/edgar/data/21344/000112760220007691/0001127602-20-007691-index.htm,"Statement of changes in beneficial ownership of securities
Acc-no: 0001127602-20-007691 Size: 4 KB",2/25/2020
4,https://www.sec.gov/Archives/edgar/data/21344/000112760220007689/0001127602-20-007689-index.htm,"Statement of changes in beneficial ownership of securities
Acc-no: 0001127602-20-007689 Size: 7 KB",2/25/2020
4,https://www.sec.gov/Archives/edgar/data/21344/000112760220007676/0001127602-20-007676-index.htm,"Statement of changes in beneficial ownership of securities
Acc-no: 0001127602-20-007676 Size: 7 KB",2/25/2020
4,https://www.sec.gov/Archives/edgar/data/21344/000112760220007659/0001127602-20-007659-index.htm,"Statement of changes in beneficial ownership of securities
Acc-no: 0001127602-20-007659 Size: 7 KB",2/25/2020
4,https://www.sec.gov/Archives/edgar/data/21344/000112760220007637/0001127602-20-007637-index.htm,"Statement of changes in beneficial ownership of securities
Acc-no: 0001127602-20-007637 Size: 7 KB",2/25/2020
4,https://www.sec.gov/Archives/edgar/data/21344/000112760220007621/0001127602-20-007621-index.htm,"Statement of changes in beneficial ownership of securities
Acc-no: 0001127602-20-007621 Size: 5 KB",2/25/2020
4,https://www.sec.gov/Archives/edgar/data/21344/000112760220007593/0001127602-20-007593-index.htm,"Statement of changes in beneficial ownership of securities
Acc-no: 0001127602-20-007593 Size: 7 KB",2/25/2020
4,https://www.sec.gov/Archives/edgar/data/21344/000112760220007574/0001127602-20-007574-index.htm,"Statement of changes in beneficial ownership of securities
Acc-no: 0001127602-20-007574 Size: 7 KB",2/25/2020
4,https://www.sec.gov/Archives/edgar/data/21344/000112760220007561/0001127602-20-007561-index.htm,"Statement of changes in beneficial ownership of securities
Acc-no: 0001127602-20-007561 Size: 7 KB",2/25/2020
4,https://www.sec.gov/Archives/edgar/data/21344/000112760220007558/0001127602-20-007558-index.htm,"Statement of changes in beneficial ownership of securities
Acc-no: 0001127602-20-007558 Size: 4 KB",2/25/2020
4,https://www.sec.gov/Archives/edgar/data/21344/000112760220007552/0001127602-20-007552-index.htm,"Statement of changes in beneficial ownership of securities
Acc-no: 0001127602-20-007552 Size: 7 KB",2/25/2020
4,https://www.sec.gov/Archives/edgar/data/21344/000112760220007321/0001127602-20-007321-index.htm,"Statement of changes in beneficial ownership of securities
Acc-no: 0001127602-20-007321 Size: 9 KB",2/24/2020
4,https://www.sec.gov/Archives/edgar/data/21344/000112760220007317/0001127602-20-007317-index.htm,"Statement of changes in beneficial ownership of securities
Acc-no: 0001127602-20-007317 Size: 9 KB",2/24/2020
4,https://www.sec.gov/Archives/edgar/data/21344/000112760220007310/0001127602-20-007310-index.htm,"Statement of changes in beneficial ownership of securities
Acc-no: 0001127602-20-007310 Size: 6 KB",2/24/2020
4,https://www.sec.gov/Archives/edgar/data/21344/000112760220007304/0001127602-20-007304-index.htm,"Statement of changes in beneficial ownership of securities
Acc-no: 0001127602-20-007304 Size: 9 KB",2/24/2020
4,https://www.sec.gov/Archives/edgar/data/21344/000112760220007284/0001127602-20-007284-index.htm,"Statement of changes in beneficial ownership of securities
Acc-no: 0001127602-20-007284 Size: 10 KB",2/24/2020
4,https://www.sec.gov/Archives/edgar/data/21344/000112760220007269/0001127602-20-007269-index.htm,"Statement of changes in beneficial ownership of securities
Acc-no: 0001127602-20-007269 Size: 9 KB",2/24/2020
4,https://www.sec.gov/Archives/edgar/data/21344/000112760220007244/0001127602-20-007244-index.htm,"Statement of changes in beneficial ownership of securities
Acc-no: 0001127602-20-007244 Size: 9 KB",2/24/2020
4,https://www.sec.gov/Archives/edgar/data/21344/000112760220007217/0001127602-20-007217-index.htm,"Statement of changes in beneficial ownership of securities
Acc-no: 0001127602-20-007217 Size: 7 KB",2/24/2020
4,https://www.sec.gov/Archives/edgar/data/21344/000112760220007205/0001127602-20-007205-index.htm,"Statement of changes in beneficial ownership of securities
Acc-no: 0001127602-20-007205 Size: 9 KB",2/24/2020
4,https://www.sec.gov/Archives/edgar/data/21344/000112760220007192/0001127602-20-007192-index.htm,"Statement of changes in beneficial ownership of securities
Acc-no: 0001127602-20-007192 Size: 9 KB",2/24/2020
4,https://www.sec.gov/Archives/edgar/data/21344/000112760220007176/0001127602-20-007176-index.htm,"Statement of changes in beneficial ownership of securities
Acc-no: 0001127602-20-007176 Size: 9 KB",2/24/2020
4,https://www.sec.gov/Archives/edgar/data/21344/000112760220007169/0001127602-20-007169-index.htm,"Statement of changes in beneficial ownership of securities
Acc-no: 0001127602-20-007169 Size: 6 KB",2/24/2020
4,https://www.sec.gov/Archives/edgar/data/21344/000112760220007164/0001127602-20-007164-index.htm,"Statement of changes in beneficial ownership of securities
Acc-no: 0001127602-20-007164 Size: 9 KB",2/24/2020
4,https://www.sec.gov/Archives/edgar/data/21344/000112760220007160/0001127602-20-007160-index.htm,"Statement of changes in beneficial ownership of securities
Acc-no: 0001127602-20-007160 Size: 8 KB",2/24/2020
4,https://www.sec.gov/Archives/edgar/data/21344/000112760220007156/0001127602-20-007156-index.htm,"Statement of changes in beneficial ownership of securities
Acc-no: 0001127602-20-007156 Size: 6 KB",2/24/2020
4,https://www.sec.gov/Archives/edgar/data/21344/000112760220006375/0001127602-20-006375-index.htm,"Statement of changes in beneficial ownership of securities
Acc-no: 0001127602-20-006375 Size: 10 KB",2/19/2020
4,https://www.sec.gov/Archives/edgar/data/21344/000112760220006371/0001127602-20-006371-index.htm,"Statement of changes in beneficial ownership of securities
Acc-no: 0001127602-20-006371 Size: 10 KB",2/19/2020
4,https://www.sec.gov/Archives/edgar/data/21344/000112760220006364/0001127602-20-006364-index.htm,"Statement of changes in beneficial ownership of securities
Acc-no: 0001127602-20-006364 Size: 10 KB",2/19/2020
SC 13G/A,https://www.sec.gov/Archives/edgar/data/21344/000110465920018530/0001104659-20-018530-index.htm,"[Amend] Statement of Beneficial Ownership by Certain Investors
Acc-no: 0001104659-20-018530 (34 Act)  Size: 13 KB",2/12/2020
4,https://www.sec.gov/Archives/edgar/data/21344/000112760220004362/0001127602-20-004362-index.htm,"Statement of changes in beneficial ownership of securities
Acc-no: 0001127602-20-004362 Size: 7 KB",2/7/2020
SC 13G/A,https://www.sec.gov/Archives/edgar/data/21344/000083423720004709/0000834237-20-004709-index.htm,"[Amend] Statement of Beneficial Ownership by Certain Investors
Acc-no: 0000834237-20-004709 (34 Act)  Size: 13 KB",2/5/2020
4,https://www.sec.gov/Archives/edgar/data/21344/000112760220003125/0001127602-20-003125-index.htm,"Statement of changes in beneficial ownership of securities
Acc-no: 0001127602-20-003125 Size: 11 KB",2/3/2020
4,https://www.sec.gov/Archives/edgar/data/21344/000112760220003115/0001127602-20-003115-index.htm,"Statement of changes in beneficial ownership of securities
Acc-no: 0001127602-20-003115 Size: 10 KB",2/3/2020
4,https://www.sec.gov/Archives/edgar/data/21344/000112760220003098/0001127602-20-003098-index.htm,"Statement of changes in beneficial ownership of securities
Acc-no: 0001127602-20-003098 Size: 11 KB",2/3/2020
4,https://www.sec.gov/Archives/edgar/data/21344/000112760220003084/0001127602-20-003084-index.htm,"Statement of changes in beneficial ownership of securities
Acc-no: 0001127602-20-003084 Size: 10 KB",2/3/2020
5,https://www.sec.gov/Archives/edgar/data/21344/000112760220002227/0001127602-20-002227-index.htm,"Annual statement of changes in beneficial ownership of securities
Acc-no: 0001127602-20-002227 Size: 6 KB",1/23/2020
4,https://www.sec.gov/Archives/edgar/data/21344/000112760220001649/0001127602-20-001649-index.htm,"Statement of changes in beneficial ownership of securities
Acc-no: 0001127602-20-001649 Size: 10 KB",1/15/2020
4,https://www.sec.gov/Archives/edgar/data/21344/000112760220001647/0001127602-20-001647-index.htm,"Statement of changes in beneficial ownership of securities
Acc-no: 0001127602-20-001647 Size: 10 KB",1/15/2020
4,https://www.sec.gov/Archives/edgar/data/21344/000112760220001645/0001127602-20-001645-index.htm,"Statement of changes in beneficial ownership of securities
Acc-no: 0001127602-20-001645 Size: 11 KB",1/15/2020
4,https://www.sec.gov/Archives/edgar/data/21344/000112760219035721/0001127602-19-035721-index.htm,"Statement of changes in beneficial ownership of securities
Acc-no: 0001127602-19-035721 Size: 15 KB",12/23/2019
4,https://www.sec.gov/Archives/edgar/data/21344/000112760219031469/0001127602-19-031469-index.htm,"Statement of changes in beneficial ownership of securities
Acc-no: 0001127602-19-031469 Size: 11 KB",11/1/2019
4,https://www.sec.gov/Archives/edgar/data/21344/000112760219031052/0001127602-19-031052-index.htm,"Statement of changes in beneficial ownership of securities
Acc-no: 0001127602-19-031052 Size: 7 KB",10/25/2019
4,https://www.sec.gov/Archives/edgar/data/21344/000112760219031051/0001127602-19-031051-index.htm,"Statement of changes in beneficial ownership of securities
Acc-no: 0001127602-19-031051 Size: 10 KB",10/25/2019
S-3ASR,https://www.sec.gov/Archives/edgar/data/21344/000104746919005885/0001047469-19-005885-index.htm,"Automatic shelf registration statement of securities of well-known seasoned issuers
Acc-no: 0001047469-19-005885 (33 Act)  Size: 1 MB",10/24/2019
4,https://www.sec.gov/Archives/edgar/data/21344/000112760219030907/0001127602-19-030907-index.htm,"Statement of changes in beneficial ownership of securities
Acc-no: 0001127602-19-030907 Size: 10 KB",10/22/2019
4,https://www.sec.gov/Archives/edgar/data/21344/000112760219028410/0001127602-19-028410-index.htm,"Statement of changes in beneficial ownership of securities
Acc-no: 0001127602-19-028410 Size: 15 KB",9/16/2019
4,https://www.sec.gov/Archives/edgar/data/21344/000112760219028105/0001127602-19-028105-index.htm,"Statement of changes in beneficial ownership of securities
Acc-no: 0001127602-19-028105 Size: 11 KB",9/10/2019
25-NSE,https://www.sec.gov/Archives/edgar/data/21344/000087666119000923/0000876661-19-000923-index.htm,"Notification filed by national security exchange to report the removal from listing and registration of matured, redeemed or retired securities
Acc-no: 0000876661-19-000923 (34 Act)  Size: 3 KB",9/10/2019
424B2,https://www.sec.gov/Archives/edgar/data/21344/000104746919005021/0001047469-19-005021-index.htm,"Prospectus [Rule 424(b)(2)]
Acc-no: 0001047469-19-005021 (33 Act)  Size: 439 KB",9/6/2019
FWP,https://www.sec.gov/Archives/edgar/data/21344/000110465919048750/0001104659-19-048750-index.htm,"Filing under Securities Act Rules 163/433 of free writing prospectuses
Acc-no: 0001104659-19-048750 (34 Act)  Size: 38 KB",9/5/2019
4,https://www.sec.gov/Archives/edgar/data/21344/000112760219027851/0001127602-19-027851-index.htm,"Statement of changes in beneficial ownership of securities
Acc-no: 0001127602-19-027851 Size: 7 KB",9/4/2019
424B5,https://www.sec.gov/Archives/edgar/data/21344/000104746919004954/0001047469-19-004954-index.htm,"Prospectus [Rule 424(b)(5)]
Acc-no: 0001047469-19-004954 (33 Act)  Size: 428 KB",9/4/2019
4,https://www.sec.gov/Archives/edgar/data/21344/000112760219027057/0001127602-19-027057-index.htm,"Statement of changes in beneficial ownership of securities
Acc-no: 0001127602-19-027057 Size: 11 KB",8/20/2019
4,https://www.sec.gov/Archives/edgar/data/21344/000112760219027054/0001127602-19-027054-index.htm,"Statement of changes in beneficial ownership of securities
Acc-no: 0001127602-19-027054 Size: 8 KB",8/20/2019
4,https://www.sec.gov/Archives/edgar/data/21344/000112760219026726/0001127602-19-026726-index.htm,"Statement of changes in beneficial ownership of securities
Acc-no: 0001127602-19-026726 Size: 6 KB",8/15/2019
4,https://www.sec.gov/Archives/edgar/data/21344/000112760219025334/0001127602-19-025334-index.htm,"Statement of changes in beneficial ownership of securities
Acc-no: 0001127602-19-025334 Size: 11 KB",7/29/2019
4,https://www.sec.gov/Archives/edgar/data/21344/000112760219025256/0001127602-19-025256-index.htm,"Statement of changes in beneficial ownership of securities
Acc-no: 0001127602-19-025256 Size: 11 KB",7/26/2019
4,https://www.sec.gov/Archives/edgar/data/21344/000112760219025192/0001127602-19-025192-index.htm,"Statement of changes in beneficial ownership of securities
Acc-no: 0001127602-19-025192 Size: 10 KB",7/25/2019
4,https://www.sec.gov/Archives/edgar/data/21344/000112760219025190/0001127602-19-025190-index.htm,"Statement of changes in beneficial ownership of securities
Acc-no: 0001127602-19-025190 Size: 10 KB",7/25/2019
8-K,https://www.sec.gov/Archives/edgar/data/21344/000002134419000031/0000021344-19-000031-index.htm,"Current report, items 2.02 and 9.01
Acc-no: 0000021344-19-000031 (34 Act)  Size: 1 MB",7/23/2019
8-K,https://www.sec.gov/Archives/edgar/data/21344/000162828019008450/0001628280-19-008450-index.htm,"Current report, items 7.01 and 9.01
Acc-no: 0001628280-19-008450 (34 Act)  Size: 1 MB",6/28/2019
4,https://www.sec.gov/Archives/edgar/data/21344/000112760219021317/0001127602-19-021317-index.htm,"Statement of changes in beneficial ownership of securities
Acc-no: 0001127602-19-021317 Size: 10 KB",6/11/2019
4,https://www.sec.gov/Archives/edgar/data/21344/000112760219021001/0001127602-19-021001-index.htm,"Statement of changes in beneficial ownership of securities
Acc-no: 0001127602-19-021001 Size: 11 KB",6/6/2019
4,https://www.sec.gov/Archives/edgar/data/21344/000112760219020846/0001127602-19-020846-index.htm,"Statement of changes in beneficial ownership of securities
Acc-no: 0001127602-19-020846 Size: 10 KB",6/5/2019
4,https://www.sec.gov/Archives/edgar/data/21344/000112760219020844/0001127602-19-020844-index.htm,"Statement of changes in beneficial ownership of securities
Acc-no: 0001127602-19-020844 Size: 13 KB",6/5/2019
4/A,https://www.sec.gov/Archives/edgar/data/21344/000112760219019871/0001127602-19-019871-index.htm,"[Amend] Statement of changes in beneficial ownership of securities
Acc-no: 0001127602-19-019871 Size: 5 KB",5/24/2019
4/A,https://www.sec.gov/Archives/edgar/data/21344/000112760219019869/0001127602-19-019869-index.htm,"[Amend] Statement of changes in beneficial ownership of securities
Acc-no: 0001127602-19-019869 Size: 5 KB",5/24/2019
4/A,https://www.sec.gov/Archives/edgar/data/21344/000112760219019863/0001127602-19-019863-index.htm,"[Amend] Statement of changes in beneficial ownership of securities
Acc-no: 0001127602-19-019863 Size: 5 KB",5/24/2019
4/A,https://www.sec.gov/Archives/edgar/data/21344/000112760219019859/0001127602-19-019859-index.htm,"[Amend] Statement of changes in beneficial ownership of securities
Acc-no: 0001127602-19-019859 Size: 5 KB",5/24/2019
4/A,https://www.sec.gov/Archives/edgar/data/21344/000112760219019855/0001127602-19-019855-index.htm,"[Amend] Statement of changes in beneficial ownership of securities
Acc-no: 0001127602-19-019855 Size: 5 KB",5/24/2019
4/A,https://www.sec.gov/Archives/edgar/data/21344/000112760219019850/0001127602-19-019850-index.htm,"[Amend] Statement of changes in beneficial ownership of securities
Acc-no: 0001127602-19-019850 Size: 5 KB",5/24/2019
4/A,https://www.sec.gov/Archives/edgar/data/21344/000112760219019840/0001127602-19-019840-index.htm,"[Amend] Statement of changes in beneficial ownership of securities
Acc-no: 0001127602-19-019840 Size: 5 KB",5/24/2019
11-K,https://www.sec.gov/Archives/edgar/data/21344/000155278119000258/0001552781-19-000258-index.htm,"Annual report of employee stock purchase, savings and similar plans
Acc-no: 0001552781-19-000258 (34 Act)  Size: 123 KB",5/23/2019
11-K,https://www.sec.gov/Archives/edgar/data/21344/000155278119000257/0001552781-19-000257-index.htm,"Annual report of employee stock purchase, savings and similar plans
Acc-no: 0001552781-19-000257 (34 Act)  Size: 147 KB",5/23/2019
4,https://www.sec.gov/Archives/edgar/data/21344/000112760219019123/0001127602-19-019123-index.htm,"Statement of changes in beneficial ownership of securities
Acc-no: 0001127602-19-019123 Size: 10 KB",5/20/2019
4,https://www.sec.gov/Archives/edgar/data/21344/000112760219019038/0001127602-19-019038-index.htm,"Statement of changes in beneficial ownership of securities
Acc-no: 0001127602-19-019038 Size: 9 KB",5/17/2019
4,https://www.sec.gov/Archives/edgar/data/21344/000112760219018915/0001127602-19-018915-index.htm,"Statement of changes in beneficial ownership of securities
Acc-no: 0001127602-19-018915 Size: 11 KB",5/17/2019
4,https://www.sec.gov/Archives/edgar/data/21344/000112760219018556/0001127602-19-018556-index.htm,"Statement of changes in beneficial ownership of securities
Acc-no: 0001127602-19-018556 Size: 7 KB",5/15/2019
4,https://www.sec.gov/Archives/edgar/data/21344/000112760219016681/0001127602-19-016681-index.htm,"Statement of changes in beneficial ownership of securities
Acc-no: 0001127602-19-016681 Size: 8 KB",5/1/2019
4,https://www.sec.gov/Archives/edgar/data/21344/000112760219016677/0001127602-19-016677-index.htm,"Statement of changes in beneficial ownership of securities
Acc-no: 0001127602-19-016677 Size: 10 KB",5/1/2019
4,https://www.sec.gov/Archives/edgar/data/21344/000112760219016295/0001127602-19-016295-index.htm,"Statement of changes in beneficial ownership of securities
Acc-no: 0001127602-19-016295 Size: 8 KB",4/26/2019
8-K,https://www.sec.gov/Archives/edgar/data/21344/000155278119000204/0001552781-19-000204-index.htm,"Current report, item 5.07
Acc-no: 0001552781-19-000204 (34 Act)  Size: 110 KB",4/24/2019
8-K,https://www.sec.gov/Archives/edgar/data/21344/000002134419000022/0000021344-19-000022-index.htm,"Current report, items 2.02 and 9.01
Acc-no: 0000021344-19-000022 (34 Act)  Size: 1 MB",4/23/2019
8-K,https://www.sec.gov/Archives/edgar/data/21344/000155278119000156/0001552781-19-000156-index.htm,"Current report, items 5.04 and 9.01
Acc-no: 0001552781-19-000156 (34 Act)  Size: 31 KB",4/10/2019
4,https://www.sec.gov/Archives/edgar/data/21344/000112760219014706/0001127602-19-014706-index.htm,"Statement of changes in beneficial ownership of securities
Acc-no: 0001127602-19-014706 Size: 13 KB",4/3/2019
4,https://www.sec.gov/Archives/edgar/data/21344/000112760219014700/0001127602-19-014700-index.htm,"Statement of changes in beneficial ownership of securities
Acc-no: 0001127602-19-014700 Size: 6 KB",4/3/2019
4,https://www.sec.gov/Archives/edgar/data/21344/000112760219014694/0001127602-19-014694-index.htm,"Statement of changes in beneficial ownership of securities
Acc-no: 0001127602-19-014694 Size: 6 KB",4/3/2019
4,https://www.sec.gov/Archives/edgar/data/21344/000112760219014687/0001127602-19-014687-index.htm,"Statement of changes in beneficial ownership of securities
Acc-no: 0001127602-19-014687 Size: 9 KB",4/3/2019
4,https://www.sec.gov/Archives/edgar/data/21344/000112760219014679/0001127602-19-014679-index.htm,"Statement of changes in beneficial ownership of securities
Acc-no: 0001127602-19-014679 Size: 10 KB",4/3/2019
4,https://www.sec.gov/Archives/edgar/data/21344/000112760219014661/0001127602-19-014661-index.htm,"Statement of changes in beneficial ownership of securities
Acc-no: 0001127602-19-014661 Size: 9 KB",4/3/2019
4,https://www.sec.gov/Archives/edgar/data/21344/000112760219014650/0001127602-19-014650-index.htm,"Statement of changes in beneficial ownership of securities
Acc-no: 0001127602-19-014650 Size: 9 KB",4/3/2019
4,https://www.sec.gov/Archives/edgar/data/21344/000112760219014634/0001127602-19-014634-index.htm,"Statement of changes in beneficial ownership of securities
Acc-no: 0001127602-19-014634 Size: 9 KB",4/3/2019
4,https://www.sec.gov/Archives/edgar/data/21344/000112760219014624/0001127602-19-014624-index.htm,"Statement of changes in beneficial ownership of securities
Acc-no: 0001127602-19-014624 Size: 6 KB",4/3/2019
4,https://www.sec.gov/Archives/edgar/data/21344/000112760219014616/0001127602-19-014616-index.htm,"Statement of changes in beneficial ownership of securities
Acc-no: 0001127602-19-014616 Size: 6 KB",4/3/2019
4,https://www.sec.gov/Archives/edgar/data/21344/000112760219014600/0001127602-19-014600-index.htm,"Statement of changes in beneficial ownership of securities
Acc-no: 0001127602-19-014600 Size: 9 KB",4/3/2019
4,https://www.sec.gov/Archives/edgar/data/21344/000112760219014577/0001127602-19-014577-index.htm,"Statement of changes in beneficial ownership of securities
Acc-no: 0001127602-19-014577 Size: 9 KB",4/3/2019
4,https://www.sec.gov/Archives/edgar/data/21344/000112760219014572/0001127602-19-014572-index.htm,"Statement of changes in beneficial ownership of securities
Acc-no: 0001127602-19-014572 Size: 10 KB",4/3/2019
4,https://www.sec.gov/Archives/edgar/data/21344/000112760219014566/0001127602-19-014566-index.htm,"Statement of changes in beneficial ownership of securities
Acc-no: 0001127602-19-014566 Size: 11 KB",4/3/2019
8-K,https://www.sec.gov/Archives/edgar/data/21344/000002134419000019/0000021344-19-000019-index.htm,"Current report, items 7.01 and 9.01
Acc-no: 0000021344-19-000019 (34 Act)  Size: 1 MB",4/1/2019
4,https://www.sec.gov/Archives/edgar/data/21344/000112760219011894/0001127602-19-011894-index.htm,"Statement of changes in beneficial ownership of securities
Acc-no: 0001127602-19-011894 Size: 12 KB",3/18/2019
CERT,https://www.sec.gov/Archives/edgar/data/21344/000087666119000204/0000876661-19-000204-index.htm,"Certification by an exchange approving securities for listing
Acc-no: 0000876661-19-000204 (34 Act)  Size: 153 KB",3/11/2019
8-K,https://www.sec.gov/Archives/edgar/data/21344/000110465919013658/0001104659-19-013658-index.htm,"Current report, items 8.01 and 9.01
Acc-no: 0001104659-19-013658 (34 Act)  Size: 92 KB",3/8/2019
8-A12B,https://www.sec.gov/Archives/edgar/data/21344/000110465919013649/0001104659-19-013649-index.htm,"Registration of securities [Section 12(b)]
Acc-no: 0001104659-19-013649 (34 Act)  Size: 362 KB",3/8/2019
3/A,https://www.sec.gov/Archives/edgar/data/21344/000112760219010531/0001127602-19-010531-index.htm,"[Amend] Initial statement of beneficial ownership of securities
Acc-no: 0001127602-19-010531 Size: 9 KB",3/8/2019
3,https://www.sec.gov/Archives/edgar/data/21344/000112760219010524/0001127602-19-010524-index.htm,"Initial statement of beneficial ownership of securities
Acc-no: 0001127602-19-010524 Size: 6 KB",3/8/2019
25-NSE,https://www.sec.gov/Archives/edgar/data/21344/000087666119000195/0000876661-19-000195-index.htm,"Notification filed by national security exchange to report the removal from listing and registration of matured, redeemed or retired securities
Acc-no: 0000876661-19-000195 (34 Act)  Size: 3 KB",3/8/2019
DEFA14A,https://www.sec.gov/Archives/edgar/data/21344/000120677419000737/0001206774-19-000737-index.htm,"Additional definitive proxy soliciting materials and Rule 14(a)(12) material
Acc-no: 0001206774-19-000737 (34 Act)  Size: 3 MB",3/7/2019
DEFA14A,https://www.sec.gov/Archives/edgar/data/21344/000120677419000736/0001206774-19-000736-index.htm,"Additional definitive proxy soliciting materials and Rule 14(a)(12) material
Acc-no: 0001206774-19-000736 (34 Act)  Size: 262 KB",3/7/2019
DEF 14A,https://www.sec.gov/Archives/edgar/data/21344/000120677419000735/0001206774-19-000735-index.htm,"Other definitive proxy statements
Acc-no: 0001206774-19-000735 (34 Act)  Size: 11 MB",3/7/2019
8-K,https://www.sec.gov/Archives/edgar/data/21344/000110465919011570/0001104659-19-011570-index.htm,"Current report, items 8.01 and 9.01
Acc-no: 0001104659-19-011570 (34 Act)  Size: 321 KB",2/28/2019
424B2,https://www.sec.gov/Archives/edgar/data/21344/000104746919000754/0001047469-19-000754-index.htm,"Prospectus [Rule 424(b)(2)]
Acc-no: 0001047469-19-000754 (33 Act)  Size: 587 KB",2/27/2019
4,https://www.sec.gov/Archives/edgar/data/21344/000112760219008125/0001127602-19-008125-index.htm,"Statement of changes in beneficial ownership of securities
Acc-no: 0001127602-19-008125 Size: 7 KB",2/25/2019
4,https://www.sec.gov/Archives/edgar/data/21344/000112760219008110/0001127602-19-008110-index.htm,"Statement of changes in beneficial ownership of securities
Acc-no: 0001127602-19-008110 Size: 13 KB",2/25/2019
4,https://www.sec.gov/Archives/edgar/data/21344/000112760219008086/0001127602-19-008086-index.htm,"Statement of changes in beneficial ownership of securities
Acc-no: 0001127602-19-008086 Size: 7 KB",2/25/2019
FWP,https://www.sec.gov/Archives/edgar/data/21344/000110465919010370/0001104659-19-010370-index.htm,"Filing under Securities Act Rules 163/433 of free writing prospectuses
Acc-no: 0001104659-19-010370 (34 Act)  Size: 52 KB",2/25/2019
FWP,https://www.sec.gov/Archives/edgar/data/21344/000110465919010371/0001104659-19-010371-index.htm,"Filing under Securities Act Rules 163/433 of free writing prospectuses
Acc-no: 0001104659-19-010371 (34 Act)  Size: 42 KB",2/25/2019
4,https://www.sec.gov/Archives/edgar/data/21344/000112760219008076/0001127602-19-008076-index.htm,"Statement of changes in beneficial ownership of securities
Acc-no: 0001127602-19-008076 Size: 9 KB",2/25/2019
4,https://www.sec.gov/Archives/edgar/data/21344/000112760219008073/0001127602-19-008073-index.htm,"Statement of changes in beneficial ownership of securities
Acc-no: 0001127602-19-008073 Size: 9 KB",2/25/2019
4,https://www.sec.gov/Archives/edgar/data/21344/000112760219008070/0001127602-19-008070-index.htm,"Statement of changes in beneficial ownership of securities
Acc-no: 0001127602-19-008070 Size: 9 KB",2/25/2019
4,https://www.sec.gov/Archives/edgar/data/21344/000112760219008066/0001127602-19-008066-index.htm,"Statement of changes in beneficial ownership of securities
Acc-no: 0001127602-19-008066 Size: 6 KB",2/25/2019
4,https://www.sec.gov/Archives/edgar/data/21344/000112760219008059/0001127602-19-008059-index.htm,"Statement of changes in beneficial ownership of securities
Acc-no: 0001127602-19-008059 Size: 9 KB",2/25/2019
4,https://www.sec.gov/Archives/edgar/data/21344/000112760219008043/0001127602-19-008043-index.htm,"Statement of changes in beneficial ownership of securities
Acc-no: 0001127602-19-008043 Size: 9 KB",2/25/2019
4,https://www.sec.gov/Archives/edgar/data/21344/000112760219008039/0001127602-19-008039-index.htm,"Statement of changes in beneficial ownership of securities
Acc-no: 0001127602-19-008039 Size: 9 KB",2/25/2019
4,https://www.sec.gov/Archives/edgar/data/21344/000112760219008030/0001127602-19-008030-index.htm,"Statement of changes in beneficial ownership of securities
Acc-no: 0001127602-19-008030 Size: 9 KB",2/25/2019
4,https://www.sec.gov/Archives/edgar/data/21344/000112760219008012/0001127602-19-008012-index.htm,"Statement of changes in beneficial ownership of securities
Acc-no: 0001127602-19-008012 Size: 9 KB",2/25/2019
4,https://www.sec.gov/Archives/edgar/data/21344/000112760219007999/0001127602-19-007999-index.htm,"Statement of changes in beneficial ownership of securities
Acc-no: 0001127602-19-007999 Size: 9 KB",2/25/2019
4,https://www.sec.gov/Archives/edgar/data/21344/000112760219007989/0001127602-19-007989-index.htm,"Statement of changes in beneficial ownership of securities
Acc-no: 0001127602-19-007989 Size: 6 KB",2/25/2019
4,https://www.sec.gov/Archives/edgar/data/21344/000112760219007982/0001127602-19-007982-index.htm,"Statement of changes in beneficial ownership of securities
Acc-no: 0001127602-19-007982 Size: 9 KB",2/25/2019
4,https://www.sec.gov/Archives/edgar/data/21344/000112760219007978/0001127602-19-007978-index.htm,"Statement of changes in beneficial ownership of securities
Acc-no: 0001127602-19-007978 Size: 9 KB",2/25/2019
4,https://www.sec.gov/Archives/edgar/data/21344/000112760219007974/0001127602-19-007974-index.htm,"Statement of changes in beneficial ownership of securities
Acc-no: 0001127602-19-007974 Size: 9 KB",2/25/2019
4,https://www.sec.gov/Archives/edgar/data/21344/000112760219007971/0001127602-19-007971-index.htm,"Statement of changes in beneficial ownership of securities
Acc-no: 0001127602-19-007971 Size: 5 KB",2/25/2019
424B5,https://www.sec.gov/Archives/edgar/data/21344/000104746919000634/0001047469-19-000634-index.htm,"Prospectus [Rule 424(b)(5)]
Acc-no: 0001047469-19-000634 (33 Act)  Size: 582 KB",2/25/2019
8-K,https://www.sec.gov/Archives/edgar/data/21344/000155278119000063/0001552781-19-000063-index.htm,"Current report, items 5.02 and 9.01
Acc-no: 0001552781-19-000063 (34 Act)  Size: 41 KB",2/21/2019
4,https://www.sec.gov/Archives/edgar/data/21344/000112760219007243/0001127602-19-007243-index.htm,"Statement of changes in beneficial ownership of securities
Acc-no: 0001127602-19-007243 Size: 7 KB",2/20/2019
4,https://www.sec.gov/Archives/edgar/data/21344/000112760219007241/0001127602-19-007241-index.htm,"Statement of changes in beneficial ownership of securities
Acc-no: 0001127602-19-007241 Size: 7 KB",2/20/2019
4,https://www.sec.gov/Archives/edgar/data/21344/000112760219007239/0001127602-19-007239-index.htm,"Statement of changes in beneficial ownership of securities
Acc-no: 0001127602-19-007239 Size: 4 KB",2/20/2019
4,https://www.sec.gov/Archives/edgar/data/21344/000112760219007237/0001127602-19-007237-index.htm,"Statement of changes in beneficial ownership of securities
Acc-no: 0001127602-19-007237 Size: 7 KB",2/20/2019
4,https://www.sec.gov/Archives/edgar/data/21344/000112760219007235/0001127602-19-007235-index.htm,"Statement of changes in beneficial ownership of securities
Acc-no: 0001127602-19-007235 Size: 7 KB",2/20/2019
4,https://www.sec.gov/Archives/edgar/data/21344/000112760219007230/0001127602-19-007230-index.htm,"Statement of changes in beneficial ownership of securities
Acc-no: 0001127602-19-007230 Size: 7 KB",2/20/2019
4,https://www.sec.gov/Archives/edgar/data/21344/000112760219007226/0001127602-19-007226-index.htm,"Statement of changes in beneficial ownership of securities
Acc-no: 0001127602-19-007226 Size: 7 KB",2/20/2019
4,https://www.sec.gov/Archives/edgar/data/21344/000112760219007218/0001127602-19-007218-index.htm,"Statement of changes in beneficial ownership of securities
Acc-no: 0001127602-19-007218 Size: 5 KB",2/20/2019
4,https://www.sec.gov/Archives/edgar/data/21344/000112760219007201/0001127602-19-007201-index.htm,"Statement of changes in beneficial ownership of securities
Acc-no: 0001127602-19-007201 Size: 7 KB",2/20/2019
4,https://www.sec.gov/Archives/edgar/data/21344/000112760219007161/0001127602-19-007161-index.htm,"Statement of changes in beneficial ownership of securities
Acc-no: 0001127602-19-007161 Size: 7 KB",2/20/2019
4,https://www.sec.gov/Archives/edgar/data/21344/000112760219007132/0001127602-19-007132-index.htm,"Statement of changes in beneficial ownership of securities
Acc-no: 0001127602-19-007132 Size: 4 KB",2/20/2019
4,https://www.sec.gov/Archives/edgar/data/21344/000112760219007121/0001127602-19-007121-index.htm,"Statement of changes in beneficial ownership of securities
Acc-no: 0001127602-19-007121 Size: 7 KB",2/20/2019
4,https://www.sec.gov/Archives/edgar/data/21344/000112760219007119/0001127602-19-007119-index.htm,"Statement of changes in beneficial ownership of securities
Acc-no: 0001127602-19-007119 Size: 9 KB",2/20/2019
4,https://www.sec.gov/Archives/edgar/data/21344/000112760219007116/0001127602-19-007116-index.htm,"Statement of changes in beneficial ownership of securities
Acc-no: 0001127602-19-007116 Size: 7 KB",2/20/2019
4,https://www.sec.gov/Archives/edgar/data/21344/000112760219007113/0001127602-19-007113-index.htm,"Statement of changes in beneficial ownership of securities
Acc-no: 0001127602-19-007113 Size: 7 KB",2/20/2019
4,https://www.sec.gov/Archives/edgar/data/21344/000112760219007109/0001127602-19-007109-index.htm,"Statement of changes in beneficial ownership of securities
Acc-no: 0001127602-19-007109 Size: 7 KB",2/20/2019
8-K,https://www.sec.gov/Archives/edgar/data/21344/000002134419000010/0000021344-19-000010-index.htm,"Current report, items 2.02 and 9.01
Acc-no: 0000021344-19-000010 (34 Act)  Size: 2 MB",2/14/2019
SC 13G/A,https://www.sec.gov/Archives/edgar/data/21344/000093247119004357/0000932471-19-004357-index.htm,"[Amend] Statement of Beneficial Ownership by Certain Investors
Acc-no: 0000932471-19-004357 (34 Act)  Size: 34 KB",2/11/2019
4,https://www.sec.gov/Archives/edgar/data/21344/000112760219004142/0001127602-19-004142-index.htm,"Statement of changes in beneficial ownership of securities
Acc-no: 0001127602-19-004142 Size: 15 KB",2/5/2019
SC 13D/A,https://www.sec.gov/Archives/edgar/data/21344/000002134419000005/0000021344-19-000005-index.htm,"[Amend] General Statement of Acquisition of Beneficial Ownership
Acc-no: 0000021344-19-000005 Size: 113 KB",2/5/2019
SC 13G/A,https://www.sec.gov/Archives/edgar/data/21344/000021545719003362/0000215457-19-003362-index.htm,"[Amend] Statement of Beneficial Ownership by Certain Investors
Acc-no: 0000215457-19-003362 (34 Act)  Size: 13 KB",2/4/2019
SC 13D/A,https://www.sec.gov/Archives/edgar/data/21344/000002134419000003/0000021344-19-000003-index.htm,"[Amend] General Statement of Acquisition of Beneficial Ownership
Acc-no: 0000021344-19-000003 Size: 537 KB",1/30/2019
4,https://www.sec.gov/Archives/edgar/data/21344/000112760219001870/0001127602-19-001870-index.htm,"Statement of changes in beneficial ownership of securities
Acc-no: 0001127602-19-001870 Size: 10 KB",1/11/2019
3,https://www.sec.gov/Archives/edgar/data/21344/000112760219001751/0001127602-19-001751-index.htm,"Initial statement of beneficial ownership of securities
Acc-no: 0001127602-19-001751 Size: 19 KB",1/10/2019
3,https://www.sec.gov/Archives/edgar/data/21344/000112760219001747/0001127602-19-001747-index.htm,"Initial statement of beneficial ownership of securities
Acc-no: 0001127602-19-001747 Size: 18 KB",1/10/2019
3,https://www.sec.gov/Archives/edgar/data/21344/000112760219001745/0001127602-19-001745-index.htm,"Initial statement of beneficial ownership of securities
Acc-no: 0001127602-19-001745 Size: 8 KB",1/10/2019
8-K,https://www.sec.gov/Archives/edgar/data/21344/000110465919001190/0001104659-19-001190-index.htm,"Current report, items 7.01 and 9.01
Acc-no: 0001104659-19-001190 (34 Act)  Size: 64 KB",1/8/2019
4,https://www.sec.gov/Archives/edgar/data/21344/000112760219000772/0001127602-19-000772-index.htm,"Statement of changes in beneficial ownership of securities
Acc-no: 0001127602-19-000772 Size: 6 KB",1/3/2019
4/A,https://www.sec.gov/Archives/edgar/data/21344/000112760219000759/0001127602-19-000759-index.htm,"[Amend] Statement of changes in beneficial ownership of securities
Acc-no: 0001127602-19-000759 Size: 4 KB",1/3/2019
4,https://www.sec.gov/Archives/edgar/data/21344/000112760219000350/0001127602-19-000350-index.htm,"Statement of changes in beneficial ownership of securities
Acc-no: 0001127602-19-000350 Size: 7 KB",1/2/2019
8-K,https://www.sec.gov/Archives/edgar/data/21344/000155278118000517/0001552781-18-000517-index.htm,"Current report, items 5.02 and 9.01
Acc-no: 0001552781-18-000517 (34 Act)  Size: 65 KB",12/6/2018
4,https://www.sec.gov/Archives/edgar/data/21344/000112760218034061/0001127602-18-034061-index.htm,"Statement of changes in beneficial ownership of securities
Acc-no: 0001127602-18-034061 Size: 10 KB",11/21/2018
4,https://www.sec.gov/Archives/edgar/data/21344/000112760218032997/0001127602-18-032997-index.htm,"Statement of changes in beneficial ownership of securities
Acc-no: 0001127602-18-032997 Size: 10 KB",11/14/2018
4,https://www.sec.gov/Archives/edgar/data/21344/000112760218032994/0001127602-18-032994-index.htm,"Statement of changes in beneficial ownership of securities
Acc-no: 0001127602-18-032994 Size: 11 KB",11/14/2018
4,https://www.sec.gov/Archives/edgar/data/21344/000112760218032991/0001127602-18-032991-index.htm,"Statement of changes in beneficial ownership of securities
Acc-no: 0001127602-18-032991 Size: 10 KB",11/14/2018
4,https://www.sec.gov/Archives/edgar/data/21344/000112760218032989/0001127602-18-032989-index.htm,"Statement of changes in beneficial ownership of securities
Acc-no: 0001127602-18-032989 Size: 10 KB",11/14/2018
4,https://www.sec.gov/Archives/edgar/data/21344/000112760218032842/0001127602-18-032842-index.htm,"Statement of changes in beneficial ownership of securities
Acc-no: 0001127602-18-032842 Size: 14 KB",11/13/2018
4,https://www.sec.gov/Archives/edgar/data/21344/000112760218032835/0001127602-18-032835-index.htm,"Statement of changes in beneficial ownership of securities
Acc-no: 0001127602-18-032835 Size: 12 KB",11/13/2018
4,https://www.sec.gov/Archives/edgar/data/21344/000112760218032503/0001127602-18-032503-index.htm,"Statement of changes in beneficial ownership of securities
Acc-no: 0001127602-18-032503 Size: 10 KB",11/8/2018
4,https://www.sec.gov/Archives/edgar/data/21344/000112760218032501/0001127602-18-032501-index.htm,"Statement of changes in beneficial ownership of securities
Acc-no: 0001127602-18-032501 Size: 10 KB",11/8/2018
4,https://www.sec.gov/Archives/edgar/data/21344/000112760218032406/0001127602-18-032406-index.htm,"Statement of changes in beneficial ownership of securities
Acc-no: 0001127602-18-032406 Size: 11 KB",11/7/2018
4,https://www.sec.gov/Archives/edgar/data/21344/000112760218032400/0001127602-18-032400-index.htm,"Statement of changes in beneficial ownership of securities
Acc-no: 0001127602-18-032400 Size: 10 KB",11/7/2018
4,https://www.sec.gov/Archives/edgar/data/21344/000112760218032398/0001127602-18-032398-index.htm,"Statement of changes in beneficial ownership of securities
Acc-no: 0001127602-18-032398 Size: 7 KB",11/7/2018
4,https://www.sec.gov/Archives/edgar/data/21344/000112760218032396/0001127602-18-032396-index.htm,"Statement of changes in beneficial ownership of securities
Acc-no: 0001127602-18-032396 Size: 15 KB",11/7/2018
4,https://www.sec.gov/Archives/edgar/data/21344/000112760218031788/0001127602-18-031788-index.htm,"Statement of changes in beneficial ownership of securities
Acc-no: 0001127602-18-031788 Size: 10 KB",11/2/2018
4,https://www.sec.gov/Archives/edgar/data/21344/000112760218031784/0001127602-18-031784-index.htm,"Statement of changes in beneficial ownership of securities
Acc-no: 0001127602-18-031784 Size: 10 KB",11/2/2018
8-K,https://www.sec.gov/Archives/edgar/data/21344/000002134418000039/0000021344-18-000039-index.htm,"Current report, items 2.02 and 9.01
Acc-no: 0000021344-18-000039 (34 Act)  Size: 2 MB",10/30/2018
4,https://www.sec.gov/Archives/edgar/data/21344/000112760218030946/0001127602-18-030946-index.htm,"Statement of changes in beneficial ownership of securities
Acc-no: 0001127602-18-030946 Size: 10 KB",10/25/2018
8-K,https://www.sec.gov/Archives/edgar/data/21344/000155278118000440/0001552781-18-000440-index.htm,"Current report, items 5.02, 8.01, and 9.01
Acc-no: 0001552781-18-000440 (34 Act)  Size: 119 KB",10/18/2018
4,https://www.sec.gov/Archives/edgar/data/21344/000112760218026776/0001127602-18-026776-index.htm,"Statement of changes in beneficial ownership of securities
Acc-no: 0001127602-18-026776 Size: 7 KB",9/5/2018
8-K,https://www.sec.gov/Archives/edgar/data/21344/000110465918054636/0001104659-18-054636-index.htm,"Current report, items 7.01 and 9.01
Acc-no: 0001104659-18-054636 (34 Act)  Size: 1 MB",8/31/2018
4,https://www.sec.gov/Archives/edgar/data/21344/000112760218024735/0001127602-18-024735-index.htm,"Statement of changes in beneficial ownership of securities
Acc-no: 0001127602-18-024735 Size: 9 KB",8/6/2018
4,https://www.sec.gov/Archives/edgar/data/21344/000112760218024560/0001127602-18-024560-index.htm,"Statement of changes in beneficial ownership of securities
Acc-no: 0001127602-18-024560 Size: 14 KB",8/3/2018
4,https://www.sec.gov/Archives/edgar/data/21344/000112760218024559/0001127602-18-024559-index.htm,"Statement of changes in beneficial ownership of securities
Acc-no: 0001127602-18-024559 Size: 15 KB",8/3/2018
4,https://www.sec.gov/Archives/edgar/data/21344/000112760218024240/0001127602-18-024240-index.htm,"Statement of changes in beneficial ownership of securities
Acc-no: 0001127602-18-024240 Size: 12 KB",8/1/2018
4,https://www.sec.gov/Archives/edgar/data/21344/000112760218023892/0001127602-18-023892-index.htm,"Statement of changes in beneficial ownership of securities
Acc-no: 0001127602-18-023892 Size: 9 KB",7/26/2018
8-K,https://www.sec.gov/Archives/edgar/data/21344/000002134418000029/0000021344-18-000029-index.htm,"Current report, items 2.02 and 9.01
Acc-no: 0000021344-18-000029 (34 Act)  Size: 2 MB",7/25/2018
11-K,https://www.sec.gov/Archives/edgar/data/21344/000155278118000245/0001552781-18-000245-index.htm,"Annual report of employee stock purchase, savings and similar plans
Acc-no: 0001552781-18-000245 (34 Act)  Size: 179 KB",6/27/2018
11-K,https://www.sec.gov/Archives/edgar/data/21344/000155278118000244/0001552781-18-000244-index.htm,"Annual report of employee stock purchase, savings and similar plans
Acc-no: 0001552781-18-000244 (34 Act)  Size: 155 KB",6/27/2018
4,https://www.sec.gov/Archives/edgar/data/21344/000112760218015943/0001127602-18-015943-index.htm,"Statement of changes in beneficial ownership of securities
Acc-no: 0001127602-18-015943 Size: 7 KB",5/2/2018
S-8,https://www.sec.gov/Archives/edgar/data/21344/000155278118000195/0001552781-18-000195-index.htm,"Securities to be offered to employees in employee benefit plans
Acc-no: 0001552781-18-000195 (33 Act)  Size: 114 KB",5/1/2018
S-8 POS,https://www.sec.gov/Archives/edgar/data/21344/000155278118000194/0001552781-18-000194-index.htm,"Securities to be offered to employees in employee benefit plans, post-effective amendments
Acc-no: 0001552781-18-000194 (33 Act)  Size: 37 KB",5/1/2018
S-8 POS,https://www.sec.gov/Archives/edgar/data/21344/000155278118000193/0001552781-18-000193-index.htm,"Securities to be offered to employees in employee benefit plans, post-effective amendments
Acc-no: 0001552781-18-000193 (33 Act)  Size: 36 KB",5/1/2018
4,https://www.sec.gov/Archives/edgar/data/21344/000112760218015317/0001127602-18-015317-index.htm,"Statement of changes in beneficial ownership of securities
Acc-no: 0001127602-18-015317 Size: 9 KB",4/26/2018
4,https://www.sec.gov/Archives/edgar/data/21344/000112760218015315/0001127602-18-015315-index.htm,"Statement of changes in beneficial ownership of securities
Acc-no: 0001127602-18-015315 Size: 6 KB",4/26/2018
3,https://www.sec.gov/Archives/edgar/data/21344/000112760218015313/0001127602-18-015313-index.htm,"Initial statement of beneficial ownership of securities
Acc-no: 0001127602-18-015313 Size: 6 KB",4/26/2018
3,https://www.sec.gov/Archives/edgar/data/21344/000112760218015312/0001127602-18-015312-index.htm,"Initial statement of beneficial ownership of securities
Acc-no: 0001127602-18-015312 Size: 6 KB",4/26/2018
8-K,https://www.sec.gov/Archives/edgar/data/21344/000155278118000176/0001552781-18-000176-index.htm,"Current report, item 5.07
Acc-no: 0001552781-18-000176 (34 Act)  Size: 45 KB",4/26/2018
UPLOAD,https://www.sec.gov/Archives/edgar/data/21344/000000000018012844/0000000000-18-012844-index.htm,"[Cover]SEC-generated letter
Acc-no: 0000000000-18-012844 Size: 135 KB",4/25/2018
8-K,https://www.sec.gov/Archives/edgar/data/21344/000002134418000018/0000021344-18-000018-index.htm,"Current report, items 2.02 and 9.01
Acc-no: 0000021344-18-000018 (34 Act)  Size: 1 MB",4/24/2018
CORRESP,https://www.sec.gov/Archives/edgar/data/21344/000002134418000015/0000021344-18-000015-index.htm,"[Cover]Correspondence
Acc-no: 0000021344-18-000015 Size: 42 KB",4/13/2018
8-K,https://www.sec.gov/Archives/edgar/data/21344/000002134418000012/0000021344-18-000012-index.htm,"Current report, items 7.01 and 9.01
Acc-no: 0000021344-18-000012 (34 Act)  Size: 1 MB",4/4/2018
4,https://www.sec.gov/Archives/edgar/data/21344/000112760218013337/0001127602-18-013337-index.htm,"Statement of changes in beneficial ownership of securities
Acc-no: 0001127602-18-013337 Size: 10 KB",4/2/2018
4,https://www.sec.gov/Archives/edgar/data/21344/000112760218013334/0001127602-18-013334-index.htm,"Statement of changes in beneficial ownership of securities
Acc-no: 0001127602-18-013334 Size: 6 KB",4/2/2018
4,https://www.sec.gov/Archives/edgar/data/21344/000112760218013328/0001127602-18-013328-index.htm,"Statement of changes in beneficial ownership of securities
Acc-no: 0001127602-18-013328 Size: 6 KB",4/2/2018
4,https://www.sec.gov/Archives/edgar/data/21344/000112760218013323/0001127602-18-013323-index.htm,"Statement of changes in beneficial ownership of securities
Acc-no: 0001127602-18-013323 Size: 7 KB",4/2/2018
4,https://www.sec.gov/Archives/edgar/data/21344/000112760218013310/0001127602-18-013310-index.htm,"Statement of changes in beneficial ownership of securities
Acc-no: 0001127602-18-013310 Size: 6 KB",4/2/2018
4,https://www.sec.gov/Archives/edgar/data/21344/000112760218013301/0001127602-18-013301-index.htm,"Statement of changes in beneficial ownership of securities
Acc-no: 0001127602-18-013301 Size: 6 KB",4/2/2018
4,https://www.sec.gov/Archives/edgar/data/21344/000112760218013286/0001127602-18-013286-index.htm,"Statement of changes in beneficial ownership of securities
Acc-no: 0001127602-18-013286 Size: 6 KB",4/2/2018
4,https://www.sec.gov/Archives/edgar/data/21344/000112760218013264/0001127602-18-013264-index.htm,"Statement of changes in beneficial ownership of securities
Acc-no: 0001127602-18-013264 Size: 6 KB",4/2/2018
4,https://www.sec.gov/Archives/edgar/data/21344/000112760218013259/0001127602-18-013259-index.htm,"Statement of changes in beneficial ownership of securities
Acc-no: 0001127602-18-013259 Size: 6 KB",4/2/2018
4,https://www.sec.gov/Archives/edgar/data/21344/000112760218013252/0001127602-18-013252-index.htm,"Statement of changes in beneficial ownership of securities
Acc-no: 0001127602-18-013252 Size: 6 KB",4/2/2018
4,https://www.sec.gov/Archives/edgar/data/21344/000112760218013249/0001127602-18-013249-index.htm,"Statement of changes in beneficial ownership of securities
Acc-no: 0001127602-18-013249 Size: 7 KB",4/2/2018
4,https://www.sec.gov/Archives/edgar/data/21344/000112760218013247/0001127602-18-013247-index.htm,"Statement of changes in beneficial ownership of securities
Acc-no: 0001127602-18-013247 Size: 8 KB",4/2/2018
UPLOAD,https://www.sec.gov/Archives/edgar/data/21344/000000000018009732/0000000000-18-009732-index.htm,"[Cover]SEC-generated letter
Acc-no: 0000000000-18-009732 Size: 241 KB",3/30/2018
SC 13D/A,https://www.sec.gov/Archives/edgar/data/21344/000134100418000190/0001341004-18-000190-index.htm,"[Amend] General Statement of Acquisition of Beneficial Ownership
Acc-no: 0001341004-18-000190 Size: 107 KB",3/20/2018
4,https://www.sec.gov/Archives/edgar/data/21344/000112760218011674/0001127602-18-011674-index.htm,"Statement of changes in beneficial ownership of securities
Acc-no: 0001127602-18-011674 Size: 9 KB",3/15/2018
4,https://www.sec.gov/Archives/edgar/data/21344/000112760218011354/0001127602-18-011354-index.htm,"Statement of changes in beneficial ownership of securities
Acc-no: 0001127602-18-011354 Size: 7 KB",3/13/2018
4,https://www.sec.gov/Archives/edgar/data/21344/000112760218010709/0001127602-18-010709-index.htm,"Statement of changes in beneficial ownership of securities
Acc-no: 0001127602-18-010709 Size: 6 KB",3/8/2018
DEFA14A,https://www.sec.gov/Archives/edgar/data/21344/000130817918000024/0001308179-18-000024-index.htm,"Additional definitive proxy soliciting materials and Rule 14(a)(12) material
Acc-no: 0001308179-18-000024 (34 Act)  Size: 3 MB",3/8/2018
DEFA14A,https://www.sec.gov/Archives/edgar/data/21344/000130817918000023/0001308179-18-000023-index.htm,"Additional definitive proxy soliciting materials and Rule 14(a)(12) material
Acc-no: 0001308179-18-000023 (34 Act)  Size: 1 MB",3/8/2018
DEF 14A,https://www.sec.gov/Archives/edgar/data/21344/000130817918000022/0001308179-18-000022-index.htm,"Other definitive proxy statements
Acc-no: 0001308179-18-000022 (34 Act)  Size: 13 MB",3/8/2018
4,https://www.sec.gov/Archives/edgar/data/21344/000112760218008633/0001127602-18-008633-index.htm,"Statement of changes in beneficial ownership of securities
Acc-no: 0001127602-18-008633 Size: 16 KB",2/27/2018
4,https://www.sec.gov/Archives/edgar/data/21344/000112760218007161/0001127602-18-007161-index.htm,"Statement of changes in beneficial ownership of securities
Acc-no: 0001127602-18-007161 Size: 11 KB",2/20/2018
4,https://www.sec.gov/Archives/edgar/data/21344/000112760218007155/0001127602-18-007155-index.htm,"Statement of changes in beneficial ownership of securities
Acc-no: 0001127602-18-007155 Size: 11 KB",2/20/2018
4,https://www.sec.gov/Archives/edgar/data/21344/000112760218007152/0001127602-18-007152-index.htm,"Statement of changes in beneficial ownership of securities
Acc-no: 0001127602-18-007152 Size: 8 KB",2/20/2018
4,https://www.sec.gov/Archives/edgar/data/21344/000112760218007150/0001127602-18-007150-index.htm,"Statement of changes in beneficial ownership of securities
Acc-no: 0001127602-18-007150 Size: 8 KB",2/20/2018
4,https://www.sec.gov/Archives/edgar/data/21344/000112760218007145/0001127602-18-007145-index.htm,"Statement of changes in beneficial ownership of securities
Acc-no: 0001127602-18-007145 Size: 11 KB",2/20/2018
4,https://www.sec.gov/Archives/edgar/data/21344/000112760218007142/0001127602-18-007142-index.htm,"Statement of changes in beneficial ownership of securities
Acc-no: 0001127602-18-007142 Size: 12 KB",2/20/2018
4,https://www.sec.gov/Archives/edgar/data/21344/000112760218007140/0001127602-18-007140-index.htm,"Statement of changes in beneficial ownership of securities
Acc-no: 0001127602-18-007140 Size: 11 KB",2/20/2018
4,https://www.sec.gov/Archives/edgar/data/21344/000112760218007133/0001127602-18-007133-index.htm,"Statement of changes in beneficial ownership of securities
Acc-no: 0001127602-18-007133 Size: 9 KB",2/20/2018
4,https://www.sec.gov/Archives/edgar/data/21344/000112760218007125/0001127602-18-007125-index.htm,"Statement of changes in beneficial ownership of securities
Acc-no: 0001127602-18-007125 Size: 11 KB",2/20/2018
4,https://www.sec.gov/Archives/edgar/data/21344/000112760218007117/0001127602-18-007117-index.htm,"Statement of changes in beneficial ownership of securities
Acc-no: 0001127602-18-007117 Size: 11 KB",2/20/2018
4,https://www.sec.gov/Archives/edgar/data/21344/000112760218007108/0001127602-18-007108-index.htm,"Statement of changes in beneficial ownership of securities
Acc-no: 0001127602-18-007108 Size: 11 KB",2/20/2018
4,https://www.sec.gov/Archives/edgar/data/21344/000112760218007101/0001127602-18-007101-index.htm,"Statement of changes in beneficial ownership of securities
Acc-no: 0001127602-18-007101 Size: 13 KB",2/20/2018
8-K,https://www.sec.gov/Archives/edgar/data/21344/000155278118000101/0001552781-18-000101-index.htm,"Current report, items 5.02 and 9.01
Acc-no: 0001552781-18-000101 (34 Act)  Size: 29 KB",2/20/2018
4,https://www.sec.gov/Archives/edgar/data/21344/000112760218007098/0001127602-18-007098-index.htm,"Statement of changes in beneficial ownership of securities
Acc-no: 0001127602-18-007098 Size: 11 KB",2/20/2018
4,https://www.sec.gov/Archives/edgar/data/21344/000112760218007091/0001127602-18-007091-index.htm,"Statement of changes in beneficial ownership of securities
Acc-no: 0001127602-18-007091 Size: 11 KB",2/20/2018
4,https://www.sec.gov/Archives/edgar/data/21344/000112760218007088/0001127602-18-007088-index.htm,"Statement of changes in beneficial ownership of securities
Acc-no: 0001127602-18-007088 Size: 11 KB",2/20/2018
4,https://www.sec.gov/Archives/edgar/data/21344/000112760218007085/0001127602-18-007085-index.htm,"Statement of changes in beneficial ownership of securities
Acc-no: 0001127602-18-007085 Size: 11 KB",2/20/2018
8-K,https://www.sec.gov/Archives/edgar/data/21344/000002134418000004/0000021344-18-000004-index.htm,"Current report, items 2.02 and 9.01
Acc-no: 0000021344-18-000004 (34 Act)  Size: 2 MB",2/16/2018
SC 13G/A,https://www.sec.gov/Archives/edgar/data/21344/000093247118003199/0000932471-18-003199-index.htm,"[Amend] Statement of Beneficial Ownership by Certain Investors
Acc-no: 0000932471-18-003199 (34 Act)  Size: 45 KB",2/9/2018
SC 13G/A,https://www.sec.gov/Archives/edgar/data/21344/000021545718005020/0000215457-18-005020-index.htm,"[Amend] Statement of Beneficial Ownership by Certain Investors
Acc-no: 0000215457-18-005020 (34 Act)  Size: 13 KB",2/8/2018
4,https://www.sec.gov/Archives/edgar/data/21344/000112760218002476/0001127602-18-002476-index.htm,"Statement of changes in beneficial ownership of securities
Acc-no: 0001127602-18-002476 Size: 15 KB",1/25/2018
4,https://www.sec.gov/Archives/edgar/data/21344/000112760218002472/0001127602-18-002472-index.htm,"Statement of changes in beneficial ownership of securities
Acc-no: 0001127602-18-002472 Size: 10 KB",1/25/2018
4,https://www.sec.gov/Archives/edgar/data/21344/000112760218002040/0001127602-18-002040-index.htm,"Statement of changes in beneficial ownership of securities
Acc-no: 0001127602-18-002040 Size: 10 KB",1/18/2018
3,https://www.sec.gov/Archives/edgar/data/21344/000112760218001440/0001127602-18-001440-index.htm,"Initial statement of beneficial ownership of securities
Acc-no: 0001127602-18-001440 Size: 16 KB",1/9/2018
4,https://www.sec.gov/Archives/edgar/data/21344/000112760218001060/0001127602-18-001060-index.htm,"Statement of changes in beneficial ownership of securities
Acc-no: 0001127602-18-001060 Size: 10 KB",1/4/2018
4,https://www.sec.gov/Archives/edgar/data/21344/000112760218000522/0001127602-18-000522-index.htm,"Statement of changes in beneficial ownership of securities
Acc-no: 0001127602-18-000522 Size: 7 KB",1/3/2018
4,https://www.sec.gov/Archives/edgar/data/21344/000112760218000515/0001127602-18-000515-index.htm,"Statement of changes in beneficial ownership of securities
Acc-no: 0001127602-18-000515 Size: 7 KB",1/3/2018
8-K,https://www.sec.gov/Archives/edgar/data/21344/000155278117000649/0001552781-17-000649-index.htm,"Current report, items 5.02, 8.01, and 9.01
Acc-no: 0001552781-17-000649 (34 Act)  Size: 151 KB",12/8/2017
4,https://www.sec.gov/Archives/edgar/data/21344/000112760217031725/0001127602-17-031725-index.htm,"Statement of changes in beneficial ownership of securities
Acc-no: 0001127602-17-031725 Size: 23 KB",11/9/2017
S-8,https://www.sec.gov/Archives/edgar/data/21344/000155278117000587/0001552781-17-000587-index.htm,"Securities to be offered to employees in employee benefit plans
Acc-no: 0001552781-17-000587 (33 Act)  Size: 149 KB",10/27/2017
8-K,https://www.sec.gov/Archives/edgar/data/21344/000002134417000029/0000021344-17-000029-index.htm,"Current report, items 2.02 and 9.01
Acc-no: 0000021344-17-000029 (34 Act)  Size: 2 MB",10/25/2017
SC 13D/A,https://www.sec.gov/Archives/edgar/data/21344/000155278117000537/0001552781-17-000537-index.htm,"[Amend] General Statement of Acquisition of Beneficial Ownership
Acc-no: 0001552781-17-000537 Size: 164 KB",10/4/2017
4,https://www.sec.gov/Archives/edgar/data/21344/000112760217025935/0001127602-17-025935-index.htm,"Statement of changes in beneficial ownership of securities
Acc-no: 0001127602-17-025935 Size: 7 KB",8/17/2017
4,https://www.sec.gov/Archives/edgar/data/21344/000112760217025931/0001127602-17-025931-index.htm,"Statement of changes in beneficial ownership of securities
Acc-no: 0001127602-17-025931 Size: 16 KB",8/17/2017
4,https://www.sec.gov/Archives/edgar/data/21344/000112760217025925/0001127602-17-025925-index.htm,"Statement of changes in beneficial ownership of securities
Acc-no: 0001127602-17-025925 Size: 9 KB",8/17/2017
4,https://www.sec.gov/Archives/edgar/data/21344/000112760217025656/0001127602-17-025656-index.htm,"Statement of changes in beneficial ownership of securities
Acc-no: 0001127602-17-025656 Size: 10 KB",8/15/2017
4,https://www.sec.gov/Archives/edgar/data/21344/000112760217025563/0001127602-17-025563-index.htm,"Statement of changes in beneficial ownership of securities
Acc-no: 0001127602-17-025563 Size: 10 KB",8/14/2017
4,https://www.sec.gov/Archives/edgar/data/21344/000112760217025537/0001127602-17-025537-index.htm,"Statement of changes in beneficial ownership of securities
Acc-no: 0001127602-17-025537 Size: 10 KB",8/14/2017
4,https://www.sec.gov/Archives/edgar/data/21344/000112760217025333/0001127602-17-025333-index.htm,"Statement of changes in beneficial ownership of securities
Acc-no: 0001127602-17-025333 Size: 10 KB",8/9/2017
4,https://www.sec.gov/Archives/edgar/data/21344/000112760217024997/0001127602-17-024997-index.htm,"Statement of changes in beneficial ownership of securities
Acc-no: 0001127602-17-024997 Size: 12 KB",8/4/2017
SC 13D/A,https://www.sec.gov/Archives/edgar/data/21344/000155278117000446/0001552781-17-000446-index.htm,"[Amend] General Statement of Acquisition of Beneficial Ownership
Acc-no: 0001552781-17-000446 Size: 141 KB",8/3/2017
4,https://www.sec.gov/Archives/edgar/data/21344/000112760217024724/0001127602-17-024724-index.htm,"Statement of changes in beneficial ownership of securities
Acc-no: 0001127602-17-024724 Size: 10 KB",8/2/2017
4,https://www.sec.gov/Archives/edgar/data/21344/000112760217024519/0001127602-17-024519-index.htm,"Statement of changes in beneficial ownership of securities
Acc-no: 0001127602-17-024519 Size: 21 KB",8/1/2017
4,https://www.sec.gov/Archives/edgar/data/21344/000112760217024514/0001127602-17-024514-index.htm,"Statement of changes in beneficial ownership of securities
Acc-no: 0001127602-17-024514 Size: 7 KB",8/1/2017
4,https://www.sec.gov/Archives/edgar/data/21344/000112760217024312/0001127602-17-024312-index.htm,"Statement of changes in beneficial ownership of securities
Acc-no: 0001127602-17-024312 Size: 10 KB",7/28/2017
4,https://www.sec.gov/Archives/edgar/data/21344/000112760217024308/0001127602-17-024308-index.htm,"Statement of changes in beneficial ownership of securities
Acc-no: 0001127602-17-024308 Size: 14 KB",7/28/2017
8-K,https://www.sec.gov/Archives/edgar/data/21344/000002134417000023/0000021344-17-000023-index.htm,"Current report, items 2.02 and 9.01
Acc-no: 0000021344-17-000023 (34 Act)  Size: 2 MB",7/26/2017
8-K,https://www.sec.gov/Archives/edgar/data/21344/000110465917043873/0001104659-17-043873-index.htm,"Current report, items 8.01 and 9.01
Acc-no: 0001104659-17-043873 (34 Act)  Size: 108 KB",7/6/2017
11-K,https://www.sec.gov/Archives/edgar/data/21344/000155278117000367/0001552781-17-000367-index.htm,"Annual report of employee stock purchase, savings and similar plans
Acc-no: 0001552781-17-000367 (34 Act)  Size: 155 KB",6/29/2017
11-K,https://www.sec.gov/Archives/edgar/data/21344/000155278117000366/0001552781-17-000366-index.htm,"Annual report of employee stock purchase, savings and similar plans
Acc-no: 0001552781-17-000366 (34 Act)  Size: 167 KB",6/29/2017
11-K,https://www.sec.gov/Archives/edgar/data/21344/000155278117000365/0001552781-17-000365-index.htm,"Annual report of employee stock purchase, savings and similar plans
Acc-no: 0001552781-17-000365 (34 Act)  Size: 154 KB",6/29/2017
11-K,https://www.sec.gov/Archives/edgar/data/21344/000155278117000364/0001552781-17-000364-index.htm,"Annual report of employee stock purchase, savings and similar plans
Acc-no: 0001552781-17-000364 (34 Act)  Size: 158 KB",6/29/2017
8-K,https://www.sec.gov/Archives/edgar/data/21344/000110465917041338/0001104659-17-041338-index.htm,"Current report, items 8.01 and 9.01
Acc-no: 0001104659-17-041338 (34 Act)  Size: 115 KB",6/23/2017
424B2,https://www.sec.gov/Archives/edgar/data/21344/000104746917004153/0001047469-17-004153-index.htm,"Prospectus [Rule 424(b)(2)]
Acc-no: 0001047469-17-004153 (33 Act)  Size: 62 KB",6/21/2017
4,https://www.sec.gov/Archives/edgar/data/21344/000112760217021563/0001127602-17-021563-index.htm,"Statement of changes in beneficial ownership of securities
Acc-no: 0001127602-17-021563 Size: 11 KB",6/16/2017
424B2,https://www.sec.gov/Archives/edgar/data/21344/000104746917003827/0001047469-17-003827-index.htm,"Prospectus [Rule 424(b)(2)]
Acc-no: 0001047469-17-003827 (33 Act)  Size: 45 KB",6/6/2017
4,https://www.sec.gov/Archives/edgar/data/21344/000112760217019547/0001127602-17-019547-index.htm,"Statement of changes in beneficial ownership of securities
Acc-no: 0001127602-17-019547 Size: 11 KB",5/26/2017
8-K,https://www.sec.gov/Archives/edgar/data/21344/000110465917035229/0001104659-17-035229-index.htm,"Current report, items 8.01 and 9.01
Acc-no: 0001104659-17-035229 (34 Act)  Size: 1 MB",5/25/2017
4,https://www.sec.gov/Archives/edgar/data/21344/000112760217019353/0001127602-17-019353-index.htm,"Statement of changes in beneficial ownership of securities
Acc-no: 0001127602-17-019353 Size: 8 KB",5/25/2017
424B2,https://www.sec.gov/Archives/edgar/data/21344/000104746917003614/0001047469-17-003614-index.htm,"Prospectus [Rule 424(b)(2)]
Acc-no: 0001047469-17-003614 (33 Act)  Size: 502 KB",5/24/2017
FWP,https://www.sec.gov/Archives/edgar/data/21344/000110465917034331/0001104659-17-034331-index.htm,"Filing under Securities Act Rules 163/433 of free writing prospectuses
Acc-no: 0001104659-17-034331 (34 Act)  Size: 42 KB",5/22/2017
424B5,https://www.sec.gov/Archives/edgar/data/21344/000104746917003529/0001047469-17-003529-index.htm,"Prospectus [Rule 424(b)(5)]
Acc-no: 0001047469-17-003529 (33 Act)  Size: 494 KB",5/22/2017
424B2,https://www.sec.gov/Archives/edgar/data/21344/000104746917003526/0001047469-17-003526-index.htm,"Prospectus [Rule 424(b)(2)]
Acc-no: 0001047469-17-003526 (33 Act)  Size: 1 MB",5/22/2017
POSASR,https://www.sec.gov/Archives/edgar/data/21344/000104746917003525/0001047469-17-003525-index.htm,"Post-effective Amendment to an automatic shelf registration statement
Acc-no: 0001047469-17-003525 (33 Act)  Size: 352 KB",5/22/2017
4,https://www.sec.gov/Archives/edgar/data/21344/000112760217017849/0001127602-17-017849-index.htm,"Statement of changes in beneficial ownership of securities
Acc-no: 0001127602-17-017849 Size: 11 KB",5/12/2017
3,https://www.sec.gov/Archives/edgar/data/21344/000112760217017465/0001127602-17-017465-index.htm,"Initial statement of beneficial ownership of securities
Acc-no: 0001127602-17-017465 Size: 22 KB",5/10/2017
3,https://www.sec.gov/Archives/edgar/data/21344/000112760217017249/0001127602-17-017249-index.htm,"Initial statement of beneficial ownership of securities
Acc-no: 0001127602-17-017249 Size: 20 KB",5/8/2017
3,https://www.sec.gov/Archives/edgar/data/21344/000112760217017234/0001127602-17-017234-index.htm,"Initial statement of beneficial ownership of securities
Acc-no: 0001127602-17-017234 Size: 22 KB",5/8/2017
4,https://www.sec.gov/Archives/edgar/data/21344/000112760217017000/0001127602-17-017000-index.htm,"Statement of changes in beneficial ownership of securities
Acc-no: 0001127602-17-017000 Size: 11 KB",5/5/2017
3,https://www.sec.gov/Archives/edgar/data/21344/000112760217016853/0001127602-17-016853-index.htm,"Initial statement of beneficial ownership of securities
Acc-no: 0001127602-17-016853 Size: 18 KB",5/4/2017
3,https://www.sec.gov/Archives/edgar/data/21344/000112760217016851/0001127602-17-016851-index.htm,"Initial statement of beneficial ownership of securities
Acc-no: 0001127602-17-016851 Size: 22 KB",5/4/2017
8-K,https://www.sec.gov/Archives/edgar/data/21344/000155278117000271/0001552781-17-000271-index.htm,"Current report, items 5.02, 5.07, and 9.01
Acc-no: 0001552781-17-000271 (34 Act)  Size: 101 KB",4/28/2017
8-K,https://www.sec.gov/Archives/edgar/data/21344/000002134417000014/0000021344-17-000014-index.htm,"Current report, items 2.02 and 9.01
Acc-no: 0000021344-17-000014 (34 Act)  Size: 1 MB",4/25/2017
SC 13D/A,https://www.sec.gov/Archives/edgar/data/21344/000155278117000207/0001552781-17-000207-index.htm,"[Amend] General Statement of Acquisition of Beneficial Ownership
Acc-no: 0001552781-17-000207 Size: 227 KB",4/17/2017
SC 13D/A,https://www.sec.gov/Archives/edgar/data/21344/000155278117000198/0001552781-17-000198-index.htm,"[Amend] General Statement of Acquisition of Beneficial Ownership
Acc-no: 0001552781-17-000198 Size: 211 KB",4/12/2017
4,https://www.sec.gov/Archives/edgar/data/21344/000112760217014007/0001127602-17-014007-index.htm,"Statement of changes in beneficial ownership of securities
Acc-no: 0001127602-17-014007 Size: 10 KB",4/4/2017
4,https://www.sec.gov/Archives/edgar/data/21344/000112760217013998/0001127602-17-013998-index.htm,"Statement of changes in beneficial ownership of securities
Acc-no: 0001127602-17-013998 Size: 6 KB",4/4/2017
4,https://www.sec.gov/Archives/edgar/data/21344/000112760217013990/0001127602-17-013990-index.htm,"Statement of changes in beneficial ownership of securities
Acc-no: 0001127602-17-013990 Size: 6 KB",4/4/2017
4,https://www.sec.gov/Archives/edgar/data/21344/000112760217013986/0001127602-17-013986-index.htm,"Statement of changes in beneficial ownership of securities
Acc-no: 0001127602-17-013986 Size: 7 KB",4/4/2017
4,https://www.sec.gov/Archives/edgar/data/21344/000112760217013978/0001127602-17-013978-index.htm,"Statement of changes in beneficial ownership of securities
Acc-no: 0001127602-17-013978 Size: 6 KB",4/4/2017
4,https://www.sec.gov/Archives/edgar/data/21344/000112760217013968/0001127602-17-013968-index.htm,"Statement of changes in beneficial ownership of securities
Acc-no: 0001127602-17-013968 Size: 6 KB",4/4/2017
4,https://www.sec.gov/Archives/edgar/data/21344/000112760217013958/0001127602-17-013958-index.htm,"Statement of changes in beneficial ownership of securities
Acc-no: 0001127602-17-013958 Size: 6 KB",4/4/2017
4,https://www.sec.gov/Archives/edgar/data/21344/000112760217013951/0001127602-17-013951-index.htm,"Statement of changes in beneficial ownership of securities
Acc-no: 0001127602-17-013951 Size: 6 KB",4/4/2017
4,https://www.sec.gov/Archives/edgar/data/21344/000112760217013940/0001127602-17-013940-index.htm,"Statement of changes in beneficial ownership of securities
Acc-no: 0001127602-17-013940 Size: 6 KB",4/4/2017
4,https://www.sec.gov/Archives/edgar/data/21344/000112760217013931/0001127602-17-013931-index.htm,"Statement of changes in beneficial ownership of securities
Acc-no: 0001127602-17-013931 Size: 6 KB",4/4/2017
4,https://www.sec.gov/Archives/edgar/data/21344/000112760217013920/0001127602-17-013920-index.htm,"Statement of changes in beneficial ownership of securities
Acc-no: 0001127602-17-013920 Size: 6 KB",4/4/2017
4,https://www.sec.gov/Archives/edgar/data/21344/000112760217013887/0001127602-17-013887-index.htm,"Statement of changes in beneficial ownership of securities
Acc-no: 0001127602-17-013887 Size: 7 KB",4/4/2017
4,https://www.sec.gov/Archives/edgar/data/21344/000112760217013879/0001127602-17-013879-index.htm,"Statement of changes in beneficial ownership of securities
Acc-no: 0001127602-17-013879 Size: 8 KB",4/4/2017
8-K,https://www.sec.gov/Archives/edgar/data/21344/000155278117000158/0001552781-17-000158-index.htm,"Current report, items 5.02, 8.01, and 9.01
Acc-no: 0001552781-17-000158 (34 Act)  Size: 293 KB",3/24/2017
4,https://www.sec.gov/Archives/edgar/data/21344/000112760217011921/0001127602-17-011921-index.htm,"Statement of changes in beneficial ownership of securities
Acc-no: 0001127602-17-011921 Size: 11 KB",3/16/2017
25-NSE,https://www.sec.gov/Archives/edgar/data/21344/000087666117000123/0000876661-17-000123-index.htm,"Notification filed by national security exchange to report the removal from listing and registration of matured, redeemed or retired securities
Acc-no: 0000876661-17-000123 (34 Act)  Size: 3 KB",3/15/2017
4,https://www.sec.gov/Archives/edgar/data/21344/000002134417000010/0000021344-17-000010-index.htm,"Statement of changes in beneficial ownership of securities
Acc-no: 0000021344-17-000010 Size: 10 KB",3/14/2017
CERTNYS,https://www.sec.gov/Archives/edgar/data/21344/999999999717002367/9999999997-17-002367-index.htm,"[Paper]Certification by the New York Stock Exchange approving securities for listing
Acc-no: 9999999997-17-002367 (34 Act)  Size: 1 KB",3/10/2017
CERTNAS,https://www.sec.gov/Archives/edgar/data/21344/999999999717002228/9999999997-17-002228-index.htm,"[Paper]Certification by the Nasdaq Stock Market approving securities for listing
Acc-no: 9999999997-17-002228 (34 Act)  Size: 1 KB",3/10/2017
8-K,https://www.sec.gov/Archives/edgar/data/21344/000110465917015540/0001104659-17-015540-index.htm,"Current report, items 8.01 and 9.01
Acc-no: 0001104659-17-015540 (34 Act)  Size: 95 KB",3/9/2017
8-A12B,https://www.sec.gov/Archives/edgar/data/21344/000110465917015536/0001104659-17-015536-index.htm,"Registration of securities [Section 12(b)]
Acc-no: 0001104659-17-015536 (34 Act)  Size: 263 KB",3/9/2017
DEFA14A,https://www.sec.gov/Archives/edgar/data/21344/000130817917000029/0001308179-17-000029-index.htm,"Additional definitive proxy soliciting materials and Rule 14(a)(12) material
Acc-no: 0001308179-17-000029 (34 Act)  Size: 4 MB",3/9/2017
DEFA14A,https://www.sec.gov/Archives/edgar/data/21344/000130817917000028/0001308179-17-000028-index.htm,"Additional definitive proxy soliciting materials and Rule 14(a)(12) material
Acc-no: 0001308179-17-000028 (34 Act)  Size: 2 MB",3/9/2017
DEF 14A,https://www.sec.gov/Archives/edgar/data/21344/000130817917000027/0001308179-17-000027-index.htm,"Other definitive proxy statements
Acc-no: 0001308179-17-000027 (34 Act)  Size: 8 MB",3/9/2017
8-K,https://www.sec.gov/Archives/edgar/data/21344/000110465917014087/0001104659-17-014087-index.htm,"Current report, items 8.01 and 9.01
Acc-no: 0001104659-17-014087 (34 Act)  Size: 252 KB",3/3/2017
424B2,https://www.sec.gov/Archives/edgar/data/21344/000104746917001135/0001047469-17-001135-index.htm,"Prospectus [Rule 424(b)(2)]
Acc-no: 0001047469-17-001135 (33 Act)  Size: 555 KB",3/1/2017
FWP,https://www.sec.gov/Archives/edgar/data/21344/000110465917012032/0001104659-17-012032-index.htm,"Filing under Securities Act Rules 163/433 of free writing prospectuses
Acc-no: 0001104659-17-012032 (34 Act)  Size: 34 KB",2/27/2017
FWP,https://www.sec.gov/Archives/edgar/data/21344/000110465917012029/0001104659-17-012029-index.htm,"Filing under Securities Act Rules 163/433 of free writing prospectuses
Acc-no: 0001104659-17-012029 (34 Act)  Size: 32 KB",2/27/2017
424B5,https://www.sec.gov/Archives/edgar/data/21344/000104746917000976/0001047469-17-000976-index.htm,"Prospectus [Rule 424(b)(5)]
Acc-no: 0001047469-17-000976 (33 Act)  Size: 554 KB",2/27/2017
4,https://www.sec.gov/Archives/edgar/data/21344/000112760217007299/0001127602-17-007299-index.htm,"Statement of changes in beneficial ownership of securities
Acc-no: 0001127602-17-007299 Size: 9 KB",2/21/2017
4,https://www.sec.gov/Archives/edgar/data/21344/000112760217007295/0001127602-17-007295-index.htm,"Statement of changes in beneficial ownership of securities
Acc-no: 0001127602-17-007295 Size: 10 KB",2/21/2017
4,https://www.sec.gov/Archives/edgar/data/21344/000112760217007291/0001127602-17-007291-index.htm,"Statement of changes in beneficial ownership of securities
Acc-no: 0001127602-17-007291 Size: 9 KB",2/21/2017
4,https://www.sec.gov/Archives/edgar/data/21344/000112760217007287/0001127602-17-007287-index.htm,"Statement of changes in beneficial ownership of securities
Acc-no: 0001127602-17-007287 Size: 8 KB",2/21/2017
4,https://www.sec.gov/Archives/edgar/data/21344/000112760217007284/0001127602-17-007284-index.htm,"Statement of changes in beneficial ownership of securities
Acc-no: 0001127602-17-007284 Size: 6 KB",2/21/2017
4,https://www.sec.gov/Archives/edgar/data/21344/000112760217007281/0001127602-17-007281-index.htm,"Statement of changes in beneficial ownership of securities
Acc-no: 0001127602-17-007281 Size: 10 KB",2/21/2017
4,https://www.sec.gov/Archives/edgar/data/21344/000112760217007276/0001127602-17-007276-index.htm,"Statement of changes in beneficial ownership of securities
Acc-no: 0001127602-17-007276 Size: 7 KB",2/21/2017
4,https://www.sec.gov/Archives/edgar/data/21344/000112760217007271/0001127602-17-007271-index.htm,"Statement of changes in beneficial ownership of securities
Acc-no: 0001127602-17-007271 Size: 9 KB",2/21/2017
4,https://www.sec.gov/Archives/edgar/data/21344/000112760217007268/0001127602-17-007268-index.htm,"Statement of changes in beneficial ownership of securities
Acc-no: 0001127602-17-007268 Size: 11 KB",2/21/2017
4,https://www.sec.gov/Archives/edgar/data/21344/000112760217007265/0001127602-17-007265-index.htm,"Statement of changes in beneficial ownership of securities
Acc-no: 0001127602-17-007265 Size: 10 KB",2/21/2017
4,https://www.sec.gov/Archives/edgar/data/21344/000112760217007262/0001127602-17-007262-index.htm,"Statement of changes in beneficial ownership of securities
Acc-no: 0001127602-17-007262 Size: 9 KB",2/21/2017
4,https://www.sec.gov/Archives/edgar/data/21344/000112760217007257/0001127602-17-007257-index.htm,"Statement of changes in beneficial ownership of securities
Acc-no: 0001127602-17-007257 Size: 9 KB",2/21/2017
4,https://www.sec.gov/Archives/edgar/data/21344/000112760217007252/0001127602-17-007252-index.htm,"Statement of changes in beneficial ownership of securities
Acc-no: 0001127602-17-007252 Size: 10 KB",2/21/2017
4,https://www.sec.gov/Archives/edgar/data/21344/000112760217007250/0001127602-17-007250-index.htm,"Statement of changes in beneficial ownership of securities
Acc-no: 0001127602-17-007250 Size: 9 KB",2/21/2017
4,https://www.sec.gov/Archives/edgar/data/21344/000112760217007244/0001127602-17-007244-index.htm,"Statement of changes in beneficial ownership of securities
Acc-no: 0001127602-17-007244 Size: 9 KB",2/21/2017
4,https://www.sec.gov/Archives/edgar/data/21344/000112760217007242/0001127602-17-007242-index.htm,"Statement of changes in beneficial ownership of securities
Acc-no: 0001127602-17-007242 Size: 9 KB",2/21/2017
4,https://www.sec.gov/Archives/edgar/data/21344/000112760217007239/0001127602-17-007239-index.htm,"Statement of changes in beneficial ownership of securities
Acc-no: 0001127602-17-007239 Size: 6 KB",2/21/2017
8-K,https://www.sec.gov/Archives/edgar/data/21344/000155278117000075/0001552781-17-000075-index.htm,"Current report, items 5.02 and 9.01
Acc-no: 0001552781-17-000075 (34 Act)  Size: 922 KB",2/15/2017
4,https://www.sec.gov/Archives/edgar/data/21344/000112760217006254/0001127602-17-006254-index.htm,"Statement of changes in beneficial ownership of securities
Acc-no: 0001127602-17-006254 Size: 11 KB",2/15/2017
4,https://www.sec.gov/Archives/edgar/data/21344/000112760217005933/0001127602-17-005933-index.htm,"Statement of changes in beneficial ownership of securities
Acc-no: 0001127602-17-005933 Size: 12 KB",2/14/2017
SC 13G,https://www.sec.gov/Archives/edgar/data/21344/000090342317000105/0000903423-17-000105-index.htm,"Statement of Beneficial Ownership by Certain Investors
Acc-no: 0000903423-17-000105 Size: 89 KB",2/14/2017
5,https://www.sec.gov/Archives/edgar/data/21344/000112760217004988/0001127602-17-004988-index.htm,"Annual statement of changes in beneficial ownership of securities
Acc-no: 0001127602-17-004988 Size: 8 KB",2/10/2017
SC 13G/A,https://www.sec.gov/Archives/edgar/data/21344/000093247117001333/0000932471-17-001333-index.htm,"[Amend] Statement of Beneficial Ownership by Certain Investors
Acc-no: 0000932471-17-001333 (34 Act)  Size: 37 KB",2/10/2017
8-K,https://www.sec.gov/Archives/edgar/data/21344/000002134417000003/0000021344-17-000003-index.htm,"Current report, items 2.02 and 9.01
Acc-no: 0000021344-17-000003 (34 Act)  Size: 2 MB",2/9/2017
SC 13D/A,https://www.sec.gov/Archives/edgar/data/21344/000155278117000066/0001552781-17-000066-index.htm,"[Amend] General Statement of Acquisition of Beneficial Ownership
Acc-no: 0001552781-17-000066 Size: 167 KB",2/7/2017
SC 13G/A,https://www.sec.gov/Archives/edgar/data/21344/000035348017000284/0000353480-17-000284-index.htm,"[Amend] Statement of Beneficial Ownership by Certain Investors
Acc-no: 0000353480-17-000284 (34 Act)  Size: 13 KB",1/23/2017
NO ACT,https://www.sec.gov/Archives/edgar/data/21344/999999999717002232/9999999997-17-002232-index.htm,"[Paper]No Action Letter
Acc-no: 9999999997-17-002232 (34 Act)  Size: 1 KB",1/18/2017
NO ACT,https://www.sec.gov/Archives/edgar/data/21344/999999999717002767/9999999997-17-002767-index.htm,"[Paper]No Action Letter
Acc-no: 9999999997-17-002767 (34 Act)  Size: 1 KB",1/5/2017
UPLOAD,https://www.sec.gov/Archives/edgar/data/21344/000000000016104485/0000000000-16-104485-index.htm,"[Cover]SEC-generated letter
Acc-no: 0000000000-16-104485 Size: 35 KB",12/12/2016
8-K,https://www.sec.gov/Archives/edgar/data/21344/000112329216003050/0001123292-16-003050-index.htm,"Current report, items 5.02 and 9.01
Acc-no: 0001123292-16-003050 (34 Act)  Size: 77 KB",12/9/2016
8-K,https://www.sec.gov/Archives/edgar/data/21344/000155278116002135/0001552781-16-002135-index.htm,"Current report, items 5.02 and 9.01
Acc-no: 0001552781-16-002135 (34 Act)  Size: 83 KB",12/8/2016
4,https://www.sec.gov/Archives/edgar/data/21344/000112760216066901/0001127602-16-066901-index.htm,"Statement of changes in beneficial ownership of securities
Acc-no: 0001127602-16-066901 Size: 9 KB",11/14/2016
4,https://www.sec.gov/Archives/edgar/data/21344/000112760216066378/0001127602-16-066378-index.htm,"Statement of changes in beneficial ownership of securities
Acc-no: 0001127602-16-066378 Size: 12 KB",11/8/2016
4,https://www.sec.gov/Archives/edgar/data/21344/000112760216066132/0001127602-16-066132-index.htm,"Statement of changes in beneficial ownership of securities
Acc-no: 0001127602-16-066132 Size: 11 KB",11/4/2016
3,https://www.sec.gov/Archives/edgar/data/21344/000112760216065615/0001127602-16-065615-index.htm,"Initial statement of beneficial ownership of securities
Acc-no: 0001127602-16-065615 Size: 10 KB",11/1/2016
S-3ASR,https://www.sec.gov/Archives/edgar/data/21344/000104746916016337/0001047469-16-016337-index.htm,"Automatic shelf registration statement of securities of well-known seasoned issuers
Acc-no: 0001047469-16-016337 (33 Act)  Size: 1 MB",10/27/2016
8-K,https://www.sec.gov/Archives/edgar/data/21344/000002134416000072/0000021344-16-000072-index.htm,"Current report, items 2.02 and 9.01
Acc-no: 0000021344-16-000072 (34 Act)  Size: 2 MB",10/26/2016
CORRESP,https://www.sec.gov/Archives/edgar/data/21344/000002134416000069/0000021344-16-000069-index.htm,"[Cover]Correspondence
Acc-no: 0000021344-16-000069 Size: 42 KB",10/6/2016
4,https://www.sec.gov/Archives/edgar/data/21344/000112760216063964/0001127602-16-063964-index.htm,"Statement of changes in beneficial ownership of securities
Acc-no: 0001127602-16-063964 Size: 6 KB",10/4/2016
8-K,https://www.sec.gov/Archives/edgar/data/21344/000155278116001958/0001552781-16-001958-index.htm,"Current report, items 5.02 and 9.01
Acc-no: 0001552781-16-001958 (34 Act)  Size: 48 KB",9/26/2016
UPLOAD,https://www.sec.gov/Archives/edgar/data/21344/000000000016094110/0000000000-16-094110-index.htm,"[Cover]SEC-generated letter
Acc-no: 0000000000-16-094110 Size: 165 KB",9/22/2016
8-K,https://www.sec.gov/Archives/edgar/data/21344/000002134416000067/0000021344-16-000067-index.htm,"Current report, items 7.01 and 9.01
Acc-no: 0000021344-16-000067 (34 Act)  Size: 1 MB",9/19/2016
SC 13D/A,https://www.sec.gov/Archives/edgar/data/21344/000155278116001942/0001552781-16-001942-index.htm,"[Amend] General Statement of Acquisition of Beneficial Ownership
Acc-no: 0001552781-16-001942 Size: 213 KB",9/6/2016
CERTNYS,https://www.sec.gov/Archives/edgar/data/21344/999999999716025583/9999999997-16-025583-index.htm,"[Paper]Certification by the New York Stock Exchange approving securities for listing
Acc-no: 9999999997-16-025583 (34 Act)  Size: 1 KB",9/6/2016
8-K,https://www.sec.gov/Archives/edgar/data/21344/000110465916142972/0001104659-16-142972-index.htm,"Current report, items 8.01 and 9.01
Acc-no: 0001104659-16-142972 (34 Act)  Size: 317 KB",9/2/2016
8-A12B,https://www.sec.gov/Archives/edgar/data/21344/000110465916142970/0001104659-16-142970-index.htm,"Registration of securities [Section 12(b)]
Acc-no: 0001104659-16-142970 (34 Act)  Size: 104 KB",9/2/2016
8-K,https://www.sec.gov/Archives/edgar/data/21344/000110465916142664/0001104659-16-142664-index.htm,"Current report, items 8.01 and 9.01
Acc-no: 0001104659-16-142664 (34 Act)  Size: 402 KB",9/1/2016
424B2,https://www.sec.gov/Archives/edgar/data/21344/000104746916015214/0001047469-16-015214-index.htm,"Prospectus [Rule 424(b)(2)]
Acc-no: 0001047469-16-015214 (33 Act)  Size: 593 KB",9/1/2016
424B2,https://www.sec.gov/Archives/edgar/data/21344/000104746916015187/0001047469-16-015187-index.htm,"Prospectus [Rule 424(b)(2)]
Acc-no: 0001047469-16-015187 (33 Act)  Size: 537 KB",8/31/2016
FWP,https://www.sec.gov/Archives/edgar/data/21344/000110465916142046/0001104659-16-142046-index.htm,"Filing under Securities Act Rules 163/433 of free writing prospectuses
Acc-no: 0001104659-16-142046 (34 Act)  Size: 31 KB",8/30/2016
424B5,https://www.sec.gov/Archives/edgar/data/21344/000104746916015162/0001047469-16-015162-index.htm,"Prospectus [Rule 424(b)(5)]
Acc-no: 0001047469-16-015162 (33 Act)  Size: 584 KB",8/30/2016
FWP,https://www.sec.gov/Archives/edgar/data/21344/000110465916141981/0001104659-16-141981-index.htm,"Filing under Securities Act Rules 163/433 of free writing prospectuses
Acc-no: 0001104659-16-141981 (34 Act)  Size: 36 KB",8/30/2016
424B5,https://www.sec.gov/Archives/edgar/data/21344/000104746916015146/0001047469-16-015146-index.htm,"Prospectus [Rule 424(b)(5)]
Acc-no: 0001047469-16-015146 (33 Act)  Size: 526 KB",8/29/2016
3/A,https://www.sec.gov/Archives/edgar/data/21344/000112760216059970/0001127602-16-059970-index.htm,"[Amend] Initial statement of beneficial ownership of securities
Acc-no: 0001127602-16-059970 Size: 6 KB",8/10/2016
3,https://www.sec.gov/Archives/edgar/data/21344/000112760216059841/0001127602-16-059841-index.htm,"Initial statement of beneficial ownership of securities
Acc-no: 0001127602-16-059841 Size: 18 KB",8/9/2016
3,https://www.sec.gov/Archives/edgar/data/21344/000112760216059669/0001127602-16-059669-index.htm,"Initial statement of beneficial ownership of securities
Acc-no: 0001127602-16-059669 Size: 11 KB",8/8/2016
4,https://www.sec.gov/Archives/edgar/data/21344/000112760216059461/0001127602-16-059461-index.htm,"Statement of changes in beneficial ownership of securities
Acc-no: 0001127602-16-059461 Size: 12 KB",8/4/2016
8-K,https://www.sec.gov/Archives/edgar/data/21344/000002134416000063/0000021344-16-000063-index.htm,"Current report, items 2.02 and 9.01
Acc-no: 0000021344-16-000063 (34 Act)  Size: 2 MB",7/27/2016
4,https://www.sec.gov/Archives/edgar/data/21344/000112760216058317/0001127602-16-058317-index.htm,"Statement of changes in beneficial ownership of securities
Acc-no: 0001127602-16-058317 Size: 6 KB",7/20/2016
11-K,https://www.sec.gov/Archives/edgar/data/21344/000155278116001801/0001552781-16-001801-index.htm,"Annual report of employee stock purchase, savings and similar plans
Acc-no: 0001552781-16-001801 (34 Act)  Size: 165 KB",6/28/2016
11-K,https://www.sec.gov/Archives/edgar/data/21344/000155278116001800/0001552781-16-001800-index.htm,"Annual report of employee stock purchase, savings and similar plans
Acc-no: 0001552781-16-001800 (34 Act)  Size: 176 KB",6/28/2016
11-K,https://www.sec.gov/Archives/edgar/data/21344/000155278116001799/0001552781-16-001799-index.htm,"Annual report of employee stock purchase, savings and similar plans
Acc-no: 0001552781-16-001799 (34 Act)  Size: 129 KB",6/28/2016
11-K,https://www.sec.gov/Archives/edgar/data/21344/000155278116001798/0001552781-16-001798-index.htm,"Annual report of employee stock purchase, savings and similar plans
Acc-no: 0001552781-16-001798 (34 Act)  Size: 134 KB",6/28/2016
4,https://www.sec.gov/Archives/edgar/data/21344/000112760216056081/0001127602-16-056081-index.htm,"Statement of changes in beneficial ownership of securities
Acc-no: 0001127602-16-056081 Size: 19 KB",6/22/2016
SC 13D/A,https://www.sec.gov/Archives/edgar/data/21344/000155278116001768/0001552781-16-001768-index.htm,"[Amend] General Statement of Acquisition of Beneficial Ownership
Acc-no: 0001552781-16-001768 Size: 188 KB",6/17/2016
8-K,https://www.sec.gov/Archives/edgar/data/21344/000110465916124532/0001104659-16-124532-index.htm,"Current report, items 8.01 and 9.01
Acc-no: 0001104659-16-124532 (34 Act)  Size: 466 KB",5/31/2016
424B2,https://www.sec.gov/Archives/edgar/data/21344/000104746916013488/0001047469-16-013488-index.htm,"Prospectus [Rule 424(b)(2)]
Acc-no: 0001047469-16-013488 (33 Act)  Size: 561 KB",5/27/2016
FWP,https://www.sec.gov/Archives/edgar/data/21344/000110465916123401/0001104659-16-123401-index.htm,"Filing under Securities Act Rules 163/433 of free writing prospectuses
Acc-no: 0001104659-16-123401 (34 Act)  Size: 42 KB",5/26/2016
FWP,https://www.sec.gov/Archives/edgar/data/21344/000110465916123400/0001104659-16-123400-index.htm,"Filing under Securities Act Rules 163/433 of free writing prospectuses
Acc-no: 0001104659-16-123400 (34 Act)  Size: 25 KB",5/26/2016
424B5,https://www.sec.gov/Archives/edgar/data/21344/000104746916013412/0001047469-16-013412-index.htm,"Prospectus [Rule 424(b)(5)]
Acc-no: 0001047469-16-013412 (33 Act)  Size: 543 KB",5/25/2016
4,https://www.sec.gov/Archives/edgar/data/21344/000112760216053089/0001127602-16-053089-index.htm,"Statement of changes in beneficial ownership of securities
Acc-no: 0001127602-16-053089 Size: 11 KB",5/23/2016
SC 13D/A,https://www.sec.gov/Archives/edgar/data/21344/000155278116001615/0001552781-16-001615-index.htm,"[Amend] General Statement of Acquisition of Beneficial Ownership
Acc-no: 0001552781-16-001615 Size: 188 KB",5/6/2016
UPLOAD,https://www.sec.gov/Archives/edgar/data/21344/000000000016074910/0000000000-16-074910-index.htm,"[Cover]SEC-generated letter
Acc-no: 0000000000-16-074910 Size: 35 KB",5/4/2016
CORRESP,https://www.sec.gov/Archives/edgar/data/21344/000002134416000061/0000021344-16-000061-index.htm,"[Cover]Correspondence
Acc-no: 0000021344-16-000061 Size: 53 KB",4/28/2016
8-K,https://www.sec.gov/Archives/edgar/data/21344/000155278116001593/0001552781-16-001593-index.htm,"Current report, item 5.07
Acc-no: 0001552781-16-001593 (34 Act)  Size: 77 KB",4/27/2016
4,https://www.sec.gov/Archives/edgar/data/21344/000112760216049894/0001127602-16-049894-index.htm,"Statement of changes in beneficial ownership of securities
Acc-no: 0001127602-16-049894 Size: 11 KB",4/26/2016
8-K,https://www.sec.gov/Archives/edgar/data/21344/000002134416000056/0000021344-16-000056-index.htm,"Current report, items 2.02 and 9.01
Acc-no: 0000021344-16-000056 (34 Act)  Size: 1 MB",4/20/2016
UPLOAD,https://www.sec.gov/Archives/edgar/data/21344/000000000016072836/0000000000-16-072836-index.htm,"[Cover]SEC-generated letter
Acc-no: 0000000000-16-072836 Size: 160 KB",4/19/2016
4,https://www.sec.gov/Archives/edgar/data/21344/000112760216049156/0001127602-16-049156-index.htm,"Statement of changes in beneficial ownership of securities
Acc-no: 0001127602-16-049156 Size: 15 KB",4/12/2016
4,https://www.sec.gov/Archives/edgar/data/21344/000112760216049019/0001127602-16-049019-index.htm,"Statement of changes in beneficial ownership of securities
Acc-no: 0001127602-16-049019 Size: 10 KB",4/7/2016
4,https://www.sec.gov/Archives/edgar/data/21344/000112760216048805/0001127602-16-048805-index.htm,"Statement of changes in beneficial ownership of securities
Acc-no: 0001127602-16-048805 Size: 10 KB",4/5/2016
4,https://www.sec.gov/Archives/edgar/data/21344/000112760216048799/0001127602-16-048799-index.htm,"Statement of changes in beneficial ownership of securities
Acc-no: 0001127602-16-048799 Size: 6 KB",4/5/2016
4,https://www.sec.gov/Archives/edgar/data/21344/000112760216048796/0001127602-16-048796-index.htm,"Statement of changes in beneficial ownership of securities
Acc-no: 0001127602-16-048796 Size: 6 KB",4/5/2016
4,https://www.sec.gov/Archives/edgar/data/21344/000112760216048793/0001127602-16-048793-index.htm,"Statement of changes in beneficial ownership of securities
Acc-no: 0001127602-16-048793 Size: 7 KB",4/5/2016
4,https://www.sec.gov/Archives/edgar/data/21344/000112760216048790/0001127602-16-048790-index.htm,"Statement of changes in beneficial ownership of securities
Acc-no: 0001127602-16-048790 Size: 6 KB",4/5/2016
4,https://www.sec.gov/Archives/edgar/data/21344/000112760216048785/0001127602-16-048785-index.htm,"Statement of changes in beneficial ownership of securities
Acc-no: 0001127602-16-048785 Size: 6 KB",4/5/2016
4,https://www.sec.gov/Archives/edgar/data/21344/000112760216048777/0001127602-16-048777-index.htm,"Statement of changes in beneficial ownership of securities
Acc-no: 0001127602-16-048777 Size: 6 KB",4/5/2016
4,https://www.sec.gov/Archives/edgar/data/21344/000112760216048775/0001127602-16-048775-index.htm,"Statement of changes in beneficial ownership of securities
Acc-no: 0001127602-16-048775 Size: 6 KB",4/5/2016
4,https://www.sec.gov/Archives/edgar/data/21344/000112760216048773/0001127602-16-048773-index.htm,"Statement of changes in beneficial ownership of securities
Acc-no: 0001127602-16-048773 Size: 6 KB",4/5/2016
4,https://www.sec.gov/Archives/edgar/data/21344/000112760216048771/0001127602-16-048771-index.htm,"Statement of changes in beneficial ownership of securities
Acc-no: 0001127602-16-048771 Size: 6 KB",4/5/2016
4,https://www.sec.gov/Archives/edgar/data/21344/000112760216048768/0001127602-16-048768-index.htm,"Statement of changes in beneficial ownership of securities
Acc-no: 0001127602-16-048768 Size: 6 KB",4/5/2016
4,https://www.sec.gov/Archives/edgar/data/21344/000112760216048766/0001127602-16-048766-index.htm,"Statement of changes in beneficial ownership of securities
Acc-no: 0001127602-16-048766 Size: 6 KB",4/5/2016
4,https://www.sec.gov/Archives/edgar/data/21344/000112760216048763/0001127602-16-048763-index.htm,"Statement of changes in beneficial ownership of securities
Acc-no: 0001127602-16-048763 Size: 6 KB",4/5/2016
4,https://www.sec.gov/Archives/edgar/data/21344/000112760216048761/0001127602-16-048761-index.htm,"Statement of changes in beneficial ownership of securities
Acc-no: 0001127602-16-048761 Size: 8 KB",4/5/2016
4,https://www.sec.gov/Archives/edgar/data/21344/000112760216048660/0001127602-16-048660-index.htm,"Statement of changes in beneficial ownership of securities
Acc-no: 0001127602-16-048660 Size: 4 KB",4/4/2016
4,https://www.sec.gov/Archives/edgar/data/21344/000112760216048351/0001127602-16-048351-index.htm,"Statement of changes in beneficial ownership of securities
Acc-no: 0001127602-16-048351 Size: 15 KB",4/4/2016
4,https://www.sec.gov/Archives/edgar/data/21344/000112760216047813/0001127602-16-047813-index.htm,"Statement of changes in beneficial ownership of securities
Acc-no: 0001127602-16-047813 Size: 11 KB",3/30/2016
4,https://www.sec.gov/Archives/edgar/data/21344/000112760216047804/0001127602-16-047804-index.htm,"Statement of changes in beneficial ownership of securities
Acc-no: 0001127602-16-047804 Size: 10 KB",3/30/2016
4,https://www.sec.gov/Archives/edgar/data/21344/000112760216047802/0001127602-16-047802-index.htm,"Statement of changes in beneficial ownership of securities
Acc-no: 0001127602-16-047802 Size: 11 KB",3/30/2016
8-K,https://www.sec.gov/Archives/edgar/data/21344/000002134416000053/0000021344-16-000053-index.htm,"Current report, items 7.01 and 9.01
Acc-no: 0000021344-16-000053 (34 Act)  Size: 1 MB",3/30/2016
4,https://www.sec.gov/Archives/edgar/data/21344/000112760216046717/0001127602-16-046717-index.htm,"Statement of changes in beneficial ownership of securities
Acc-no: 0001127602-16-046717 Size: 10 KB",3/17/2016
4,https://www.sec.gov/Archives/edgar/data/21344/000112760216046229/0001127602-16-046229-index.htm,"Statement of changes in beneficial ownership of securities
Acc-no: 0001127602-16-046229 Size: 10 KB",3/14/2016
4,https://www.sec.gov/Archives/edgar/data/21344/000112760216046220/0001127602-16-046220-index.htm,"Statement of changes in beneficial ownership of securities
Acc-no: 0001127602-16-046220 Size: 12 KB",3/14/2016
4,https://www.sec.gov/Archives/edgar/data/21344/000112760216046218/0001127602-16-046218-index.htm,"Statement of changes in beneficial ownership of securities
Acc-no: 0001127602-16-046218 Size: 10 KB",3/14/2016
4,https://www.sec.gov/Archives/edgar/data/21344/000112760216046214/0001127602-16-046214-index.htm,"Statement of changes in beneficial ownership of securities
Acc-no: 0001127602-16-046214 Size: 11 KB",3/14/2016
4,https://www.sec.gov/Archives/edgar/data/21344/000112760216046076/0001127602-16-046076-index.htm,"Statement of changes in beneficial ownership of securities
Acc-no: 0001127602-16-046076 Size: 10 KB",3/11/2016
DEFA14A,https://www.sec.gov/Archives/edgar/data/21344/000130817916000229/0001308179-16-000229-index.htm,"Additional definitive proxy soliciting materials and Rule 14(a)(12) material
Acc-no: 0001308179-16-000229 (34 Act)  Size: 105 KB",3/10/2016
DEFA14A,https://www.sec.gov/Archives/edgar/data/21344/000130817916000228/0001308179-16-000228-index.htm,"Additional definitive proxy soliciting materials and Rule 14(a)(12) material
Acc-no: 0001308179-16-000228 (34 Act)  Size: 4 MB",3/10/2016
DEFA14A,https://www.sec.gov/Archives/edgar/data/21344/000130817916000227/0001308179-16-000227-index.htm,"Additional definitive proxy soliciting materials and Rule 14(a)(12) material
Acc-no: 0001308179-16-000227 (34 Act)  Size: 1 MB",3/10/2016
DEF 14A,https://www.sec.gov/Archives/edgar/data/21344/000130817916000226/0001308179-16-000226-index.htm,"Other definitive proxy statements
Acc-no: 0001308179-16-000226 (34 Act)  Size: 8 MB",3/10/2016
4,https://www.sec.gov/Archives/edgar/data/21344/000112760216045504/0001127602-16-045504-index.htm,"Statement of changes in beneficial ownership of securities
Acc-no: 0001127602-16-045504 Size: 12 KB",3/8/2016
4,https://www.sec.gov/Archives/edgar/data/21344/000112760216045501/0001127602-16-045501-index.htm,"Statement of changes in beneficial ownership of securities
Acc-no: 0001127602-16-045501 Size: 11 KB",3/8/2016
4,https://www.sec.gov/Archives/edgar/data/21344/000120919116106694/0001209191-16-106694-index.htm,"Statement of changes in beneficial ownership of securities
Acc-no: 0001209191-16-106694 (34 Act)  Size: 7 KB",3/7/2016
SC 13D/A,https://www.sec.gov/Archives/edgar/data/21344/000134100416001198/0001341004-16-001198-index.htm,"[Amend] General Statement of Acquisition of Beneficial Ownership
Acc-no: 0001341004-16-001198 Size: 147 KB",3/7/2016
4,https://www.sec.gov/Archives/edgar/data/21344/000112760216045024/0001127602-16-045024-index.htm,"Statement of changes in beneficial ownership of securities
Acc-no: 0001127602-16-045024 Size: 21 KB",3/4/2016
4,https://www.sec.gov/Archives/edgar/data/21344/000112760216044712/0001127602-16-044712-index.htm,"Statement of changes in beneficial ownership of securities
Acc-no: 0001127602-16-044712 Size: 8 KB",3/3/2016
4,https://www.sec.gov/Archives/edgar/data/21344/000112760216044031/0001127602-16-044031-index.htm,"Statement of changes in beneficial ownership of securities
Acc-no: 0001127602-16-044031 Size: 11 KB",3/1/2016
4,https://www.sec.gov/Archives/edgar/data/21344/000112760216043311/0001127602-16-043311-index.htm,"Statement of changes in beneficial ownership of securities
Acc-no: 0001127602-16-043311 Size: 11 KB",2/25/2016
4,https://www.sec.gov/Archives/edgar/data/21344/000112760216042706/0001127602-16-042706-index.htm,"Statement of changes in beneficial ownership of securities
Acc-no: 0001127602-16-042706 Size: 15 KB",2/22/2016
4,https://www.sec.gov/Archives/edgar/data/21344/000112760216042703/0001127602-16-042703-index.htm,"Statement of changes in beneficial ownership of securities
Acc-no: 0001127602-16-042703 Size: 10 KB",2/22/2016
4,https://www.sec.gov/Archives/edgar/data/21344/000112760216042700/0001127602-16-042700-index.htm,"Statement of changes in beneficial ownership of securities
Acc-no: 0001127602-16-042700 Size: 8 KB",2/22/2016
4,https://www.sec.gov/Archives/edgar/data/21344/000112760216042697/0001127602-16-042697-index.htm,"Statement of changes in beneficial ownership of securities
Acc-no: 0001127602-16-042697 Size: 9 KB",2/22/2016
4,https://www.sec.gov/Archives/edgar/data/21344/000112760216042695/0001127602-16-042695-index.htm,"Statement of changes in beneficial ownership of securities
Acc-no: 0001127602-16-042695 Size: 8 KB",2/22/2016
4,https://www.sec.gov/Archives/edgar/data/21344/000112760216042689/0001127602-16-042689-index.htm,"Statement of changes in beneficial ownership of securities
Acc-no: 0001127602-16-042689 Size: 8 KB",2/22/2016
4,https://www.sec.gov/Archives/edgar/data/21344/000112760216042685/0001127602-16-042685-index.htm,"Statement of changes in beneficial ownership of securities
Acc-no: 0001127602-16-042685 Size: 8 KB",2/22/2016
4,https://www.sec.gov/Archives/edgar/data/21344/000112760216042674/0001127602-16-042674-index.htm,"Statement of changes in beneficial ownership of securities
Acc-no: 0001127602-16-042674 Size: 8 KB",2/22/2016
4,https://www.sec.gov/Archives/edgar/data/21344/000112760216042662/0001127602-16-042662-index.htm,"Statement of changes in beneficial ownership of securities
Acc-no: 0001127602-16-042662 Size: 8 KB",2/22/2016
4,https://www.sec.gov/Archives/edgar/data/21344/000112760216042656/0001127602-16-042656-index.htm,"Statement of changes in beneficial ownership of securities
Acc-no: 0001127602-16-042656 Size: 5 KB",2/22/2016
4,https://www.sec.gov/Archives/edgar/data/21344/000112760216042653/0001127602-16-042653-index.htm,"Statement of changes in beneficial ownership of securities
Acc-no: 0001127602-16-042653 Size: 9 KB",2/22/2016
4,https://www.sec.gov/Archives/edgar/data/21344/000112760216042647/0001127602-16-042647-index.htm,"Statement of changes in beneficial ownership of securities
Acc-no: 0001127602-16-042647 Size: 8 KB",2/22/2016
4,https://www.sec.gov/Archives/edgar/data/21344/000112760216042642/0001127602-16-042642-index.htm,"Statement of changes in beneficial ownership of securities
Acc-no: 0001127602-16-042642 Size: 8 KB",2/22/2016
4,https://www.sec.gov/Archives/edgar/data/21344/000112760216042637/0001127602-16-042637-index.htm,"Statement of changes in beneficial ownership of securities
Acc-no: 0001127602-16-042637 Size: 8 KB",2/22/2016
4,https://www.sec.gov/Archives/edgar/data/21344/000112760216042635/0001127602-16-042635-index.htm,"Statement of changes in beneficial ownership of securities
Acc-no: 0001127602-16-042635 Size: 5 KB",2/22/2016
4,https://www.sec.gov/Archives/edgar/data/21344/000112760216042632/0001127602-16-042632-index.htm,"Statement of changes in beneficial ownership of securities
Acc-no: 0001127602-16-042632 Size: 8 KB",2/22/2016
4,https://www.sec.gov/Archives/edgar/data/21344/000112760216042629/0001127602-16-042629-index.htm,"Statement of changes in beneficial ownership of securities
Acc-no: 0001127602-16-042629 Size: 5 KB",2/22/2016
NO ACT,https://www.sec.gov/Archives/edgar/data/21344/999999999716018665/9999999997-16-018665-index.htm,"[Paper]No Action Letter
Acc-no: 9999999997-16-018665 (34 Act)  Size: 1 KB",2/19/2016
8-K,https://www.sec.gov/Archives/edgar/data/21344/000155278116001315/0001552781-16-001315-index.htm,"Current report, items 5.02 and 9.01
Acc-no: 0001552781-16-001315 (34 Act)  Size: 1 MB",2/17/2016
SC 13G/A,https://www.sec.gov/Archives/edgar/data/21344/000093247116012211/0000932471-16-012211-index.htm,"[Amend] Statement of Beneficial Ownership by Certain Investors
Acc-no: 0000932471-16-012211 (34 Act)  Size: 39 KB",2/11/2016
SC 13D/A,https://www.sec.gov/Archives/edgar/data/21344/000155278116001313/0001552781-16-001313-index.htm,"[Amend] General Statement of Acquisition of Beneficial Ownership
Acc-no: 0001552781-16-001313 Size: 175 KB",2/10/2016
SC 13G/A,https://www.sec.gov/Archives/edgar/data/21344/000021545716005515/0000215457-16-005515-index.htm,"[Amend] Statement of Beneficial Ownership by Certain Investors
Acc-no: 0000215457-16-005515 (34 Act)  Size: 13 KB",2/10/2016
8-K,https://www.sec.gov/Archives/edgar/data/21344/000002134416000046/0000021344-16-000046-index.htm,"Current report, items 2.02 and 9.01
Acc-no: 0000021344-16-000046 (34 Act)  Size: 2 MB",2/9/2016
NO ACT,https://www.sec.gov/Archives/edgar/data/21344/999999999716016645/9999999997-16-016645-index.htm,"[Paper]No Action Letter
Acc-no: 9999999997-16-016645 (34 Act)  Size: 1 KB",1/13/2016
3,https://www.sec.gov/Archives/edgar/data/21344/000112760216036625/0001127602-16-036625-index.htm,"Initial statement of beneficial ownership of securities
Acc-no: 0001127602-16-036625 Size: 16 KB",1/8/2016
4,https://www.sec.gov/Archives/edgar/data/21344/000112760215034437/0001127602-15-034437-index.htm,"Statement of changes in beneficial ownership of securities
Acc-no: 0001127602-15-034437 Size: 14 KB",12/17/2015
4,https://www.sec.gov/Archives/edgar/data/21344/000112760215034435/0001127602-15-034435-index.htm,"Statement of changes in beneficial ownership of securities
Acc-no: 0001127602-15-034435 Size: 10 KB",12/17/2015
4,https://www.sec.gov/Archives/edgar/data/21344/000112760215034433/0001127602-15-034433-index.htm,"Statement of changes in beneficial ownership of securities
Acc-no: 0001127602-15-034433 Size: 6 KB",12/17/2015
4,https://www.sec.gov/Archives/edgar/data/21344/000112760215034430/0001127602-15-034430-index.htm,"Statement of changes in beneficial ownership of securities
Acc-no: 0001127602-15-034430 Size: 6 KB",12/17/2015
4,https://www.sec.gov/Archives/edgar/data/21344/000112760215034427/0001127602-15-034427-index.htm,"Statement of changes in beneficial ownership of securities
Acc-no: 0001127602-15-034427 Size: 6 KB",12/17/2015
4,https://www.sec.gov/Archives/edgar/data/21344/000112760215034421/0001127602-15-034421-index.htm,"Statement of changes in beneficial ownership of securities
Acc-no: 0001127602-15-034421 Size: 6 KB",12/17/2015
4,https://www.sec.gov/Archives/edgar/data/21344/000112760215034419/0001127602-15-034419-index.htm,"Statement of changes in beneficial ownership of securities
Acc-no: 0001127602-15-034419 Size: 5 KB",12/17/2015
4,https://www.sec.gov/Archives/edgar/data/21344/000112760215034414/0001127602-15-034414-index.htm,"Statement of changes in beneficial ownership of securities
Acc-no: 0001127602-15-034414 Size: 6 KB",12/17/2015
4,https://www.sec.gov/Archives/edgar/data/21344/000112760215034409/0001127602-15-034409-index.htm,"Statement of changes in beneficial ownership of securities
Acc-no: 0001127602-15-034409 Size: 6 KB",12/17/2015
4,https://www.sec.gov/Archives/edgar/data/21344/000112760215034407/0001127602-15-034407-index.htm,"Statement of changes in beneficial ownership of securities
Acc-no: 0001127602-15-034407 Size: 6 KB",12/17/2015
4,https://www.sec.gov/Archives/edgar/data/21344/000112760215034405/0001127602-15-034405-index.htm,"Statement of changes in beneficial ownership of securities
Acc-no: 0001127602-15-034405 Size: 6 KB",12/17/2015
4,https://www.sec.gov/Archives/edgar/data/21344/000112760215034403/0001127602-15-034403-index.htm,"Statement of changes in beneficial ownership of securities
Acc-no: 0001127602-15-034403 Size: 6 KB",12/17/2015
4,https://www.sec.gov/Archives/edgar/data/21344/000112760215034401/0001127602-15-034401-index.htm,"Statement of changes in beneficial ownership of securities
Acc-no: 0001127602-15-034401 Size: 6 KB",12/17/2015
4,https://www.sec.gov/Archives/edgar/data/21344/000112760215034399/0001127602-15-034399-index.htm,"Statement of changes in beneficial ownership of securities
Acc-no: 0001127602-15-034399 Size: 6 KB",12/17/2015
4,https://www.sec.gov/Archives/edgar/data/21344/000112760215034397/0001127602-15-034397-index.htm,"Statement of changes in beneficial ownership of securities
Acc-no: 0001127602-15-034397 Size: 8 KB",12/17/2015
4,https://www.sec.gov/Archives/edgar/data/21344/000112760215033888/0001127602-15-033888-index.htm,"Statement of changes in beneficial ownership of securities
Acc-no: 0001127602-15-033888 Size: 6 KB",12/11/2015
SC 13D/A,https://www.sec.gov/Archives/edgar/data/21344/000110465915083152/0001104659-15-083152-index.htm,"[Amend] General Statement of Acquisition of Beneficial Ownership
Acc-no: 0001104659-15-083152 Size: 132 KB",12/7/2015
4,https://www.sec.gov/Archives/edgar/data/21344/000112760215032134/0001127602-15-032134-index.htm,"Statement of changes in beneficial ownership of securities
Acc-no: 0001127602-15-032134 Size: 16 KB",11/20/2015
425,https://www.sec.gov/Archives/edgar/data/21344/000090342315000627/0000903423-15-000627-index.htm,"Prospectuses and communications, business combinations
Acc-no: 0000903423-15-000627 Size: 15 KB",11/9/2015
4,https://www.sec.gov/Archives/edgar/data/21344/000112760215030299/0001127602-15-030299-index.htm,"Statement of changes in beneficial ownership of securities
Acc-no: 0001127602-15-030299 Size: 8 KB",11/4/2015
SC 13D/A,https://www.sec.gov/Archives/edgar/data/21344/000155278115000971/0001552781-15-000971-index.htm,"[Amend] General Statement of Acquisition of Beneficial Ownership
Acc-no: 0001552781-15-000971 Size: 183 KB",11/2/2015
4,https://www.sec.gov/Archives/edgar/data/21344/000112760215029935/0001127602-15-029935-index.htm,"Statement of changes in beneficial ownership of securities
Acc-no: 0001127602-15-029935 Size: 19 KB",11/2/2015
4,https://www.sec.gov/Archives/edgar/data/21344/000112760215029932/0001127602-15-029932-index.htm,"Statement of changes in beneficial ownership of securities
Acc-no: 0001127602-15-029932 Size: 8 KB",11/2/2015
4,https://www.sec.gov/Archives/edgar/data/21344/000112760215029829/0001127602-15-029829-index.htm,"Statement of changes in beneficial ownership of securities
Acc-no: 0001127602-15-029829 Size: 16 KB",10/30/2015
4,https://www.sec.gov/Archives/edgar/data/21344/000112760215029782/0001127602-15-029782-index.htm,"Statement of changes in beneficial ownership of securities
Acc-no: 0001127602-15-029782 Size: 25 KB",10/29/2015
S-8,https://www.sec.gov/Archives/edgar/data/21344/000002134415000044/0000021344-15-000044-index.htm,"Securities to be offered to employees in employee benefit plans
Acc-no: 0000021344-15-000044 (33 Act)  Size: 269 KB",10/28/2015
8-K,https://www.sec.gov/Archives/edgar/data/21344/000110465915073126/0001104659-15-073126-index.htm,"Current report, items 8.01 and 9.01
Acc-no: 0001104659-15-073126 (34 Act)  Size: 465 KB",10/27/2015
4,https://www.sec.gov/Archives/edgar/data/21344/000112760215029589/0001127602-15-029589-index.htm,"Statement of changes in beneficial ownership of securities
Acc-no: 0001127602-15-029589 Size: 18 KB",10/27/2015
4,https://www.sec.gov/Archives/edgar/data/21344/000112760215029528/0001127602-15-029528-index.htm,"Statement of changes in beneficial ownership of securities
Acc-no: 0001127602-15-029528 Size: 12 KB",10/26/2015
424B2,https://www.sec.gov/Archives/edgar/data/21344/000104746915008023/0001047469-15-008023-index.htm,"Prospectus [Rule 424(b)(2)]
Acc-no: 0001047469-15-008023 (33 Act)  Size: 1 MB",10/23/2015
FWP,https://www.sec.gov/Archives/edgar/data/21344/000110465915072251/0001104659-15-072251-index.htm,"Filing under Securities Act Rules 163/433 of free writing prospectuses
Acc-no: 0001104659-15-072251 (34 Act)  Size: 34 KB",10/23/2015
424B5,https://www.sec.gov/Archives/edgar/data/21344/000104746915007989/0001047469-15-007989-index.htm,"Prospectus [Rule 424(b)(5)]
Acc-no: 0001047469-15-007989 (33 Act)  Size: 1 MB",10/22/2015
8-K,https://www.sec.gov/Archives/edgar/data/21344/000002134415000038/0000021344-15-000038-index.htm,"Current report, items 2.02 and 9.01
Acc-no: 0000021344-15-000038 (34 Act)  Size: 2 MB",10/21/2015
4,https://www.sec.gov/Archives/edgar/data/21344/000112760215029133/0001127602-15-029133-index.htm,"Statement of changes in beneficial ownership of securities
Acc-no: 0001127602-15-029133 Size: 7 KB",10/16/2015
4,https://www.sec.gov/Archives/edgar/data/21344/000112760215029046/0001127602-15-029046-index.htm,"Statement of changes in beneficial ownership of securities
Acc-no: 0001127602-15-029046 Size: 10 KB",10/14/2015
4,https://www.sec.gov/Archives/edgar/data/21344/000112760215028613/0001127602-15-028613-index.htm,"Statement of changes in beneficial ownership of securities
Acc-no: 0001127602-15-028613 Size: 10 KB",10/5/2015
4,https://www.sec.gov/Archives/edgar/data/21344/000112760215028609/0001127602-15-028609-index.htm,"Statement of changes in beneficial ownership of securities
Acc-no: 0001127602-15-028609 Size: 6 KB",10/5/2015
4,https://www.sec.gov/Archives/edgar/data/21344/000112760215028606/0001127602-15-028606-index.htm,"Statement of changes in beneficial ownership of securities
Acc-no: 0001127602-15-028606 Size: 6 KB",10/5/2015
4,https://www.sec.gov/Archives/edgar/data/21344/000112760215028604/0001127602-15-028604-index.htm,"Statement of changes in beneficial ownership of securities
Acc-no: 0001127602-15-028604 Size: 9 KB",10/5/2015
4,https://www.sec.gov/Archives/edgar/data/21344/000112760215028600/0001127602-15-028600-index.htm,"Statement of changes in beneficial ownership of securities
Acc-no: 0001127602-15-028600 Size: 6 KB",10/5/2015
4,https://www.sec.gov/Archives/edgar/data/21344/000112760215028597/0001127602-15-028597-index.htm,"Statement of changes in beneficial ownership of securities
Acc-no: 0001127602-15-028597 Size: 5 KB",10/5/2015
4,https://www.sec.gov/Archives/edgar/data/21344/000112760215028594/0001127602-15-028594-index.htm,"Statement of changes in beneficial ownership of securities
Acc-no: 0001127602-15-028594 Size: 7 KB",10/5/2015
4,https://www.sec.gov/Archives/edgar/data/21344/000112760215028586/0001127602-15-028586-index.htm,"Statement of changes in beneficial ownership of securities
Acc-no: 0001127602-15-028586 Size: 6 KB",10/5/2015
4,https://www.sec.gov/Archives/edgar/data/21344/000112760215028583/0001127602-15-028583-index.htm,"Statement of changes in beneficial ownership of securities
Acc-no: 0001127602-15-028583 Size: 6 KB",10/5/2015
4,https://www.sec.gov/Archives/edgar/data/21344/000112760215028580/0001127602-15-028580-index.htm,"Statement of changes in beneficial ownership of securities
Acc-no: 0001127602-15-028580 Size: 6 KB",10/5/2015
4,https://www.sec.gov/Archives/edgar/data/21344/000112760215028578/0001127602-15-028578-index.htm,"Statement of changes in beneficial ownership of securities
Acc-no: 0001127602-15-028578 Size: 6 KB",10/5/2015
4,https://www.sec.gov/Archives/edgar/data/21344/000112760215028576/0001127602-15-028576-index.htm,"Statement of changes in beneficial ownership of securities
Acc-no: 0001127602-15-028576 Size: 6 KB",10/5/2015
4,https://www.sec.gov/Archives/edgar/data/21344/000112760215028574/0001127602-15-028574-index.htm,"Statement of changes in beneficial ownership of securities
Acc-no: 0001127602-15-028574 Size: 6 KB",10/5/2015
4,https://www.sec.gov/Archives/edgar/data/21344/000112760215028572/0001127602-15-028572-index.htm,"Statement of changes in beneficial ownership of securities
Acc-no: 0001127602-15-028572 Size: 8 KB",10/5/2015
4,https://www.sec.gov/Archives/edgar/data/21344/000112760215028272/0001127602-15-028272-index.htm,"Statement of changes in beneficial ownership of securities
Acc-no: 0001127602-15-028272 Size: 10 KB",10/2/2015
4,https://www.sec.gov/Archives/edgar/data/21344/000112760215027867/0001127602-15-027867-index.htm,"Statement of changes in beneficial ownership of securities
Acc-no: 0001127602-15-027867 Size: 11 KB",9/30/2015
SC 13D/A,https://www.sec.gov/Archives/edgar/data/21344/000155278115000892/0001552781-15-000892-index.htm,"[Amend] General Statement of Acquisition of Beneficial Ownership
Acc-no: 0001552781-15-000892 Size: 196 KB",9/29/2015
8-K,https://www.sec.gov/Archives/edgar/data/21344/000002134415000036/0000021344-15-000036-index.htm,"Current report, item 8.01
Acc-no: 0000021344-15-000036 (34 Act)  Size: 149 KB",9/18/2015
8-K,https://www.sec.gov/Archives/edgar/data/21344/000002134415000034/0000021344-15-000034-index.htm,"Current report, items 5.03 and 9.01
Acc-no: 0000021344-15-000034 (34 Act)  Size: 266 KB",9/3/2015
4,https://www.sec.gov/Archives/edgar/data/21344/000112760215025118/0001127602-15-025118-index.htm,"Statement of changes in beneficial ownership of securities
Acc-no: 0001127602-15-025118 Size: 8 KB",8/18/2015
4,https://www.sec.gov/Archives/edgar/data/21344/000112760215024938/0001127602-15-024938-index.htm,"Statement of changes in beneficial ownership of securities
Acc-no: 0001127602-15-024938 Size: 7 KB",8/14/2015
8-K,https://www.sec.gov/Archives/edgar/data/21344/000110465915059307/0001104659-15-059307-index.htm,"Current report, items 5.02 and 9.01
Acc-no: 0001104659-15-059307 (34 Act)  Size: 245 KB",8/13/2015
8-K,https://www.sec.gov/Archives/edgar/data/21344/000090342315000480/0000903423-15-000480-index.htm,"Current report, items 7.01, 8.01, and 9.01
Acc-no: 0000903423-15-000480 (34 Act)  Size: 657 KB",8/6/2015
SC 13D/A,https://www.sec.gov/Archives/edgar/data/21344/000155278115000711/0001552781-15-000711-index.htm,"[Amend] General Statement of Acquisition of Beneficial Ownership
Acc-no: 0001552781-15-000711 Size: 593 KB",7/23/2015
8-K,https://www.sec.gov/Archives/edgar/data/21344/000002134415000029/0000021344-15-000029-index.htm,"Current report, items 2.02 and 9.01
Acc-no: 0000021344-15-000029 (34 Act)  Size: 2 MB",7/22/2015
4,https://www.sec.gov/Archives/edgar/data/21344/000112760215023132/0001127602-15-023132-index.htm,"Statement of changes in beneficial ownership of securities
Acc-no: 0001127602-15-023132 Size: 6 KB",7/20/2015
4,https://www.sec.gov/Archives/edgar/data/21344/000002134415000027/0000021344-15-000027-index.htm,"Statement of changes in beneficial ownership of securities
Acc-no: 0000021344-15-000027 Size: 5 KB",7/6/2015
4,https://www.sec.gov/Archives/edgar/data/21344/000002134415000026/0000021344-15-000026-index.htm,"Statement of changes in beneficial ownership of securities
Acc-no: 0000021344-15-000026 Size: 5 KB",7/6/2015
4,https://www.sec.gov/Archives/edgar/data/21344/000002134415000025/0000021344-15-000025-index.htm,"Statement of changes in beneficial ownership of securities
Acc-no: 0000021344-15-000025 Size: 5 KB",7/6/2015
4,https://www.sec.gov/Archives/edgar/data/21344/000002134415000024/0000021344-15-000024-index.htm,"Statement of changes in beneficial ownership of securities
Acc-no: 0000021344-15-000024 Size: 5 KB",7/6/2015
4,https://www.sec.gov/Archives/edgar/data/21344/000002134415000023/0000021344-15-000023-index.htm,"Statement of changes in beneficial ownership of securities
Acc-no: 0000021344-15-000023 Size: 5 KB",7/6/2015
4,https://www.sec.gov/Archives/edgar/data/21344/000002134415000022/0000021344-15-000022-index.htm,"Statement of changes in beneficial ownership of securities
Acc-no: 0000021344-15-000022 Size: 5 KB",7/6/2015
4,https://www.sec.gov/Archives/edgar/data/21344/000002134415000021/0000021344-15-000021-index.htm,"Statement of changes in beneficial ownership of securities
Acc-no: 0000021344-15-000021 Size: 5 KB",7/6/2015
4,https://www.sec.gov/Archives/edgar/data/21344/000002134415000020/0000021344-15-000020-index.htm,"Statement of changes in beneficial ownership of securities
Acc-no: 0000021344-15-000020 Size: 5 KB",7/6/2015
4,https://www.sec.gov/Archives/edgar/data/21344/000002134415000019/0000021344-15-000019-index.htm,"Statement of changes in beneficial ownership of securities
Acc-no: 0000021344-15-000019 Size: 5 KB",7/6/2015
4,https://www.sec.gov/Archives/edgar/data/21344/000002134415000018/0000021344-15-000018-index.htm,"Statement of changes in beneficial ownership of securities
Acc-no: 0000021344-15-000018 Size: 5 KB",7/6/2015
4,https://www.sec.gov/Archives/edgar/data/21344/000002134415000017/0000021344-15-000017-index.htm,"Statement of changes in beneficial ownership of securities
Acc-no: 0000021344-15-000017 Size: 5 KB",7/6/2015
4,https://www.sec.gov/Archives/edgar/data/21344/000002134415000016/0000021344-15-000016-index.htm,"Statement of changes in beneficial ownership of securities
Acc-no: 0000021344-15-000016 Size: 5 KB",7/6/2015
4,https://www.sec.gov/Archives/edgar/data/21344/000002134415000015/0000021344-15-000015-index.htm,"Statement of changes in beneficial ownership of securities
Acc-no: 0000021344-15-000015 Size: 5 KB",7/6/2015
4,https://www.sec.gov/Archives/edgar/data/21344/000002134415000014/0000021344-15-000014-index.htm,"Statement of changes in beneficial ownership of securities
Acc-no: 0000021344-15-000014 Size: 5 KB",7/6/2015
UPLOAD,https://www.sec.gov/Archives/edgar/data/21344/000000000015034473/0000000000-15-034473-index.htm,"[Cover]SEC-generated letter
Acc-no: 0000000000-15-034473 Size: 40 KB",7/1/2015
11-K,https://www.sec.gov/Archives/edgar/data/21344/000155278115000668/0001552781-15-000668-index.htm,"Annual report of employee stock purchase, savings and similar plans
Acc-no: 0001552781-15-000668 (34 Act)  Size: 252 KB",6/29/2015
11-K,https://www.sec.gov/Archives/edgar/data/21344/000155278115000667/0001552781-15-000667-index.htm,"Annual report of employee stock purchase, savings and similar plans
Acc-no: 0001552781-15-000667 (34 Act)  Size: 256 KB",6/29/2015
11-K,https://www.sec.gov/Archives/edgar/data/21344/000155278115000664/0001552781-15-000664-index.htm,"Annual report of employee stock purchase, savings and similar plans
Acc-no: 0001552781-15-000664 (34 Act)  Size: 202 KB",6/29/2015
11-K,https://www.sec.gov/Archives/edgar/data/21344/000155278115000663/0001552781-15-000663-index.htm,"Annual report of employee stock purchase, savings and similar plans
Acc-no: 0001552781-15-000663 (34 Act)  Size: 184 KB",6/29/2015
CORRESP,https://www.sec.gov/Archives/edgar/data/21344/000002134415000013/0000021344-15-000013-index.htm,"[Cover]Correspondence
Acc-no: 0000021344-15-000013 Size: 43 KB",6/23/2015
3,https://www.sec.gov/Archives/edgar/data/21344/000120919115055518/0001209191-15-055518-index.htm,"Initial statement of beneficial ownership of securities
Acc-no: 0001209191-15-055518 (34 Act)  Size: 4 KB",6/22/2015
SC 13D,https://www.sec.gov/Archives/edgar/data/21344/000134100415000486/0001341004-15-000486-index.htm,"General Statement of Acquisition of Beneficial Ownership
Acc-no: 0001341004-15-000486 Size: 210 KB",6/22/2015
UPLOAD,https://www.sec.gov/Archives/edgar/data/21344/000000000015031028/0000000000-15-031028-index.htm,"[Cover]SEC-generated letter
Acc-no: 0000000000-15-031028 Size: 162 KB",6/10/2015
4,https://www.sec.gov/Archives/edgar/data/21344/000112760215018587/0001127602-15-018587-index.htm,"Statement of changes in beneficial ownership of securities
Acc-no: 0001127602-15-018587 Size: 5 KB",5/26/2015
SC 13D/A,https://www.sec.gov/Archives/edgar/data/21344/000155278115000571/0001552781-15-000571-index.htm,"[Amend] General Statement of Acquisition of Beneficial Ownership
Acc-no: 0001552781-15-000571 Size: 2 MB",5/13/2015
4,https://www.sec.gov/Archives/edgar/data/21344/000112760215016957/0001127602-15-016957-index.htm,"Statement of changes in beneficial ownership of securities
Acc-no: 0001127602-15-016957 Size: 8 KB",5/12/2015
3,https://www.sec.gov/Archives/edgar/data/21344/000112760215016209/0001127602-15-016209-index.htm,"Initial statement of beneficial ownership of securities
Acc-no: 0001127602-15-016209 Size: 17 KB",5/5/2015
8-K,https://www.sec.gov/Archives/edgar/data/21344/000155278115000528/0001552781-15-000528-index.htm,"Current report, item 5.07
Acc-no: 0001552781-15-000528 (34 Act)  Size: 59 KB",4/29/2015
8-K,https://www.sec.gov/Archives/edgar/data/21344/000002134415000008/0000021344-15-000008-index.htm,"Current report, items 2.02 and 9.01
Acc-no: 0000021344-15-000008 (34 Act)  Size: 1 MB",4/22/2015
4,https://www.sec.gov/Archives/edgar/data/21344/000112760215013876/0001127602-15-013876-index.htm,"Statement of changes in beneficial ownership of securities
Acc-no: 0001127602-15-013876 Size: 10 KB",4/3/2015
4,https://www.sec.gov/Archives/edgar/data/21344/000112760215013871/0001127602-15-013871-index.htm,"Statement of changes in beneficial ownership of securities
Acc-no: 0001127602-15-013871 Size: 7 KB",4/3/2015
4,https://www.sec.gov/Archives/edgar/data/21344/000112760215013867/0001127602-15-013867-index.htm,"Statement of changes in beneficial ownership of securities
Acc-no: 0001127602-15-013867 Size: 7 KB",4/3/2015
4,https://www.sec.gov/Archives/edgar/data/21344/000112760215013865/0001127602-15-013865-index.htm,"Statement of changes in beneficial ownership of securities
Acc-no: 0001127602-15-013865 Size: 6 KB",4/3/2015
4,https://www.sec.gov/Archives/edgar/data/21344/000112760215013863/0001127602-15-013863-index.htm,"Statement of changes in beneficial ownership of securities
Acc-no: 0001127602-15-013863 Size: 6 KB",4/3/2015
4,https://www.sec.gov/Archives/edgar/data/21344/000112760215013861/0001127602-15-013861-index.htm,"Statement of changes in beneficial ownership of securities
Acc-no: 0001127602-15-013861 Size: 7 KB",4/3/2015
4,https://www.sec.gov/Archives/edgar/data/21344/000112760215013859/0001127602-15-013859-index.htm,"Statement of changes in beneficial ownership of securities
Acc-no: 0001127602-15-013859 Size: 6 KB",4/3/2015
4,https://www.sec.gov/Archives/edgar/data/21344/000112760215013857/0001127602-15-013857-index.htm,"Statement of changes in beneficial ownership of securities
Acc-no: 0001127602-15-013857 Size: 6 KB",4/3/2015
4,https://www.sec.gov/Archives/edgar/data/21344/000112760215013853/0001127602-15-013853-index.htm,"Statement of changes in beneficial ownership of securities
Acc-no: 0001127602-15-013853 Size: 6 KB",4/3/2015
4,https://www.sec.gov/Archives/edgar/data/21344/000112760215013851/0001127602-15-013851-index.htm,"Statement of changes in beneficial ownership of securities
Acc-no: 0001127602-15-013851 Size: 6 KB",4/3/2015
4,https://www.sec.gov/Archives/edgar/data/21344/000112760215013847/0001127602-15-013847-index.htm,"Statement of changes in beneficial ownership of securities
Acc-no: 0001127602-15-013847 Size: 6 KB",4/3/2015
4,https://www.sec.gov/Archives/edgar/data/21344/000112760215013845/0001127602-15-013845-index.htm,"Statement of changes in beneficial ownership of securities
Acc-no: 0001127602-15-013845 Size: 6 KB",4/3/2015
4,https://www.sec.gov/Archives/edgar/data/21344/000112760215013843/0001127602-15-013843-index.htm,"Statement of changes in beneficial ownership of securities
Acc-no: 0001127602-15-013843 Size: 6 KB",4/3/2015
4,https://www.sec.gov/Archives/edgar/data/21344/000112760215013841/0001127602-15-013841-index.htm,"Statement of changes in beneficial ownership of securities
Acc-no: 0001127602-15-013841 Size: 6 KB",4/3/2015
4,https://www.sec.gov/Archives/edgar/data/21344/000112760215013839/0001127602-15-013839-index.htm,"Statement of changes in beneficial ownership of securities
Acc-no: 0001127602-15-013839 Size: 6 KB",4/3/2015
4,https://www.sec.gov/Archives/edgar/data/21344/000112760215013834/0001127602-15-013834-index.htm,"Statement of changes in beneficial ownership of securities
Acc-no: 0001127602-15-013834 Size: 8 KB",4/3/2015
3,https://www.sec.gov/Archives/edgar/data/21344/000112760215012903/0001127602-15-012903-index.htm,"Initial statement of beneficial ownership of securities
Acc-no: 0001127602-15-012903 Size: 20 KB",3/31/2015
4,https://www.sec.gov/Archives/edgar/data/21344/000112760215012527/0001127602-15-012527-index.htm,"Statement of changes in beneficial ownership of securities
Acc-no: 0001127602-15-012527 Size: 8 KB",3/25/2015
4,https://www.sec.gov/Archives/edgar/data/21344/000112760215011350/0001127602-15-011350-index.htm,"Statement of changes in beneficial ownership of securities
Acc-no: 0001127602-15-011350 Size: 14 KB",3/16/2015
DEFA14A,https://www.sec.gov/Archives/edgar/data/21344/000130817915000044/0001308179-15-000044-index.htm,"Additional definitive proxy soliciting materials and Rule 14(a)(12) material
Acc-no: 0001308179-15-000044 (34 Act)  Size: 93 KB",3/12/2015
DEFA14A,https://www.sec.gov/Archives/edgar/data/21344/000130817915000043/0001308179-15-000043-index.htm,"Additional definitive proxy soliciting materials and Rule 14(a)(12) material
Acc-no: 0001308179-15-000043 (34 Act)  Size: 5 MB",3/12/2015
DEFA14A,https://www.sec.gov/Archives/edgar/data/21344/000130817915000042/0001308179-15-000042-index.htm,"Additional definitive proxy soliciting materials and Rule 14(a)(12) material
Acc-no: 0001308179-15-000042 (34 Act)  Size: 1 MB",3/12/2015
DEF 14A,https://www.sec.gov/Archives/edgar/data/21344/000130817915000041/0001308179-15-000041-index.htm,"Other definitive proxy statements
Acc-no: 0001308179-15-000041 (34 Act)  Size: 8 MB",3/12/2015
8-K,https://www.sec.gov/Archives/edgar/data/21344/000110465915018590/0001104659-15-018590-index.htm,"Current report, items 8.01 and 9.01
Acc-no: 0001104659-15-018590 (34 Act)  Size: 98 KB",3/10/2015
CERTNYS,https://www.sec.gov/Archives/edgar/data/21344/999999999715002625/9999999997-15-002625-index.htm,"[Paper]Certification by the New York Stock Exchange approving securities for listing
Acc-no: 9999999997-15-002625 (34 Act)  Size: 1 KB",3/9/2015
8-A12B,https://www.sec.gov/Archives/edgar/data/21344/000110465915017732/0001104659-15-017732-index.htm,"Registration of securities [Section 12(b)]
Acc-no: 0001104659-15-017732 (34 Act)  Size: 449 KB",3/6/2015
424B3,https://www.sec.gov/Archives/edgar/data/21344/000104746915001715/0001047469-15-001715-index.htm,"Prospectus [Rule 424(b)(3)]
Acc-no: 0001047469-15-001715 (33 Act)  Size: 631 KB",3/5/2015
4,https://www.sec.gov/Archives/edgar/data/21344/000112760215009894/0001127602-15-009894-index.htm,"Statement of changes in beneficial ownership of securities
Acc-no: 0001127602-15-009894 Size: 12 KB",3/4/2015
4,https://www.sec.gov/Archives/edgar/data/21344/000112760215009892/0001127602-15-009892-index.htm,"Statement of changes in beneficial ownership of securities
Acc-no: 0001127602-15-009892 Size: 11 KB",3/4/2015
8-K,https://www.sec.gov/Archives/edgar/data/21344/000110465915016299/0001104659-15-016299-index.htm,"Current report, items 8.01 and 9.01
Acc-no: 0001104659-15-016299 (34 Act)  Size: 289 KB",3/3/2015
424B2,https://www.sec.gov/Archives/edgar/data/21344/000104746915001511/0001047469-15-001511-index.htm,"Prospectus [Rule 424(b)(2)]
Acc-no: 0001047469-15-001511 (33 Act)  Size: 641 KB",3/2/2015
4,https://www.sec.gov/Archives/edgar/data/21344/000112760215008790/0001127602-15-008790-index.htm,"Statement of changes in beneficial ownership of securities
Acc-no: 0001127602-15-008790 Size: 5 KB",2/27/2015
FWP,https://www.sec.gov/Archives/edgar/data/21344/000110465915014633/0001104659-15-014633-index.htm,"Filing under Securities Act Rules 163/433 of free writing prospectuses
Acc-no: 0001104659-15-014633 (34 Act)  Size: 48 KB",2/27/2015
FWP,https://www.sec.gov/Archives/edgar/data/21344/000110465915014632/0001104659-15-014632-index.htm,"Filing under Securities Act Rules 163/433 of free writing prospectuses
Acc-no: 0001104659-15-014632 (34 Act)  Size: 48 KB",2/27/2015
4,https://www.sec.gov/Archives/edgar/data/21344/000112760215008562/0001127602-15-008562-index.htm,"Statement of changes in beneficial ownership of securities
Acc-no: 0001127602-15-008562 Size: 17 KB",2/26/2015
4,https://www.sec.gov/Archives/edgar/data/21344/000112760215008557/0001127602-15-008557-index.htm,"Statement of changes in beneficial ownership of securities
Acc-no: 0001127602-15-008557 Size: 4 KB",2/26/2015
424B5,https://www.sec.gov/Archives/edgar/data/21344/000104746915001229/0001047469-15-001229-index.htm,"Prospectus [Rule 424(b)(5)]
Acc-no: 0001047469-15-001229 (33 Act)  Size: 640 KB",2/26/2015
4/A,https://www.sec.gov/Archives/edgar/data/21344/000112760215007744/0001127602-15-007744-index.htm,"[Amend] Statement of changes in beneficial ownership of securities
Acc-no: 0001127602-15-007744 Size: 5 KB",2/23/2015
4,https://www.sec.gov/Archives/edgar/data/21344/000112760215007695/0001127602-15-007695-index.htm,"Statement of changes in beneficial ownership of securities
Acc-no: 0001127602-15-007695 Size: 8 KB",2/23/2015
4,https://www.sec.gov/Archives/edgar/data/21344/000112760215007690/0001127602-15-007690-index.htm,"Statement of changes in beneficial ownership of securities
Acc-no: 0001127602-15-007690 Size: 9 KB",2/23/2015
4,https://www.sec.gov/Archives/edgar/data/21344/000112760215007685/0001127602-15-007685-index.htm,"Statement of changes in beneficial ownership of securities
Acc-no: 0001127602-15-007685 Size: 8 KB",2/23/2015
4,https://www.sec.gov/Archives/edgar/data/21344/000112760215007680/0001127602-15-007680-index.htm,"Statement of changes in beneficial ownership of securities
Acc-no: 0001127602-15-007680 Size: 8 KB",2/23/2015
4,https://www.sec.gov/Archives/edgar/data/21344/000112760215007675/0001127602-15-007675-index.htm,"Statement of changes in beneficial ownership of securities
Acc-no: 0001127602-15-007675 Size: 9 KB",2/23/2015
4,https://www.sec.gov/Archives/edgar/data/21344/000112760215007672/0001127602-15-007672-index.htm,"Statement of changes in beneficial ownership of securities
Acc-no: 0001127602-15-007672 Size: 8 KB",2/23/2015
4,https://www.sec.gov/Archives/edgar/data/21344/000112760215007669/0001127602-15-007669-index.htm,"Statement of changes in beneficial ownership of securities
Acc-no: 0001127602-15-007669 Size: 10 KB",2/23/2015
4,https://www.sec.gov/Archives/edgar/data/21344/000112760215007666/0001127602-15-007666-index.htm,"Statement of changes in beneficial ownership of securities
Acc-no: 0001127602-15-007666 Size: 5 KB",2/23/2015
4,https://www.sec.gov/Archives/edgar/data/21344/000112760215007661/0001127602-15-007661-index.htm,"Statement of changes in beneficial ownership of securities
Acc-no: 0001127602-15-007661 Size: 5 KB",2/23/2015
4,https://www.sec.gov/Archives/edgar/data/21344/000112760215007657/0001127602-15-007657-index.htm,"Statement of changes in beneficial ownership of securities
Acc-no: 0001127602-15-007657 Size: 8 KB",2/23/2015
4,https://www.sec.gov/Archives/edgar/data/21344/000112760215007654/0001127602-15-007654-index.htm,"Statement of changes in beneficial ownership of securities
Acc-no: 0001127602-15-007654 Size: 5 KB",2/23/2015
4,https://www.sec.gov/Archives/edgar/data/21344/000112760215007651/0001127602-15-007651-index.htm,"Statement of changes in beneficial ownership of securities
Acc-no: 0001127602-15-007651 Size: 8 KB",2/23/2015
4,https://www.sec.gov/Archives/edgar/data/21344/000112760215007647/0001127602-15-007647-index.htm,"Statement of changes in beneficial ownership of securities
Acc-no: 0001127602-15-007647 Size: 8 KB",2/23/2015
4,https://www.sec.gov/Archives/edgar/data/21344/000112760215007645/0001127602-15-007645-index.htm,"Statement of changes in beneficial ownership of securities
Acc-no: 0001127602-15-007645 Size: 5 KB",2/23/2015
4,https://www.sec.gov/Archives/edgar/data/21344/000112760215007643/0001127602-15-007643-index.htm,"Statement of changes in beneficial ownership of securities
Acc-no: 0001127602-15-007643 Size: 8 KB",2/23/2015
4,https://www.sec.gov/Archives/edgar/data/21344/000112760215007640/0001127602-15-007640-index.htm,"Statement of changes in beneficial ownership of securities
Acc-no: 0001127602-15-007640 Size: 8 KB",2/23/2015
3,https://www.sec.gov/Archives/edgar/data/21344/000112760215007388/0001127602-15-007388-index.htm,"Initial statement of beneficial ownership of securities
Acc-no: 0001127602-15-007388 Size: 10 KB",2/20/2015
3,https://www.sec.gov/Archives/edgar/data/21344/000112760215007383/0001127602-15-007383-index.htm,"Initial statement of beneficial ownership of securities
Acc-no: 0001127602-15-007383 Size: 6 KB",2/20/2015
8-K,https://www.sec.gov/Archives/edgar/data/21344/000155278115000264/0001552781-15-000264-index.htm,"Current report, items 5.02 and 9.01
Acc-no: 0001552781-15-000264 (34 Act)  Size: 272 KB",2/20/2015
4,https://www.sec.gov/Archives/edgar/data/21344/000112760215007105/0001127602-15-007105-index.htm,"Statement of changes in beneficial ownership of securities
Acc-no: 0001127602-15-007105 Size: 4 KB",2/19/2015
4,https://www.sec.gov/Archives/edgar/data/21344/000112760215007102/0001127602-15-007102-index.htm,"Statement of changes in beneficial ownership of securities
Acc-no: 0001127602-15-007102 Size: 4 KB",2/19/2015
4,https://www.sec.gov/Archives/edgar/data/21344/000112760215007096/0001127602-15-007096-index.htm,"Statement of changes in beneficial ownership of securities
Acc-no: 0001127602-15-007096 Size: 4 KB",2/19/2015
4,https://www.sec.gov/Archives/edgar/data/21344/000112760215007094/0001127602-15-007094-index.htm,"Statement of changes in beneficial ownership of securities
Acc-no: 0001127602-15-007094 Size: 7 KB",2/19/2015
4,https://www.sec.gov/Archives/edgar/data/21344/000112760215007092/0001127602-15-007092-index.htm,"Statement of changes in beneficial ownership of securities
Acc-no: 0001127602-15-007092 Size: 7 KB",2/19/2015
4,https://www.sec.gov/Archives/edgar/data/21344/000112760215007090/0001127602-15-007090-index.htm,"Statement of changes in beneficial ownership of securities
Acc-no: 0001127602-15-007090 Size: 7 KB",2/19/2015
4,https://www.sec.gov/Archives/edgar/data/21344/000112760215007087/0001127602-15-007087-index.htm,"Statement of changes in beneficial ownership of securities
Acc-no: 0001127602-15-007087 Size: 7 KB",2/19/2015
8-K,https://www.sec.gov/Archives/edgar/data/21344/000155278115000256/0001552781-15-000256-index.htm,"Current report, items 5.02 and 9.01
Acc-no: 0001552781-15-000256 (34 Act)  Size: 958 KB",2/18/2015
SC 13D/A,https://www.sec.gov/Archives/edgar/data/21344/000110465915011247/0001104659-15-011247-index.htm,"[Amend] General Statement of Acquisition of Beneficial Ownership
Acc-no: 0001104659-15-011247 Size: 1 MB",2/17/2015
SC 13D/A,https://www.sec.gov/Archives/edgar/data/21344/000134100415000132/0001341004-15-000132-index.htm,"[Amend] General Statement of Acquisition of Beneficial Ownership
Acc-no: 0001341004-15-000132 Size: 137 KB",2/13/2015
4,https://www.sec.gov/Archives/edgar/data/21344/000120919115013283/0001209191-15-013283-index.htm,"Statement of changes in beneficial ownership of securities
Acc-no: 0001209191-15-013283 (34 Act)  Size: 7 KB",2/13/2015
SC 13G,https://www.sec.gov/Archives/edgar/data/21344/000093247115004974/0000932471-15-004974-index.htm,"Statement of Beneficial Ownership by Certain Investors
Acc-no: 0000932471-15-004974 (34 Act)  Size: 39 KB",2/11/2015
5,https://www.sec.gov/Archives/edgar/data/21344/000112760215005296/0001127602-15-005296-index.htm,"Annual statement of changes in beneficial ownership of securities
Acc-no: 0001127602-15-005296 Size: 6 KB",2/10/2015
5,https://www.sec.gov/Archives/edgar/data/21344/000112760215005291/0001127602-15-005291-index.htm,"Annual statement of changes in beneficial ownership of securities
Acc-no: 0001127602-15-005291 Size: 8 KB",2/10/2015
8-K,https://www.sec.gov/Archives/edgar/data/21344/000002134415000002/0000021344-15-000002-index.htm,"Current report, items 2.02 and 9.01
Acc-no: 0000021344-15-000002 (34 Act)  Size: 2 MB",2/10/2015
SC 13G/A,https://www.sec.gov/Archives/edgar/data/21344/000021545715000146/0000215457-15-000146-index.htm,"[Amend] Statement of Beneficial Ownership by Certain Investors
Acc-no: 0000215457-15-000146 (34 Act)  Size: 13 KB",2/9/2015
3,https://www.sec.gov/Archives/edgar/data/21344/000112760215001443/0001127602-15-001443-index.htm,"Initial statement of beneficial ownership of securities
Acc-no: 0001127602-15-001443 Size: 10 KB",1/8/2015
3,https://www.sec.gov/Archives/edgar/data/21344/000112760215001441/0001127602-15-001441-index.htm,"Initial statement of beneficial ownership of securities
Acc-no: 0001127602-15-001441 Size: 15 KB",1/8/2015
NO ACT,https://www.sec.gov/Archives/edgar/data/21344/999999999715000137/9999999997-15-000137-index.htm,"[Paper]No Action Letter
Acc-no: 9999999997-15-000137 (34 Act)  Size: 1 KB",12/23/2014
SC 13D/A,https://www.sec.gov/Archives/edgar/data/21344/000110465914087614/0001104659-14-087614-index.htm,"[Amend] General Statement of Acquisition of Beneficial Ownership
Acc-no: 0001104659-14-087614 Size: 1 MB",12/18/2014
4,https://www.sec.gov/Archives/edgar/data/21344/000112760214035442/0001127602-14-035442-index.htm,"Statement of changes in beneficial ownership of securities
Acc-no: 0001127602-14-035442 Size: 7 KB",12/17/2014
4,https://www.sec.gov/Archives/edgar/data/21344/000112760214035441/0001127602-14-035441-index.htm,"Statement of changes in beneficial ownership of securities
Acc-no: 0001127602-14-035441 Size: 6 KB",12/17/2014
4,https://www.sec.gov/Archives/edgar/data/21344/000112760214035440/0001127602-14-035440-index.htm,"Statement of changes in beneficial ownership of securities
Acc-no: 0001127602-14-035440 Size: 6 KB",12/17/2014
4,https://www.sec.gov/Archives/edgar/data/21344/000112760214035439/0001127602-14-035439-index.htm,"Statement of changes in beneficial ownership of securities
Acc-no: 0001127602-14-035439 Size: 6 KB",12/17/2014
4,https://www.sec.gov/Archives/edgar/data/21344/000112760214035438/0001127602-14-035438-index.htm,"Statement of changes in beneficial ownership of securities
Acc-no: 0001127602-14-035438 Size: 6 KB",12/17/2014
4,https://www.sec.gov/Archives/edgar/data/21344/000112760214035437/0001127602-14-035437-index.htm,"Statement of changes in beneficial ownership of securities
Acc-no: 0001127602-14-035437 Size: 6 KB",12/17/2014
4,https://www.sec.gov/Archives/edgar/data/21344/000112760214035436/0001127602-14-035436-index.htm,"Statement of changes in beneficial ownership of securities
Acc-no: 0001127602-14-035436 Size: 5 KB",12/17/2014
4,https://www.sec.gov/Archives/edgar/data/21344/000112760214035435/0001127602-14-035435-index.htm,"Statement of changes in beneficial ownership of securities
Acc-no: 0001127602-14-035435 Size: 6 KB",12/17/2014
4,https://www.sec.gov/Archives/edgar/data/21344/000112760214035434/0001127602-14-035434-index.htm,"Statement of changes in beneficial ownership of securities
Acc-no: 0001127602-14-035434 Size: 6 KB",12/17/2014
4,https://www.sec.gov/Archives/edgar/data/21344/000112760214035433/0001127602-14-035433-index.htm,"Statement of changes in beneficial ownership of securities
Acc-no: 0001127602-14-035433 Size: 6 KB",12/17/2014
4,https://www.sec.gov/Archives/edgar/data/21344/000112760214035429/0001127602-14-035429-index.htm,"Statement of changes in beneficial ownership of securities
Acc-no: 0001127602-14-035429 Size: 6 KB",12/17/2014
4,https://www.sec.gov/Archives/edgar/data/21344/000112760214035425/0001127602-14-035425-index.htm,"Statement of changes in beneficial ownership of securities
Acc-no: 0001127602-14-035425 Size: 6 KB",12/17/2014
4,https://www.sec.gov/Archives/edgar/data/21344/000112760214035424/0001127602-14-035424-index.htm,"Statement of changes in beneficial ownership of securities
Acc-no: 0001127602-14-035424 Size: 6 KB",12/17/2014
4,https://www.sec.gov/Archives/edgar/data/21344/000112760214035423/0001127602-14-035423-index.htm,"Statement of changes in beneficial ownership of securities
Acc-no: 0001127602-14-035423 Size: 8 KB",12/17/2014
NO ACT,https://www.sec.gov/Archives/edgar/data/21344/999999999714016007/9999999997-14-016007-index.htm,"[Paper]No Action Letter
Acc-no: 9999999997-14-016007 (34 Act)  Size: 1 KB",12/16/2014
8-K,https://www.sec.gov/Archives/edgar/data/21344/000110465914086151/0001104659-14-086151-index.htm,"Current report, items 5.02 and 9.01
Acc-no: 0001104659-14-086151 (34 Act)  Size: 81 KB",12/11/2014
4,https://www.sec.gov/Archives/edgar/data/21344/000112760214034675/0001127602-14-034675-index.htm,"Statement of changes in beneficial ownership of securities
Acc-no: 0001127602-14-034675 Size: 22 KB",12/10/2014
SC 13D/A,https://www.sec.gov/Archives/edgar/data/21344/000110465914085350/0001104659-14-085350-index.htm,"[Amend] General Statement of Acquisition of Beneficial Ownership
Acc-no: 0001104659-14-085350 Size: 1 MB",12/8/2014
4,https://www.sec.gov/Archives/edgar/data/21344/000112760214034282/0001127602-14-034282-index.htm,"Statement of changes in beneficial ownership of securities
Acc-no: 0001127602-14-034282 Size: 15 KB",12/5/2014
4,https://www.sec.gov/Archives/edgar/data/21344/000112760214032250/0001127602-14-032250-index.htm,"Statement of changes in beneficial ownership of securities
Acc-no: 0001127602-14-032250 Size: 11 KB",11/14/2014
4,https://www.sec.gov/Archives/edgar/data/21344/000112760214031919/0001127602-14-031919-index.htm,"Statement of changes in beneficial ownership of securities
Acc-no: 0001127602-14-031919 Size: 7 KB",11/12/2014
4,https://www.sec.gov/Archives/edgar/data/21344/000112760214031209/0001127602-14-031209-index.htm,"Statement of changes in beneficial ownership of securities
Acc-no: 0001127602-14-031209 Size: 16 KB",11/5/2014
4,https://www.sec.gov/Archives/edgar/data/21344/000112760214030515/0001127602-14-030515-index.htm,"Statement of changes in beneficial ownership of securities
Acc-no: 0001127602-14-030515 Size: 11 KB",10/30/2014
8-K,https://www.sec.gov/Archives/edgar/data/21344/000002134414000034/0000021344-14-000034-index.htm,"Current report, items 2.02, 7.01, and 9.01
Acc-no: 0000021344-14-000034 (34 Act)  Size: 2 MB",10/21/2014
SC 13D/A,https://www.sec.gov/Archives/edgar/data/21344/000110465914072463/0001104659-14-072463-index.htm,"[Amend] General Statement of Acquisition of Beneficial Ownership
Acc-no: 0001104659-14-072463 Size: 1 MB",10/20/2014
4,https://www.sec.gov/Archives/edgar/data/21344/000112760214029561/0001127602-14-029561-index.htm,"Statement of changes in beneficial ownership of securities
Acc-no: 0001127602-14-029561 Size: 15 KB",10/7/2014
4,https://www.sec.gov/Archives/edgar/data/21344/000112760214029360/0001127602-14-029360-index.htm,"Statement of changes in beneficial ownership of securities
Acc-no: 0001127602-14-029360 Size: 7 KB",10/3/2014
4,https://www.sec.gov/Archives/edgar/data/21344/000112760214029358/0001127602-14-029358-index.htm,"Statement of changes in beneficial ownership of securities
Acc-no: 0001127602-14-029358 Size: 6 KB",10/3/2014
4,https://www.sec.gov/Archives/edgar/data/21344/000112760214029356/0001127602-14-029356-index.htm,"Statement of changes in beneficial ownership of securities
Acc-no: 0001127602-14-029356 Size: 6 KB",10/3/2014
4,https://www.sec.gov/Archives/edgar/data/21344/000112760214029354/0001127602-14-029354-index.htm,"Statement of changes in beneficial ownership of securities
Acc-no: 0001127602-14-029354 Size: 6 KB",10/3/2014
4,https://www.sec.gov/Archives/edgar/data/21344/000112760214029352/0001127602-14-029352-index.htm,"Statement of changes in beneficial ownership of securities
Acc-no: 0001127602-14-029352 Size: 6 KB",10/3/2014
4,https://www.sec.gov/Archives/edgar/data/21344/000112760214029350/0001127602-14-029350-index.htm,"Statement of changes in beneficial ownership of securities
Acc-no: 0001127602-14-029350 Size: 6 KB",10/3/2014
4,https://www.sec.gov/Archives/edgar/data/21344/000112760214029346/0001127602-14-029346-index.htm,"Statement of changes in beneficial ownership of securities
Acc-no: 0001127602-14-029346 Size: 5 KB",10/3/2014
4,https://www.sec.gov/Archives/edgar/data/21344/000112760214029344/0001127602-14-029344-index.htm,"Statement of changes in beneficial ownership of securities
Acc-no: 0001127602-14-029344 Size: 6 KB",10/3/2014
4,https://www.sec.gov/Archives/edgar/data/21344/000112760214029342/0001127602-14-029342-index.htm,"Statement of changes in beneficial ownership of securities
Acc-no: 0001127602-14-029342 Size: 6 KB",10/3/2014
4,https://www.sec.gov/Archives/edgar/data/21344/000112760214029340/0001127602-14-029340-index.htm,"Statement of changes in beneficial ownership of securities
Acc-no: 0001127602-14-029340 Size: 6 KB",10/3/2014
4,https://www.sec.gov/Archives/edgar/data/21344/000112760214029338/0001127602-14-029338-index.htm,"Statement of changes in beneficial ownership of securities
Acc-no: 0001127602-14-029338 Size: 6 KB",10/3/2014
4,https://www.sec.gov/Archives/edgar/data/21344/000112760214029336/0001127602-14-029336-index.htm,"Statement of changes in beneficial ownership of securities
Acc-no: 0001127602-14-029336 Size: 6 KB",10/3/2014
4,https://www.sec.gov/Archives/edgar/data/21344/000112760214029334/0001127602-14-029334-index.htm,"Statement of changes in beneficial ownership of securities
Acc-no: 0001127602-14-029334 Size: 6 KB",10/3/2014
4,https://www.sec.gov/Archives/edgar/data/21344/000112760214029332/0001127602-14-029332-index.htm,"Statement of changes in beneficial ownership of securities
Acc-no: 0001127602-14-029332 Size: 8 KB",10/3/2014
8-K,https://www.sec.gov/Archives/edgar/data/21344/000110465914069388/0001104659-14-069388-index.htm,"Current report, items 8.01 and 9.01
Acc-no: 0001104659-14-069388 (34 Act)  Size: 76 KB",10/1/2014
CERTNYS,https://www.sec.gov/Archives/edgar/data/21344/999999999714013877/9999999997-14-013877-index.htm,"[Paper]Certification by the New York Stock Exchange approving securities for listing
Acc-no: 9999999997-14-013877 (34 Act)  Size: 1 KB",9/23/2014
CERTNYS,https://www.sec.gov/Archives/edgar/data/21344/999999999714013869/9999999997-14-013869-index.htm,"[Paper]Certification by the New York Stock Exchange approving securities for listing
Acc-no: 9999999997-14-013869 (34 Act)  Size: 1 KB",9/23/2014
4,https://www.sec.gov/Archives/edgar/data/21344/000112760214028307/0001127602-14-028307-index.htm,"Statement of changes in beneficial ownership of securities
Acc-no: 0001127602-14-028307 Size: 19 KB",9/23/2014
8-K,https://www.sec.gov/Archives/edgar/data/21344/000110465914067506/0001104659-14-067506-index.htm,"Current report, items 8.01 and 9.01
Acc-no: 0001104659-14-067506 (34 Act)  Size: 88 KB",9/22/2014
8-A12B,https://www.sec.gov/Archives/edgar/data/21344/000110465914067294/0001104659-14-067294-index.htm,"Registration of securities [Section 12(b)]
Acc-no: 0001104659-14-067294 (34 Act)  Size: 191 KB",9/19/2014
8-K,https://www.sec.gov/Archives/edgar/data/21344/000110465914067124/0001104659-14-067124-index.htm,"Current report, items 8.01 and 9.01
Acc-no: 0001104659-14-067124 (34 Act)  Size: 252 KB",9/19/2014
424B2,https://www.sec.gov/Archives/edgar/data/21344/000104746914007699/0001047469-14-007699-index.htm,"Prospectus [Rule 424(b)(2)]
Acc-no: 0001047469-14-007699 (33 Act)  Size: 589 KB",9/17/2014
FWP,https://www.sec.gov/Archives/edgar/data/21344/000110465914066307/0001104659-14-066307-index.htm,"Filing under Securities Act Rules 163/433 of free writing prospectuses
Acc-no: 0001104659-14-066307 (34 Act)  Size: 30 KB",9/15/2014
424B5,https://www.sec.gov/Archives/edgar/data/21344/000104746914007613/0001047469-14-007613-index.htm,"Prospectus [Rule 424(b)(5)]
Acc-no: 0001047469-14-007613 (33 Act)  Size: 584 KB",9/15/2014
4,https://www.sec.gov/Archives/edgar/data/21344/000112760214027174/0001127602-14-027174-index.htm,"Statement of changes in beneficial ownership of securities
Acc-no: 0001127602-14-027174 Size: 8 KB",9/4/2014
SC 13D/A,https://www.sec.gov/Archives/edgar/data/21344/000110465914064024/0001104659-14-064024-index.htm,"[Amend] General Statement of Acquisition of Beneficial Ownership
Acc-no: 0001104659-14-064024 Size: 1 MB",8/29/2014
SC 13D/A,https://www.sec.gov/Archives/edgar/data/21344/000002134414000031/0000021344-14-000031-index.htm,"[Amend] General Statement of Acquisition of Beneficial Ownership
Acc-no: 0000021344-14-000031 Size: 623 KB",8/22/2014
8-K,https://www.sec.gov/Archives/edgar/data/21344/000134100414000716/0001341004-14-000716-index.htm,"Current report, items 8.01 and 9.01
Acc-no: 0001341004-14-000716 (34 Act)  Size: 127 KB",8/20/2014
425,https://www.sec.gov/Archives/edgar/data/21344/000134100414000717/0001341004-14-000717-index.htm,"Prospectuses and communications, business combinations
Acc-no: 0001341004-14-000717 Size: 127 KB",8/20/2014
4,https://www.sec.gov/Archives/edgar/data/21344/000112760214025834/0001127602-14-025834-index.htm,"Statement of changes in beneficial ownership of securities
Acc-no: 0001127602-14-025834 Size: 10 KB",8/19/2014
8-K,https://www.sec.gov/Archives/edgar/data/21344/000002134414000027/0000021344-14-000027-index.htm,"Current report, items 2.02 and 9.01
Acc-no: 0000021344-14-000027 (34 Act)  Size: 1 MB",7/22/2014
4,https://www.sec.gov/Archives/edgar/data/21344/000112760214022826/0001127602-14-022826-index.htm,"Statement of changes in beneficial ownership of securities
Acc-no: 0001127602-14-022826 Size: 7 KB",7/3/2014
4,https://www.sec.gov/Archives/edgar/data/21344/000112760214022823/0001127602-14-022823-index.htm,"Statement of changes in beneficial ownership of securities
Acc-no: 0001127602-14-022823 Size: 6 KB",7/3/2014
4,https://www.sec.gov/Archives/edgar/data/21344/000112760214022821/0001127602-14-022821-index.htm,"Statement of changes in beneficial ownership of securities
Acc-no: 0001127602-14-022821 Size: 6 KB",7/3/2014
4,https://www.sec.gov/Archives/edgar/data/21344/000112760214022819/0001127602-14-022819-index.htm,"Statement of changes in beneficial ownership of securities
Acc-no: 0001127602-14-022819 Size: 6 KB",7/3/2014
4,https://www.sec.gov/Archives/edgar/data/21344/000112760214022816/0001127602-14-022816-index.htm,"Statement of changes in beneficial ownership of securities
Acc-no: 0001127602-14-022816 Size: 6 KB",7/3/2014
4,https://www.sec.gov/Archives/edgar/data/21344/000112760214022814/0001127602-14-022814-index.htm,"Statement of changes in beneficial ownership of securities
Acc-no: 0001127602-14-022814 Size: 6 KB",7/3/2014
4,https://www.sec.gov/Archives/edgar/data/21344/000112760214022812/0001127602-14-022812-index.htm,"Statement of changes in beneficial ownership of securities
Acc-no: 0001127602-14-022812 Size: 5 KB",7/3/2014
4,https://www.sec.gov/Archives/edgar/data/21344/000112760214022810/0001127602-14-022810-index.htm,"Statement of changes in beneficial ownership of securities
Acc-no: 0001127602-14-022810 Size: 6 KB",7/3/2014
4,https://www.sec.gov/Archives/edgar/data/21344/000112760214022808/0001127602-14-022808-index.htm,"Statement of changes in beneficial ownership of securities
Acc-no: 0001127602-14-022808 Size: 6 KB",7/3/2014
4,https://www.sec.gov/Archives/edgar/data/21344/000112760214022806/0001127602-14-022806-index.htm,"Statement of changes in beneficial ownership of securities
Acc-no: 0001127602-14-022806 Size: 6 KB",7/3/2014
4,https://www.sec.gov/Archives/edgar/data/21344/000112760214022801/0001127602-14-022801-index.htm,"Statement of changes in beneficial ownership of securities
Acc-no: 0001127602-14-022801 Size: 6 KB",7/3/2014
4,https://www.sec.gov/Archives/edgar/data/21344/000112760214022798/0001127602-14-022798-index.htm,"Statement of changes in beneficial ownership of securities
Acc-no: 0001127602-14-022798 Size: 6 KB",7/3/2014
4,https://www.sec.gov/Archives/edgar/data/21344/000112760214022795/0001127602-14-022795-index.htm,"Statement of changes in beneficial ownership of securities
Acc-no: 0001127602-14-022795 Size: 6 KB",7/3/2014
4,https://www.sec.gov/Archives/edgar/data/21344/000112760214022793/0001127602-14-022793-index.htm,"Statement of changes in beneficial ownership of securities
Acc-no: 0001127602-14-022793 Size: 7 KB",7/3/2014
11-K,https://www.sec.gov/Archives/edgar/data/21344/000110465914049377/0001104659-14-049377-index.htm,"Annual report of employee stock purchase, savings and similar plans
Acc-no: 0001104659-14-049377 (34 Act)  Size: 486 KB",6/30/2014
11-K,https://www.sec.gov/Archives/edgar/data/21344/000110465914049376/0001104659-14-049376-index.htm,"Annual report of employee stock purchase, savings and similar plans
Acc-no: 0001104659-14-049376 (34 Act)  Size: 481 KB",6/30/2014
11-K,https://www.sec.gov/Archives/edgar/data/21344/000110465914049368/0001104659-14-049368-index.htm,"Annual report of employee stock purchase, savings and similar plans
Acc-no: 0001104659-14-049368 (34 Act)  Size: 540 KB",6/30/2014
11-K,https://www.sec.gov/Archives/edgar/data/21344/000110465914049366/0001104659-14-049366-index.htm,"Annual report of employee stock purchase, savings and similar plans
Acc-no: 0001104659-14-049366 (34 Act)  Size: 521 KB",6/30/2014
4,https://www.sec.gov/Archives/edgar/data/21344/000112760214021829/0001127602-14-021829-index.htm,"Statement of changes in beneficial ownership of securities
Acc-no: 0001127602-14-021829 Size: 10 KB",6/30/2014
11-K,https://www.sec.gov/Archives/edgar/data/21344/000002134414000024/0000021344-14-000024-index.htm,"Annual report of employee stock purchase, savings and similar plans
Acc-no: 0000021344-14-000024 (34 Act)  Size: 466 KB",6/27/2014
11-K,https://www.sec.gov/Archives/edgar/data/21344/000002134414000023/0000021344-14-000023-index.htm,"Annual report of employee stock purchase, savings and similar plans
Acc-no: 0000021344-14-000023 (34 Act)  Size: 330 KB",6/27/2014
4,https://www.sec.gov/Archives/edgar/data/21344/000112760214018323/0001127602-14-018323-index.htm,"Statement of changes in beneficial ownership of securities
Acc-no: 0001127602-14-018323 Size: 7 KB",5/21/2014
4,https://www.sec.gov/Archives/edgar/data/21344/000112760214017859/0001127602-14-017859-index.htm,"Statement of changes in beneficial ownership of securities
Acc-no: 0001127602-14-017859 Size: 12 KB",5/16/2014
4,https://www.sec.gov/Archives/edgar/data/21344/000112760214017686/0001127602-14-017686-index.htm,"Statement of changes in beneficial ownership of securities
Acc-no: 0001127602-14-017686 Size: 8 KB",5/15/2014
4,https://www.sec.gov/Archives/edgar/data/21344/000112760214017324/0001127602-14-017324-index.htm,"Statement of changes in beneficial ownership of securities
Acc-no: 0001127602-14-017324 Size: 15 KB",5/13/2014
SC 13D/A,https://www.sec.gov/Archives/edgar/data/21344/000110465914037797/0001104659-14-037797-index.htm,"[Amend] General Statement of Acquisition of Beneficial Ownership
Acc-no: 0001104659-14-037797 Size: 1 MB",5/13/2014
4,https://www.sec.gov/Archives/edgar/data/21344/000110465914037794/0001104659-14-037794-index.htm,"Statement of changes in beneficial ownership of securities
Acc-no: 0001104659-14-037794 (34 Act)  Size: 32 KB",5/12/2014
SC 13D/A,https://www.sec.gov/Archives/edgar/data/21344/000110465914036465/0001104659-14-036465-index.htm,"[Amend] General Statement of Acquisition of Beneficial Ownership
Acc-no: 0001104659-14-036465 Size: 1 MB",5/8/2014
4,https://www.sec.gov/Archives/edgar/data/21344/000112760214016698/0001127602-14-016698-index.htm,"Statement of changes in beneficial ownership of securities
Acc-no: 0001127602-14-016698 Size: 11 KB",5/7/2014
4,https://www.sec.gov/Archives/edgar/data/21344/000112760214015978/0001127602-14-015978-index.htm,"Statement of changes in beneficial ownership of securities
Acc-no: 0001127602-14-015978 Size: 7 KB",5/2/2014
4,https://www.sec.gov/Archives/edgar/data/21344/000112760214015975/0001127602-14-015975-index.htm,"Statement of changes in beneficial ownership of securities
Acc-no: 0001127602-14-015975 Size: 7 KB",5/2/2014
3,https://www.sec.gov/Archives/edgar/data/21344/000112760214015971/0001127602-14-015971-index.htm,"Initial statement of beneficial ownership of securities
Acc-no: 0001127602-14-015971 Size: 15 KB",5/2/2014
10-Q/A,https://www.sec.gov/Archives/edgar/data/21344/000002134414000018/0000021344-14-000018-index.htm,"[Amend] Quarterly report [Sections 13 or 15(d)]
Acc-no: 0000021344-14-000018 (34 Act)  Size: 458 KB",4/30/2014
S-8,https://www.sec.gov/Archives/edgar/data/21344/000110465914031758/0001104659-14-031758-index.htm,"Securities to be offered to employees in employee benefit plans
Acc-no: 0001104659-14-031758 (33 Act)  Size: 409 KB",4/29/2014
S-8 POS,https://www.sec.gov/Archives/edgar/data/21344/000110465914031757/0001104659-14-031757-index.htm,"Securities to be offered to employees in employee benefit plans, post-effective amendments
Acc-no: 0001104659-14-031757 (33 Act)  Size: 140 KB",4/29/2014
8-K,https://www.sec.gov/Archives/edgar/data/21344/000110465914030524/0001104659-14-030524-index.htm,"Current report, items 5.02 and 9.01
Acc-no: 0001104659-14-030524 (34 Act)  Size: 203 KB",4/25/2014
8-K,https://www.sec.gov/Archives/edgar/data/21344/000130817914000200/0001308179-14-000200-index.htm,"Current report, items 5.02, 5.07, and 9.01
Acc-no: 0001308179-14-000200 (34 Act)  Size: 245 KB",4/23/2014
PX14A6G,https://www.sec.gov/Archives/edgar/data/21344/000091957414002689/0000919574-14-002689-index.htm,"Notice of exempt solicitation submitted by non-management
Acc-no: 0000919574-14-002689 (34 Act)  Size: 321 KB",4/22/2014
PX14A6G,https://www.sec.gov/Archives/edgar/data/21344/000091957414002687/0000919574-14-002687-index.htm,"Notice of exempt solicitation submitted by non-management
Acc-no: 0000919574-14-002687 (34 Act)  Size: 58 KB",4/22/2014
PX14A6G,https://www.sec.gov/Archives/edgar/data/21344/000091957414002678/0000919574-14-002678-index.htm,"Notice of exempt solicitation submitted by non-management
Acc-no: 0000919574-14-002678 (34 Act)  Size: 45 KB",4/21/2014
8-K,https://www.sec.gov/Archives/edgar/data/21344/000002134414000012/0000021344-14-000012-index.htm,"Current report, items 2.02 and 9.01
Acc-no: 0000021344-14-000012 (34 Act)  Size: 1 MB",4/15/2014
PX14A6G,https://www.sec.gov/Archives/edgar/data/21344/000091957414002629/0000919574-14-002629-index.htm,"Notice of exempt solicitation submitted by non-management
Acc-no: 0000919574-14-002629 (34 Act)  Size: 58 KB",4/15/2014
PX14A6G,https://www.sec.gov/Archives/edgar/data/21344/000091957414002619/0000919574-14-002619-index.htm,"Notice of exempt solicitation submitted by non-management
Acc-no: 0000919574-14-002619 (34 Act)  Size: 335 KB",4/14/2014
PX14A6G,https://www.sec.gov/Archives/edgar/data/21344/000091957414002596/0000919574-14-002596-index.htm,"Notice of exempt solicitation submitted by non-management
Acc-no: 0000919574-14-002596 (34 Act)  Size: 971 KB",4/10/2014
DEFA14A,https://www.sec.gov/Archives/edgar/data/21344/000130817914000125/0001308179-14-000125-index.htm,"Additional definitive proxy soliciting materials and Rule 14(a)(12) material
Acc-no: 0001308179-14-000125 (34 Act)  Size: 71 KB",4/3/2014
PX14A6G,https://www.sec.gov/Archives/edgar/data/21344/000091957414002505/0000919574-14-002505-index.htm,"Notice of exempt solicitation submitted by non-management
Acc-no: 0000919574-14-002505 (34 Act)  Size: 17 KB",4/3/2014
PX14A6G,https://www.sec.gov/Archives/edgar/data/21344/000091957414002503/0000919574-14-002503-index.htm,"Notice of exempt solicitation submitted by non-management
Acc-no: 0000919574-14-002503 (34 Act)  Size: 2 MB",4/3/2014
4,https://www.sec.gov/Archives/edgar/data/21344/000112760214013967/0001127602-14-013967-index.htm,"Statement of changes in beneficial ownership of securities
Acc-no: 0001127602-14-013967 Size: 6 KB",4/3/2014
4,https://www.sec.gov/Archives/edgar/data/21344/000112760214013964/0001127602-14-013964-index.htm,"Statement of changes in beneficial ownership of securities
Acc-no: 0001127602-14-013964 Size: 7 KB",4/3/2014
4,https://www.sec.gov/Archives/edgar/data/21344/000112760214013962/0001127602-14-013962-index.htm,"Statement of changes in beneficial ownership of securities
Acc-no: 0001127602-14-013962 Size: 7 KB",4/3/2014
4,https://www.sec.gov/Archives/edgar/data/21344/000112760214013960/0001127602-14-013960-index.htm,"Statement of changes in beneficial ownership of securities
Acc-no: 0001127602-14-013960 Size: 6 KB",4/3/2014
4,https://www.sec.gov/Archives/edgar/data/21344/000112760214013958/0001127602-14-013958-index.htm,"Statement of changes in beneficial ownership of securities
Acc-no: 0001127602-14-013958 Size: 6 KB",4/3/2014
4,https://www.sec.gov/Archives/edgar/data/21344/000112760214013956/0001127602-14-013956-index.htm,"Statement of changes in beneficial ownership of securities
Acc-no: 0001127602-14-013956 Size: 6 KB",4/3/2014
4,https://www.sec.gov/Archives/edgar/data/21344/000112760214013953/0001127602-14-013953-index.htm,"Statement of changes in beneficial ownership of securities
Acc-no: 0001127602-14-013953 Size: 7 KB",4/3/2014
4,https://www.sec.gov/Archives/edgar/data/21344/000112760214013950/0001127602-14-013950-index.htm,"Statement of changes in beneficial ownership of securities
Acc-no: 0001127602-14-013950 Size: 6 KB",4/3/2014
4,https://www.sec.gov/Archives/edgar/data/21344/000112760214013948/0001127602-14-013948-index.htm,"Statement of changes in beneficial ownership of securities
Acc-no: 0001127602-14-013948 Size: 6 KB",4/3/2014
4,https://www.sec.gov/Archives/edgar/data/21344/000112760214013946/0001127602-14-013946-index.htm,"Statement of changes in beneficial ownership of securities
Acc-no: 0001127602-14-013946 Size: 6 KB",4/3/2014
4,https://www.sec.gov/Archives/edgar/data/21344/000112760214013944/0001127602-14-013944-index.htm,"Statement of changes in beneficial ownership of securities
Acc-no: 0001127602-14-013944 Size: 6 KB",4/3/2014
4,https://www.sec.gov/Archives/edgar/data/21344/000112760214013941/0001127602-14-013941-index.htm,"Statement of changes in beneficial ownership of securities
Acc-no: 0001127602-14-013941 Size: 6 KB",4/3/2014
4,https://www.sec.gov/Archives/edgar/data/21344/000112760214013937/0001127602-14-013937-index.htm,"Statement of changes in beneficial ownership of securities
Acc-no: 0001127602-14-013937 Size: 6 KB",4/3/2014
4,https://www.sec.gov/Archives/edgar/data/21344/000112760214013935/0001127602-14-013935-index.htm,"Statement of changes in beneficial ownership of securities
Acc-no: 0001127602-14-013935 Size: 6 KB",4/3/2014
4,https://www.sec.gov/Archives/edgar/data/21344/000112760214013933/0001127602-14-013933-index.htm,"Statement of changes in beneficial ownership of securities
Acc-no: 0001127602-14-013933 Size: 6 KB",4/3/2014
4,https://www.sec.gov/Archives/edgar/data/21344/000112760214013931/0001127602-14-013931-index.htm,"Statement of changes in beneficial ownership of securities
Acc-no: 0001127602-14-013931 Size: 7 KB",4/3/2014
DEFA14A,https://www.sec.gov/Archives/edgar/data/21344/000130817914000116/0001308179-14-000116-index.htm,"Additional definitive proxy soliciting materials and Rule 14(a)(12) material
Acc-no: 0001308179-14-000116 (34 Act)  Size: 71 KB",3/28/2014
4,https://www.sec.gov/Archives/edgar/data/21344/000112760214012201/0001127602-14-012201-index.htm,"Statement of changes in beneficial ownership of securities
Acc-no: 0001127602-14-012201 Size: 9 KB",3/19/2014
4,https://www.sec.gov/Archives/edgar/data/21344/000112760214011550/0001127602-14-011550-index.htm,"Statement of changes in beneficial ownership of securities
Acc-no: 0001127602-14-011550 Size: 11 KB",3/14/2014
4,https://www.sec.gov/Archives/edgar/data/21344/000112760214011455/0001127602-14-011455-index.htm,"Statement of changes in beneficial ownership of securities
Acc-no: 0001127602-14-011455 Size: 7 KB",3/13/2014
3,https://www.sec.gov/Archives/edgar/data/21344/000120919114018857/0001209191-14-018857-index.htm,"Initial statement of beneficial ownership of securities
Acc-no: 0001209191-14-018857 (34 Act)  Size: 6 KB",3/10/2014
SC 13D,https://www.sec.gov/Archives/edgar/data/21344/000134100414000179/0001341004-14-000179-index.htm,"General Statement of Acquisition of Beneficial Ownership
Acc-no: 0001341004-14-000179 Size: 590 KB",3/10/2014
8-K,https://www.sec.gov/Archives/edgar/data/21344/000110465914017583/0001104659-14-017583-index.htm,"Current report, items 8.01 and 9.01
Acc-no: 0001104659-14-017583 (34 Act)  Size: 293 KB",3/7/2014
DEFA14A,https://www.sec.gov/Archives/edgar/data/21344/000130817914000051/0001308179-14-000051-index.htm,"Additional definitive proxy soliciting materials and Rule 14(a)(12) material
Acc-no: 0001308179-14-000051 (34 Act)  Size: 5 MB",3/7/2014
DEFA14A,https://www.sec.gov/Archives/edgar/data/21344/000130817914000050/0001308179-14-000050-index.htm,"Additional definitive proxy soliciting materials and Rule 14(a)(12) material
Acc-no: 0001308179-14-000050 (34 Act)  Size: 1 MB",3/7/2014
DEF 14A,https://www.sec.gov/Archives/edgar/data/21344/000130817914000049/0001308179-14-000049-index.htm,"Other definitive proxy statements
Acc-no: 0001308179-14-000049 (34 Act)  Size: 12 MB",3/7/2014
424B2,https://www.sec.gov/Archives/edgar/data/21344/000104746914001836/0001047469-14-001836-index.htm,"Prospectus [Rule 424(b)(2)]
Acc-no: 0001047469-14-001836 (33 Act)  Size: 455 KB",3/5/2014
FWP,https://www.sec.gov/Archives/edgar/data/21344/000110465914015883/0001104659-14-015883-index.htm,"Filing under Securities Act Rules 163/433 of free writing prospectuses
Acc-no: 0001104659-14-015883 (34 Act)  Size: 30 KB",3/4/2014
4,https://www.sec.gov/Archives/edgar/data/21344/000112760214009892/0001127602-14-009892-index.htm,"Statement of changes in beneficial ownership of securities
Acc-no: 0001127602-14-009892 Size: 7 KB",3/4/2014
4,https://www.sec.gov/Archives/edgar/data/21344/000112760214009889/0001127602-14-009889-index.htm,"Statement of changes in beneficial ownership of securities
Acc-no: 0001127602-14-009889 Size: 5 KB",3/4/2014
424B5,https://www.sec.gov/Archives/edgar/data/21344/000104746914001732/0001047469-14-001732-index.htm,"Prospectus [Rule 424(b)(5)]
Acc-no: 0001047469-14-001732 (33 Act)  Size: 453 KB",3/4/2014
S-8 POS,https://www.sec.gov/Archives/edgar/data/21344/000110465914014604/0001104659-14-014604-index.htm,"Securities to be offered to employees in employee benefit plans, post-effective amendments
Acc-no: 0001104659-14-014604 (33 Act)  Size: 165 KB",2/28/2014
S-8 POS,https://www.sec.gov/Archives/edgar/data/21344/000110465914014603/0001104659-14-014603-index.htm,"Securities to be offered to employees in employee benefit plans, post-effective amendments
Acc-no: 0001104659-14-014603 (33 Act)  Size: 164 KB",2/28/2014
S-8,https://www.sec.gov/Archives/edgar/data/21344/000110465914014602/0001104659-14-014602-index.htm,"Securities to be offered to employees in employee benefit plans
Acc-no: 0001104659-14-014602 (33 Act)  Size: 206 KB",2/28/2014
S-8,https://www.sec.gov/Archives/edgar/data/21344/000110465914014600/0001104659-14-014600-index.htm,"Securities to be offered to employees in employee benefit plans
Acc-no: 0001104659-14-014600 (33 Act)  Size: 206 KB",2/28/2014
4,https://www.sec.gov/Archives/edgar/data/21344/000112760214009137/0001127602-14-009137-index.htm,"Statement of changes in beneficial ownership of securities
Acc-no: 0001127602-14-009137 Size: 5 KB",2/28/2014
4,https://www.sec.gov/Archives/edgar/data/21344/000112760214008558/0001127602-14-008558-index.htm,"Statement of changes in beneficial ownership of securities
Acc-no: 0001127602-14-008558 Size: 9 KB",2/26/2014
4,https://www.sec.gov/Archives/edgar/data/21344/000112760214008557/0001127602-14-008557-index.htm,"Statement of changes in beneficial ownership of securities
Acc-no: 0001127602-14-008557 Size: 6 KB",2/26/2014
4,https://www.sec.gov/Archives/edgar/data/21344/000112760214008556/0001127602-14-008556-index.htm,"Statement of changes in beneficial ownership of securities
Acc-no: 0001127602-14-008556 Size: 6 KB",2/26/2014
4,https://www.sec.gov/Archives/edgar/data/21344/000112760214007945/0001127602-14-007945-index.htm,"Statement of changes in beneficial ownership of securities
Acc-no: 0001127602-14-007945 Size: 5 KB",2/24/2014
4,https://www.sec.gov/Archives/edgar/data/21344/000112760214007942/0001127602-14-007942-index.htm,"Statement of changes in beneficial ownership of securities
Acc-no: 0001127602-14-007942 Size: 8 KB",2/24/2014
4,https://www.sec.gov/Archives/edgar/data/21344/000112760214007940/0001127602-14-007940-index.htm,"Statement of changes in beneficial ownership of securities
Acc-no: 0001127602-14-007940 Size: 9 KB",2/24/2014
4,https://www.sec.gov/Archives/edgar/data/21344/000112760214007937/0001127602-14-007937-index.htm,"Statement of changes in beneficial ownership of securities
Acc-no: 0001127602-14-007937 Size: 9 KB",2/24/2014
4,https://www.sec.gov/Archives/edgar/data/21344/000112760214007929/0001127602-14-007929-index.htm,"Statement of changes in beneficial ownership of securities
Acc-no: 0001127602-14-007929 Size: 8 KB",2/24/2014
4,https://www.sec.gov/Archives/edgar/data/21344/000112760214007922/0001127602-14-007922-index.htm,"Statement of changes in beneficial ownership of securities
Acc-no: 0001127602-14-007922 Size: 9 KB",2/24/2014
4,https://www.sec.gov/Archives/edgar/data/21344/000112760214007912/0001127602-14-007912-index.htm,"Statement of changes in beneficial ownership of securities
Acc-no: 0001127602-14-007912 Size: 8 KB",2/24/2014
4,https://www.sec.gov/Archives/edgar/data/21344/000112760214007907/0001127602-14-007907-index.htm,"Statement of changes in beneficial ownership of securities
Acc-no: 0001127602-14-007907 Size: 10 KB",2/24/2014
4,https://www.sec.gov/Archives/edgar/data/21344/000112760214007905/0001127602-14-007905-index.htm,"Statement of changes in beneficial ownership of securities
Acc-no: 0001127602-14-007905 Size: 5 KB",2/24/2014
4,https://www.sec.gov/Archives/edgar/data/21344/000112760214007895/0001127602-14-007895-index.htm,"Statement of changes in beneficial ownership of securities
Acc-no: 0001127602-14-007895 Size: 5 KB",2/24/2014
4,https://www.sec.gov/Archives/edgar/data/21344/000112760214007891/0001127602-14-007891-index.htm,"Statement of changes in beneficial ownership of securities
Acc-no: 0001127602-14-007891 Size: 5 KB",2/24/2014
4,https://www.sec.gov/Archives/edgar/data/21344/000112760214007885/0001127602-14-007885-index.htm,"Statement of changes in beneficial ownership of securities
Acc-no: 0001127602-14-007885 Size: 8 KB",2/24/2014
4,https://www.sec.gov/Archives/edgar/data/21344/000112760214007880/0001127602-14-007880-index.htm,"Statement of changes in beneficial ownership of securities
Acc-no: 0001127602-14-007880 Size: 9 KB",2/24/2014
4,https://www.sec.gov/Archives/edgar/data/21344/000112760214007876/0001127602-14-007876-index.htm,"Statement of changes in beneficial ownership of securities
Acc-no: 0001127602-14-007876 Size: 9 KB",2/24/2014
4,https://www.sec.gov/Archives/edgar/data/21344/000112760214007861/0001127602-14-007861-index.htm,"Statement of changes in beneficial ownership of securities
Acc-no: 0001127602-14-007861 Size: 8 KB",2/24/2014
8-K,https://www.sec.gov/Archives/edgar/data/21344/000110465914012209/0001104659-14-012209-index.htm,"Current report, items 5.02 and 9.01
Acc-no: 0001104659-14-012209 (34 Act)  Size: 179 KB",2/21/2014
4,https://www.sec.gov/Archives/edgar/data/21344/000112760214007395/0001127602-14-007395-index.htm,"Statement of changes in beneficial ownership of securities
Acc-no: 0001127602-14-007395 Size: 8 KB",2/20/2014
4,https://www.sec.gov/Archives/edgar/data/21344/000112760214007389/0001127602-14-007389-index.htm,"Statement of changes in beneficial ownership of securities
Acc-no: 0001127602-14-007389 Size: 4 KB",2/20/2014
4,https://www.sec.gov/Archives/edgar/data/21344/000112760214007383/0001127602-14-007383-index.htm,"Statement of changes in beneficial ownership of securities
Acc-no: 0001127602-14-007383 Size: 7 KB",2/20/2014
4,https://www.sec.gov/Archives/edgar/data/21344/000112760214007378/0001127602-14-007378-index.htm,"Statement of changes in beneficial ownership of securities
Acc-no: 0001127602-14-007378 Size: 7 KB",2/20/2014
4,https://www.sec.gov/Archives/edgar/data/21344/000112760214007376/0001127602-14-007376-index.htm,"Statement of changes in beneficial ownership of securities
Acc-no: 0001127602-14-007376 Size: 8 KB",2/20/2014
4,https://www.sec.gov/Archives/edgar/data/21344/000112760214007374/0001127602-14-007374-index.htm,"Statement of changes in beneficial ownership of securities
Acc-no: 0001127602-14-007374 Size: 7 KB",2/20/2014
4,https://www.sec.gov/Archives/edgar/data/21344/000112760214007372/0001127602-14-007372-index.htm,"Statement of changes in beneficial ownership of securities
Acc-no: 0001127602-14-007372 Size: 7 KB",2/20/2014
4,https://www.sec.gov/Archives/edgar/data/21344/000112760214007370/0001127602-14-007370-index.htm,"Statement of changes in beneficial ownership of securities
Acc-no: 0001127602-14-007370 Size: 4 KB",2/20/2014
4,https://www.sec.gov/Archives/edgar/data/21344/000112760214007366/0001127602-14-007366-index.htm,"Statement of changes in beneficial ownership of securities
Acc-no: 0001127602-14-007366 Size: 7 KB",2/20/2014
4,https://www.sec.gov/Archives/edgar/data/21344/000112760214007362/0001127602-14-007362-index.htm,"Statement of changes in beneficial ownership of securities
Acc-no: 0001127602-14-007362 Size: 4 KB",2/20/2014
4,https://www.sec.gov/Archives/edgar/data/21344/000112760214007360/0001127602-14-007360-index.htm,"Statement of changes in beneficial ownership of securities
Acc-no: 0001127602-14-007360 Size: 4 KB",2/20/2014
4,https://www.sec.gov/Archives/edgar/data/21344/000112760214007358/0001127602-14-007358-index.htm,"Statement of changes in beneficial ownership of securities
Acc-no: 0001127602-14-007358 Size: 4 KB",2/20/2014
4,https://www.sec.gov/Archives/edgar/data/21344/000112760214007356/0001127602-14-007356-index.htm,"Statement of changes in beneficial ownership of securities
Acc-no: 0001127602-14-007356 Size: 10 KB",2/20/2014
4,https://www.sec.gov/Archives/edgar/data/21344/000112760214007352/0001127602-14-007352-index.htm,"Statement of changes in beneficial ownership of securities
Acc-no: 0001127602-14-007352 Size: 6 KB",2/20/2014
4,https://www.sec.gov/Archives/edgar/data/21344/000112760214007349/0001127602-14-007349-index.htm,"Statement of changes in beneficial ownership of securities
Acc-no: 0001127602-14-007349 Size: 7 KB",2/20/2014
4,https://www.sec.gov/Archives/edgar/data/21344/000112760214007347/0001127602-14-007347-index.htm,"Statement of changes in beneficial ownership of securities
Acc-no: 0001127602-14-007347 Size: 7 KB",2/20/2014
4,https://www.sec.gov/Archives/edgar/data/21344/000112760214007345/0001127602-14-007345-index.htm,"Statement of changes in beneficial ownership of securities
Acc-no: 0001127602-14-007345 Size: 7 KB",2/20/2014
8-K,https://www.sec.gov/Archives/edgar/data/21344/000110465914011382/0001104659-14-011382-index.htm,"Current report, items 5.02 and 9.01
Acc-no: 0001104659-14-011382 (34 Act)  Size: 473 KB",2/19/2014
8-K,https://www.sec.gov/Archives/edgar/data/21344/000002134414000005/0000021344-14-000005-index.htm,"Current report, items 2.02 and 9.01
Acc-no: 0000021344-14-000005 (34 Act)  Size: 2 MB",2/18/2014
SC 13G/A,https://www.sec.gov/Archives/edgar/data/21344/000090342314000091/0000903423-14-000091-index.htm,"[Amend] Statement of Beneficial Ownership by Certain Investors
Acc-no: 0000903423-14-000091 Size: 113 KB",2/14/2014
3/A,https://www.sec.gov/Archives/edgar/data/21344/000112760214005492/0001127602-14-005492-index.htm,"[Amend] Initial statement of beneficial ownership of securities
Acc-no: 0001127602-14-005492 Size: 3 KB",2/11/2014
SC 13G,https://www.sec.gov/Archives/edgar/data/21344/000130522714000143/0001305227-14-000143-index.htm,"Statement of Beneficial Ownership by Certain Investors
Acc-no: 0001305227-14-000143 (34 Act)  Size: 13 KB",2/11/2014
8-K,https://www.sec.gov/Archives/edgar/data/21344/000134100414000091/0001341004-14-000091-index.htm,"Current report, items 8.01 and 9.01
Acc-no: 0001341004-14-000091 (34 Act)  Size: 124 KB",2/6/2014
8-K,https://www.sec.gov/Archives/edgar/data/21344/000110465914003975/0001104659-14-003975-index.htm,"Current report, items 5.02 and 9.01
Acc-no: 0001104659-14-003975 (34 Act)  Size: 116 KB",1/24/2014
NO ACT,https://www.sec.gov/Archives/edgar/data/21344/999999999714000806/9999999997-14-000806-index.htm,"[Paper]No Action Letter
Acc-no: 9999999997-14-000806 (34 Act)  Size: 1 KB",1/16/2014
NO ACT,https://www.sec.gov/Archives/edgar/data/21344/999999999714000602/9999999997-14-000602-index.htm,"[Paper]No Action Letter
Acc-no: 9999999997-14-000602 (34 Act)  Size: 1 KB",1/15/2014
NO ACT,https://www.sec.gov/Archives/edgar/data/21344/999999999714000600/9999999997-14-000600-index.htm,"[Paper]No Action Letter
Acc-no: 9999999997-14-000600 (34 Act)  Size: 1 KB",1/15/2014
3,https://www.sec.gov/Archives/edgar/data/21344/000112760214001596/0001127602-14-001596-index.htm,"Initial statement of beneficial ownership of securities
Acc-no: 0001127602-14-001596 Size: 25 KB",1/9/2014
NO ACT,https://www.sec.gov/Archives/edgar/data/21344/999999999714000861/9999999997-14-000861-index.htm,"[Paper]No Action Letter
Acc-no: 9999999997-14-000861 (34 Act)  Size: 1 KB",1/8/2014
NO ACT,https://www.sec.gov/Archives/edgar/data/21344/999999999714000588/9999999997-14-000588-index.htm,"[Paper]No Action Letter
Acc-no: 9999999997-14-000588 (34 Act)  Size: 1 KB",1/8/2014
NO ACT,https://www.sec.gov/Archives/edgar/data/21344/999999999714000730/9999999997-14-000730-index.htm,"[Paper]No Action Letter
Acc-no: 9999999997-14-000730 (34 Act)  Size: 1 KB",1/6/2014
4,https://www.sec.gov/Archives/edgar/data/21344/000112760213035055/0001127602-13-035055-index.htm,"Statement of changes in beneficial ownership of securities
Acc-no: 0001127602-13-035055 Size: 6 KB",12/18/2013
4,https://www.sec.gov/Archives/edgar/data/21344/000112760213035051/0001127602-13-035051-index.htm,"Statement of changes in beneficial ownership of securities
Acc-no: 0001127602-13-035051 Size: 7 KB",12/18/2013
4,https://www.sec.gov/Archives/edgar/data/21344/000112760213035041/0001127602-13-035041-index.htm,"Statement of changes in beneficial ownership of securities
Acc-no: 0001127602-13-035041 Size: 6 KB",12/18/2013
4,https://www.sec.gov/Archives/edgar/data/21344/000112760213035038/0001127602-13-035038-index.htm,"Statement of changes in beneficial ownership of securities
Acc-no: 0001127602-13-035038 Size: 6 KB",12/18/2013
4,https://www.sec.gov/Archives/edgar/data/21344/000112760213035035/0001127602-13-035035-index.htm,"Statement of changes in beneficial ownership of securities
Acc-no: 0001127602-13-035035 Size: 6 KB",12/18/2013
4,https://www.sec.gov/Archives/edgar/data/21344/000112760213035032/0001127602-13-035032-index.htm,"Statement of changes in beneficial ownership of securities
Acc-no: 0001127602-13-035032 Size: 6 KB",12/18/2013
4,https://www.sec.gov/Archives/edgar/data/21344/000112760213035029/0001127602-13-035029-index.htm,"Statement of changes in beneficial ownership of securities
Acc-no: 0001127602-13-035029 Size: 6 KB",12/18/2013
4,https://www.sec.gov/Archives/edgar/data/21344/000112760213035025/0001127602-13-035025-index.htm,"Statement of changes in beneficial ownership of securities
Acc-no: 0001127602-13-035025 Size: 6 KB",12/18/2013
4,https://www.sec.gov/Archives/edgar/data/21344/000112760213035021/0001127602-13-035021-index.htm,"Statement of changes in beneficial ownership of securities
Acc-no: 0001127602-13-035021 Size: 5 KB",12/18/2013
4,https://www.sec.gov/Archives/edgar/data/21344/000112760213035019/0001127602-13-035019-index.htm,"Statement of changes in beneficial ownership of securities
Acc-no: 0001127602-13-035019 Size: 6 KB",12/18/2013
8-K,https://www.sec.gov/Archives/edgar/data/21344/000110465913090952/0001104659-13-090952-index.htm,"Current report, items 5.02 and 9.01
Acc-no: 0001104659-13-090952 (34 Act)  Size: 85 KB",12/18/2013
4,https://www.sec.gov/Archives/edgar/data/21344/000112760213035016/0001127602-13-035016-index.htm,"Statement of changes in beneficial ownership of securities
Acc-no: 0001127602-13-035016 Size: 6 KB",12/18/2013
4,https://www.sec.gov/Archives/edgar/data/21344/000112760213035014/0001127602-13-035014-index.htm,"Statement of changes in beneficial ownership of securities
Acc-no: 0001127602-13-035014 Size: 6 KB",12/18/2013
4,https://www.sec.gov/Archives/edgar/data/21344/000112760213035012/0001127602-13-035012-index.htm,"Statement of changes in beneficial ownership of securities
Acc-no: 0001127602-13-035012 Size: 6 KB",12/18/2013
4,https://www.sec.gov/Archives/edgar/data/21344/000112760213035008/0001127602-13-035008-index.htm,"Statement of changes in beneficial ownership of securities
Acc-no: 0001127602-13-035008 Size: 6 KB",12/18/2013
4,https://www.sec.gov/Archives/edgar/data/21344/000112760213035006/0001127602-13-035006-index.htm,"Statement of changes in beneficial ownership of securities
Acc-no: 0001127602-13-035006 Size: 6 KB",12/18/2013
4,https://www.sec.gov/Archives/edgar/data/21344/000112760213035004/0001127602-13-035004-index.htm,"Statement of changes in beneficial ownership of securities
Acc-no: 0001127602-13-035004 Size: 7 KB",12/18/2013
4,https://www.sec.gov/Archives/edgar/data/21344/000112760213031465/0001127602-13-031465-index.htm,"Statement of changes in beneficial ownership of securities
Acc-no: 0001127602-13-031465 Size: 11 KB",11/13/2013
4,https://www.sec.gov/Archives/edgar/data/21344/000112760213031463/0001127602-13-031463-index.htm,"Statement of changes in beneficial ownership of securities
Acc-no: 0001127602-13-031463 Size: 11 KB",11/13/2013
4,https://www.sec.gov/Archives/edgar/data/21344/000112760213031022/0001127602-13-031022-index.htm,"Statement of changes in beneficial ownership of securities
Acc-no: 0001127602-13-031022 Size: 11 KB",11/8/2013
8-K,https://www.sec.gov/Archives/edgar/data/21344/000110465913080068/0001104659-13-080068-index.htm,"Current report, items 8.01 and 9.01
Acc-no: 0001104659-13-080068 (34 Act)  Size: 594 KB",11/1/2013
424B2,https://www.sec.gov/Archives/edgar/data/21344/000104746913010114/0001047469-13-010114-index.htm,"Prospectus [Rule 424(b)(2)]
Acc-no: 0001047469-13-010114 (33 Act)  Size: 510 KB",10/31/2013
FWP,https://www.sec.gov/Archives/edgar/data/21344/000110465913078852/0001104659-13-078852-index.htm,"Filing under Securities Act Rules 163/433 of free writing prospectuses
Acc-no: 0001104659-13-078852 (34 Act)  Size: 37 KB",10/30/2013
FWP,https://www.sec.gov/Archives/edgar/data/21344/000110465913078853/0001104659-13-078853-index.htm,"Filing under Securities Act Rules 163/433 of free writing prospectuses
Acc-no: 0001104659-13-078853 (34 Act)  Size: 29 KB",10/30/2013
424B5,https://www.sec.gov/Archives/edgar/data/21344/000104746913010025/0001047469-13-010025-index.htm,"Prospectus [Rule 424(b)(5)]
Acc-no: 0001047469-13-010025 (33 Act)  Size: 503 KB",10/29/2013
S-3ASR,https://www.sec.gov/Archives/edgar/data/21344/000104746913010000/0001047469-13-010000-index.htm,"Automatic shelf registration statement of securities of well-known seasoned issuers
Acc-no: 0001047469-13-010000 (33 Act)  Size: 883 KB",10/28/2013
8-K,https://www.sec.gov/Archives/edgar/data/21344/000002134413000044/0000021344-13-000044-index.htm,"Current report, items 2.02 and 9.01
Acc-no: 0000021344-13-000044 (34 Act)  Size: 1 MB",10/15/2013
4,https://www.sec.gov/Archives/edgar/data/21344/000112760213028834/0001127602-13-028834-index.htm,"Statement of changes in beneficial ownership of securities
Acc-no: 0001127602-13-028834 Size: 6 KB",10/3/2013
4,https://www.sec.gov/Archives/edgar/data/21344/000112760213028832/0001127602-13-028832-index.htm,"Statement of changes in beneficial ownership of securities
Acc-no: 0001127602-13-028832 Size: 7 KB",10/3/2013
4,https://www.sec.gov/Archives/edgar/data/21344/000112760213028830/0001127602-13-028830-index.htm,"Statement of changes in beneficial ownership of securities
Acc-no: 0001127602-13-028830 Size: 6 KB",10/3/2013
4,https://www.sec.gov/Archives/edgar/data/21344/000112760213028829/0001127602-13-028829-index.htm,"Statement of changes in beneficial ownership of securities
Acc-no: 0001127602-13-028829 Size: 6 KB",10/3/2013
4,https://www.sec.gov/Archives/edgar/data/21344/000112760213028828/0001127602-13-028828-index.htm,"Statement of changes in beneficial ownership of securities
Acc-no: 0001127602-13-028828 Size: 6 KB",10/3/2013
4,https://www.sec.gov/Archives/edgar/data/21344/000112760213028827/0001127602-13-028827-index.htm,"Statement of changes in beneficial ownership of securities
Acc-no: 0001127602-13-028827 Size: 6 KB",10/3/2013
4,https://www.sec.gov/Archives/edgar/data/21344/000112760213028825/0001127602-13-028825-index.htm,"Statement of changes in beneficial ownership of securities
Acc-no: 0001127602-13-028825 Size: 6 KB",10/3/2013
4,https://www.sec.gov/Archives/edgar/data/21344/000112760213028823/0001127602-13-028823-index.htm,"Statement of changes in beneficial ownership of securities
Acc-no: 0001127602-13-028823 Size: 6 KB",10/3/2013
4,https://www.sec.gov/Archives/edgar/data/21344/000112760213028820/0001127602-13-028820-index.htm,"Statement of changes in beneficial ownership of securities
Acc-no: 0001127602-13-028820 Size: 5 KB",10/3/2013
4,https://www.sec.gov/Archives/edgar/data/21344/000112760213028816/0001127602-13-028816-index.htm,"Statement of changes in beneficial ownership of securities
Acc-no: 0001127602-13-028816 Size: 6 KB",10/3/2013
4,https://www.sec.gov/Archives/edgar/data/21344/000112760213028814/0001127602-13-028814-index.htm,"Statement of changes in beneficial ownership of securities
Acc-no: 0001127602-13-028814 Size: 6 KB",10/3/2013
4,https://www.sec.gov/Archives/edgar/data/21344/000112760213028811/0001127602-13-028811-index.htm,"Statement of changes in beneficial ownership of securities
Acc-no: 0001127602-13-028811 Size: 6 KB",10/3/2013
4,https://www.sec.gov/Archives/edgar/data/21344/000112760213028806/0001127602-13-028806-index.htm,"Statement of changes in beneficial ownership of securities
Acc-no: 0001127602-13-028806 Size: 6 KB",10/3/2013
4,https://www.sec.gov/Archives/edgar/data/21344/000112760213028804/0001127602-13-028804-index.htm,"Statement of changes in beneficial ownership of securities
Acc-no: 0001127602-13-028804 Size: 5 KB",10/3/2013
4,https://www.sec.gov/Archives/edgar/data/21344/000112760213028792/0001127602-13-028792-index.htm,"Statement of changes in beneficial ownership of securities
Acc-no: 0001127602-13-028792 Size: 6 KB",10/3/2013
4,https://www.sec.gov/Archives/edgar/data/21344/000112760213028788/0001127602-13-028788-index.htm,"Statement of changes in beneficial ownership of securities
Acc-no: 0001127602-13-028788 Size: 7 KB",10/3/2013
4,https://www.sec.gov/Archives/edgar/data/21344/000112760213024799/0001127602-13-024799-index.htm,"Statement of changes in beneficial ownership of securities
Acc-no: 0001127602-13-024799 Size: 7 KB",8/9/2013
4,https://www.sec.gov/Archives/edgar/data/21344/000112760213024798/0001127602-13-024798-index.htm,"Statement of changes in beneficial ownership of securities
Acc-no: 0001127602-13-024798 Size: 11 KB",8/9/2013
4,https://www.sec.gov/Archives/edgar/data/21344/000112760213023497/0001127602-13-023497-index.htm,"Statement of changes in beneficial ownership of securities
Acc-no: 0001127602-13-023497 Size: 6 KB",7/26/2013
4,https://www.sec.gov/Archives/edgar/data/21344/000112760213023187/0001127602-13-023187-index.htm,"Statement of changes in beneficial ownership of securities
Acc-no: 0001127602-13-023187 Size: 5 KB",7/22/2013
3,https://www.sec.gov/Archives/edgar/data/21344/000112760213023186/0001127602-13-023186-index.htm,"Initial statement of beneficial ownership of securities
Acc-no: 0001127602-13-023186 Size: 6 KB",7/22/2013
8-K,https://www.sec.gov/Archives/edgar/data/21344/000110465913055320/0001104659-13-055320-index.htm,"Current report, items 5.02 and 9.01
Acc-no: 0001104659-13-055320 (34 Act)  Size: 89 KB",7/19/2013
8-K,https://www.sec.gov/Archives/edgar/data/21344/000002134413000036/0000021344-13-000036-index.htm,"Current report, items 2.02 and 9.01
Acc-no: 0000021344-13-000036 (34 Act)  Size: 1 MB",7/16/2013
11-K,https://www.sec.gov/Archives/edgar/data/21344/000002134413000033/0000021344-13-000033-index.htm,"Annual report of employee stock purchase, savings and similar plans
Acc-no: 0000021344-13-000033 (34 Act)  Size: 439 KB",7/15/2013
4,https://www.sec.gov/Archives/edgar/data/21344/000112760213022338/0001127602-13-022338-index.htm,"Statement of changes in beneficial ownership of securities
Acc-no: 0001127602-13-022338 Size: 6 KB",7/3/2013
4,https://www.sec.gov/Archives/edgar/data/21344/000112760213022334/0001127602-13-022334-index.htm,"Statement of changes in beneficial ownership of securities
Acc-no: 0001127602-13-022334 Size: 7 KB",7/3/2013
4,https://www.sec.gov/Archives/edgar/data/21344/000112760213022332/0001127602-13-022332-index.htm,"Statement of changes in beneficial ownership of securities
Acc-no: 0001127602-13-022332 Size: 6 KB",7/3/2013
4,https://www.sec.gov/Archives/edgar/data/21344/000112760213022330/0001127602-13-022330-index.htm,"Statement of changes in beneficial ownership of securities
Acc-no: 0001127602-13-022330 Size: 6 KB",7/3/2013
4,https://www.sec.gov/Archives/edgar/data/21344/000112760213022328/0001127602-13-022328-index.htm,"Statement of changes in beneficial ownership of securities
Acc-no: 0001127602-13-022328 Size: 6 KB",7/3/2013
4,https://www.sec.gov/Archives/edgar/data/21344/000112760213022326/0001127602-13-022326-index.htm,"Statement of changes in beneficial ownership of securities
Acc-no: 0001127602-13-022326 Size: 6 KB",7/3/2013
4,https://www.sec.gov/Archives/edgar/data/21344/000112760213022324/0001127602-13-022324-index.htm,"Statement of changes in beneficial ownership of securities
Acc-no: 0001127602-13-022324 Size: 6 KB",7/3/2013
4,https://www.sec.gov/Archives/edgar/data/21344/000112760213022322/0001127602-13-022322-index.htm,"Statement of changes in beneficial ownership of securities
Acc-no: 0001127602-13-022322 Size: 6 KB",7/3/2013
4,https://www.sec.gov/Archives/edgar/data/21344/000112760213022319/0001127602-13-022319-index.htm,"Statement of changes in beneficial ownership of securities
Acc-no: 0001127602-13-022319 Size: 6 KB",7/3/2013
4,https://www.sec.gov/Archives/edgar/data/21344/000112760213022313/0001127602-13-022313-index.htm,"Statement of changes in beneficial ownership of securities
Acc-no: 0001127602-13-022313 Size: 5 KB",7/3/2013
4,https://www.sec.gov/Archives/edgar/data/21344/000112760213022297/0001127602-13-022297-index.htm,"Statement of changes in beneficial ownership of securities
Acc-no: 0001127602-13-022297 Size: 6 KB",7/3/2013
4,https://www.sec.gov/Archives/edgar/data/21344/000112760213022294/0001127602-13-022294-index.htm,"Statement of changes in beneficial ownership of securities
Acc-no: 0001127602-13-022294 Size: 6 KB",7/3/2013
4,https://www.sec.gov/Archives/edgar/data/21344/000112760213022291/0001127602-13-022291-index.htm,"Statement of changes in beneficial ownership of securities
Acc-no: 0001127602-13-022291 Size: 6 KB",7/3/2013
4,https://www.sec.gov/Archives/edgar/data/21344/000112760213022289/0001127602-13-022289-index.htm,"Statement of changes in beneficial ownership of securities
Acc-no: 0001127602-13-022289 Size: 6 KB",7/3/2013
4,https://www.sec.gov/Archives/edgar/data/21344/000112760213022285/0001127602-13-022285-index.htm,"Statement of changes in beneficial ownership of securities
Acc-no: 0001127602-13-022285 Size: 7 KB",7/3/2013
NT 11-K,https://www.sec.gov/Archives/edgar/data/21344/000002134413000030/0000021344-13-000030-index.htm,"Notification of inability to timely file Form 11-K
Acc-no: 0000021344-13-000030 (34 Act)  Size: 27 KB",6/28/2013
11-K,https://www.sec.gov/Archives/edgar/data/21344/000002134413000029/0000021344-13-000029-index.htm,"Annual report of employee stock purchase, savings and similar plans
Acc-no: 0000021344-13-000029 (34 Act)  Size: 353 KB",6/28/2013
11-K,https://www.sec.gov/Archives/edgar/data/21344/000002134413000028/0000021344-13-000028-index.htm,"Annual report of employee stock purchase, savings and similar plans
Acc-no: 0000021344-13-000028 (34 Act)  Size: 331 KB",6/28/2013
11-K,https://www.sec.gov/Archives/edgar/data/21344/000002134413000027/0000021344-13-000027-index.htm,"Annual report of employee stock purchase, savings and similar plans
Acc-no: 0000021344-13-000027 (34 Act)  Size: 352 KB",6/28/2013
11-K,https://www.sec.gov/Archives/edgar/data/21344/000002134413000026/0000021344-13-000026-index.htm,"Annual report of employee stock purchase, savings and similar plans
Acc-no: 0000021344-13-000026 (34 Act)  Size: 348 KB",6/28/2013
11-K,https://www.sec.gov/Archives/edgar/data/21344/000002134413000025/0000021344-13-000025-index.htm,"Annual report of employee stock purchase, savings and similar plans
Acc-no: 0000021344-13-000025 (34 Act)  Size: 405 KB",6/28/2013
4,https://www.sec.gov/Archives/edgar/data/21344/000112760213017252/0001127602-13-017252-index.htm,"Statement of changes in beneficial ownership of securities
Acc-no: 0001127602-13-017252 Size: 10 KB",5/17/2013
4,https://www.sec.gov/Archives/edgar/data/21344/000112760213016257/0001127602-13-016257-index.htm,"Statement of changes in beneficial ownership of securities
Acc-no: 0001127602-13-016257 Size: 11 KB",5/9/2013
4,https://www.sec.gov/Archives/edgar/data/21344/000112760213015202/0001127602-13-015202-index.htm,"Statement of changes in beneficial ownership of securities
Acc-no: 0001127602-13-015202 Size: 4 KB",5/2/2013
4,https://www.sec.gov/Archives/edgar/data/21344/000112760213015201/0001127602-13-015201-index.htm,"Statement of changes in beneficial ownership of securities
Acc-no: 0001127602-13-015201 Size: 8 KB",5/2/2013
4,https://www.sec.gov/Archives/edgar/data/21344/000112760213015199/0001127602-13-015199-index.htm,"Statement of changes in beneficial ownership of securities
Acc-no: 0001127602-13-015199 Size: 7 KB",5/2/2013
4,https://www.sec.gov/Archives/edgar/data/21344/000112760213014952/0001127602-13-014952-index.htm,"Statement of changes in beneficial ownership of securities
Acc-no: 0001127602-13-014952 Size: 8 KB",5/1/2013
3,https://www.sec.gov/Archives/edgar/data/21344/000112760213014665/0001127602-13-014665-index.htm,"Initial statement of beneficial ownership of securities
Acc-no: 0001127602-13-014665 Size: 6 KB",4/29/2013
8-K,https://www.sec.gov/Archives/edgar/data/21344/000110465913033461/0001104659-13-033461-index.htm,"Current report, items 5.03, 5.07, and 9.01
Acc-no: 0001104659-13-033461 (34 Act)  Size: 199 KB",4/26/2013
4,https://www.sec.gov/Archives/edgar/data/21344/000112760213014169/0001127602-13-014169-index.htm,"Statement of changes in beneficial ownership of securities
Acc-no: 0001127602-13-014169 Size: 14 KB",4/18/2013
4,https://www.sec.gov/Archives/edgar/data/21344/000112760213014167/0001127602-13-014167-index.htm,"Statement of changes in beneficial ownership of securities
Acc-no: 0001127602-13-014167 Size: 12 KB",4/18/2013
SC 13D,https://www.sec.gov/Archives/edgar/data/21344/000002134413000014/0000021344-13-000014-index.htm,"General Statement of Acquisition of Beneficial Ownership
Acc-no: 0000021344-13-000014 Size: 1 MB",4/16/2013
8-K,https://www.sec.gov/Archives/edgar/data/21344/000002134413000012/0000021344-13-000012-index.htm,"Current report, items 2.02 and 9.01
Acc-no: 0000021344-13-000012 (34 Act)  Size: 1 MB",4/16/2013
4,https://www.sec.gov/Archives/edgar/data/21344/000112760213013748/0001127602-13-013748-index.htm,"Statement of changes in beneficial ownership of securities
Acc-no: 0001127602-13-013748 Size: 14 KB",4/11/2013
4,https://www.sec.gov/Archives/edgar/data/21344/000112760213013747/0001127602-13-013747-index.htm,"Statement of changes in beneficial ownership of securities
Acc-no: 0001127602-13-013747 Size: 16 KB",4/11/2013
4,https://www.sec.gov/Archives/edgar/data/21344/000112760213013746/0001127602-13-013746-index.htm,"Statement of changes in beneficial ownership of securities
Acc-no: 0001127602-13-013746 Size: 15 KB",4/11/2013
DEFA14A,https://www.sec.gov/Archives/edgar/data/21344/000130817913000155/0001308179-13-000155-index.htm,"Additional definitive proxy soliciting materials and Rule 14(a)(12) material
Acc-no: 0001308179-13-000155 (34 Act)  Size: 65 KB",4/4/2013
4,https://www.sec.gov/Archives/edgar/data/21344/000112760213013317/0001127602-13-013317-index.htm,"Statement of changes in beneficial ownership of securities
Acc-no: 0001127602-13-013317 Size: 6 KB",4/3/2013
4,https://www.sec.gov/Archives/edgar/data/21344/000112760213013313/0001127602-13-013313-index.htm,"Statement of changes in beneficial ownership of securities
Acc-no: 0001127602-13-013313 Size: 6 KB",4/3/2013
4,https://www.sec.gov/Archives/edgar/data/21344/000112760213013309/0001127602-13-013309-index.htm,"Statement of changes in beneficial ownership of securities
Acc-no: 0001127602-13-013309 Size: 7 KB",4/3/2013
4,https://www.sec.gov/Archives/edgar/data/21344/000112760213013299/0001127602-13-013299-index.htm,"Statement of changes in beneficial ownership of securities
Acc-no: 0001127602-13-013299 Size: 7 KB",4/3/2013
4,https://www.sec.gov/Archives/edgar/data/21344/000112760213013296/0001127602-13-013296-index.htm,"Statement of changes in beneficial ownership of securities
Acc-no: 0001127602-13-013296 Size: 6 KB",4/3/2013
4,https://www.sec.gov/Archives/edgar/data/21344/000112760213013283/0001127602-13-013283-index.htm,"Statement of changes in beneficial ownership of securities
Acc-no: 0001127602-13-013283 Size: 6 KB",4/3/2013
4,https://www.sec.gov/Archives/edgar/data/21344/000112760213013277/0001127602-13-013277-index.htm,"Statement of changes in beneficial ownership of securities
Acc-no: 0001127602-13-013277 Size: 6 KB",4/3/2013
4,https://www.sec.gov/Archives/edgar/data/21344/000112760213013246/0001127602-13-013246-index.htm,"Statement of changes in beneficial ownership of securities
Acc-no: 0001127602-13-013246 Size: 7 KB",4/3/2013
4,https://www.sec.gov/Archives/edgar/data/21344/000112760213013243/0001127602-13-013243-index.htm,"Statement of changes in beneficial ownership of securities
Acc-no: 0001127602-13-013243 Size: 8 KB",4/3/2013
4,https://www.sec.gov/Archives/edgar/data/21344/000112760213013238/0001127602-13-013238-index.htm,"Statement of changes in beneficial ownership of securities
Acc-no: 0001127602-13-013238 Size: 6 KB",4/3/2013
4,https://www.sec.gov/Archives/edgar/data/21344/000112760213013232/0001127602-13-013232-index.htm,"Statement of changes in beneficial ownership of securities
Acc-no: 0001127602-13-013232 Size: 6 KB",4/3/2013
4,https://www.sec.gov/Archives/edgar/data/21344/000112760213013226/0001127602-13-013226-index.htm,"Statement of changes in beneficial ownership of securities
Acc-no: 0001127602-13-013226 Size: 6 KB",4/3/2013
4,https://www.sec.gov/Archives/edgar/data/21344/000112760213013220/0001127602-13-013220-index.htm,"Statement of changes in beneficial ownership of securities
Acc-no: 0001127602-13-013220 Size: 6 KB",4/3/2013
4,https://www.sec.gov/Archives/edgar/data/21344/000112760213013212/0001127602-13-013212-index.htm,"Statement of changes in beneficial ownership of securities
Acc-no: 0001127602-13-013212 Size: 6 KB",4/3/2013
4,https://www.sec.gov/Archives/edgar/data/21344/000112760213013209/0001127602-13-013209-index.htm,"Statement of changes in beneficial ownership of securities
Acc-no: 0001127602-13-013209 Size: 6 KB",4/3/2013
4,https://www.sec.gov/Archives/edgar/data/21344/000112760213013207/0001127602-13-013207-index.htm,"Statement of changes in beneficial ownership of securities
Acc-no: 0001127602-13-013207 Size: 7 KB",4/3/2013
4,https://www.sec.gov/Archives/edgar/data/21344/000112760213012203/0001127602-13-012203-index.htm,"Statement of changes in beneficial ownership of securities
Acc-no: 0001127602-13-012203 Size: 8 KB",3/28/2013
4,https://www.sec.gov/Archives/edgar/data/21344/000112760213011796/0001127602-13-011796-index.htm,"Statement of changes in beneficial ownership of securities
Acc-no: 0001127602-13-011796 Size: 10 KB",3/22/2013
4,https://www.sec.gov/Archives/edgar/data/21344/000112760213011794/0001127602-13-011794-index.htm,"Statement of changes in beneficial ownership of securities
Acc-no: 0001127602-13-011794 Size: 8 KB",3/22/2013
4,https://www.sec.gov/Archives/edgar/data/21344/000112760213011792/0001127602-13-011792-index.htm,"Statement of changes in beneficial ownership of securities
Acc-no: 0001127602-13-011792 Size: 12 KB",3/22/2013
8-K,https://www.sec.gov/Archives/edgar/data/21344/000002134413000009/0000021344-13-000009-index.htm,"Current report, items 8.01 and 9.01
Acc-no: 0000021344-13-000009 (34 Act)  Size: 585 KB",3/21/2013
4,https://www.sec.gov/Archives/edgar/data/21344/000112760213010736/0001127602-13-010736-index.htm,"Statement of changes in beneficial ownership of securities
Acc-no: 0001127602-13-010736 Size: 6 KB",3/14/2013
4,https://www.sec.gov/Archives/edgar/data/21344/000112760213010475/0001127602-13-010475-index.htm,"Statement of changes in beneficial ownership of securities
Acc-no: 0001127602-13-010475 Size: 8 KB",3/12/2013
DEFA14A,https://www.sec.gov/Archives/edgar/data/21344/000130817913000060/0001308179-13-000060-index.htm,"Additional definitive proxy soliciting materials and Rule 14(a)(12) material
Acc-no: 0001308179-13-000060 (34 Act)  Size: 814 KB",3/11/2013
DEFA14A,https://www.sec.gov/Archives/edgar/data/21344/000130817913000059/0001308179-13-000059-index.htm,"Additional definitive proxy soliciting materials and Rule 14(a)(12) material
Acc-no: 0001308179-13-000059 (34 Act)  Size: 61 KB",3/11/2013
DEFA14A,https://www.sec.gov/Archives/edgar/data/21344/000130817913000058/0001308179-13-000058-index.htm,"Additional definitive proxy soliciting materials and Rule 14(a)(12) material
Acc-no: 0001308179-13-000058 (34 Act)  Size: 1 MB",3/11/2013
DEF 14A,https://www.sec.gov/Archives/edgar/data/21344/000130817913000057/0001308179-13-000057-index.htm,"Other definitive proxy statements
Acc-no: 0001308179-13-000057 (34 Act)  Size: 9 MB",3/11/2013
4,https://www.sec.gov/Archives/edgar/data/21344/000112760213009873/0001127602-13-009873-index.htm,"Statement of changes in beneficial ownership of securities
Acc-no: 0001127602-13-009873 Size: 8 KB",3/7/2013
8-K,https://www.sec.gov/Archives/edgar/data/21344/000110465913017549/0001104659-13-017549-index.htm,"Current report, items 8.01 and 9.01
Acc-no: 0001104659-13-017549 (34 Act)  Size: 487 KB",3/5/2013
424B2,https://www.sec.gov/Archives/edgar/data/21344/000104746913002074/0001047469-13-002074-index.htm,"Prospectus [Rule 424(b)(2)]
Acc-no: 0001047469-13-002074 (33 Act)  Size: 484 KB",3/1/2013
PRE 14A,https://www.sec.gov/Archives/edgar/data/21344/000130817913000044/0001308179-13-000044-index.htm,"Other preliminary proxy statements
Acc-no: 0001308179-13-000044 (34 Act)  Size: 6 MB",3/1/2013
FWP,https://www.sec.gov/Archives/edgar/data/21344/000110465913016303/0001104659-13-016303-index.htm,"Filing under Securities Act Rules 163/433 of free writing prospectuses
Acc-no: 0001104659-13-016303 (34 Act)  Size: 31 KB",3/1/2013
FWP,https://www.sec.gov/Archives/edgar/data/21344/000110465913016302/0001104659-13-016302-index.htm,"Filing under Securities Act Rules 163/433 of free writing prospectuses
Acc-no: 0001104659-13-016302 (34 Act)  Size: 22 KB",3/1/2013
4,https://www.sec.gov/Archives/edgar/data/21344/000112760213008492/0001127602-13-008492-index.htm,"Statement of changes in beneficial ownership of securities
Acc-no: 0001127602-13-008492 Size: 22 KB",2/28/2013
S-8,https://www.sec.gov/Archives/edgar/data/21344/000110465913015802/0001104659-13-015802-index.htm,"Securities to be offered to employees in employee benefit plans
Acc-no: 0001104659-13-015802 (33 Act)  Size: 200 KB",2/28/2013
S-8,https://www.sec.gov/Archives/edgar/data/21344/000110465913015799/0001104659-13-015799-index.htm,"Securities to be offered to employees in employee benefit plans
Acc-no: 0001104659-13-015799 (33 Act)  Size: 168 KB",2/28/2013
S-8,https://www.sec.gov/Archives/edgar/data/21344/000110465913015792/0001104659-13-015792-index.htm,"Securities to be offered to employees in employee benefit plans
Acc-no: 0001104659-13-015792 (33 Act)  Size: 210 KB",2/28/2013
424B5,https://www.sec.gov/Archives/edgar/data/21344/000104746913001882/0001047469-13-001882-index.htm,"Prospectus [Rule 424(b)(5)]
Acc-no: 0001047469-13-001882 (33 Act)  Size: 476 KB",2/28/2013
4,https://www.sec.gov/Archives/edgar/data/21344/000112760213007866/0001127602-13-007866-index.htm,"Statement of changes in beneficial ownership of securities
Acc-no: 0001127602-13-007866 Size: 6 KB",2/25/2013
4,https://www.sec.gov/Archives/edgar/data/21344/000112760213007861/0001127602-13-007861-index.htm,"Statement of changes in beneficial ownership of securities
Acc-no: 0001127602-13-007861 Size: 9 KB",2/25/2013
3/A,https://www.sec.gov/Archives/edgar/data/21344/000112760213007858/0001127602-13-007858-index.htm,"[Amend] Initial statement of beneficial ownership of securities
Acc-no: 0001127602-13-007858 Size: 3 KB",2/25/2013
4,https://www.sec.gov/Archives/edgar/data/21344/000112760213007856/0001127602-13-007856-index.htm,"Statement of changes in beneficial ownership of securities
Acc-no: 0001127602-13-007856 Size: 9 KB",2/25/2013
4,https://www.sec.gov/Archives/edgar/data/21344/000112760213007854/0001127602-13-007854-index.htm,"Statement of changes in beneficial ownership of securities
Acc-no: 0001127602-13-007854 Size: 10 KB",2/25/2013
4,https://www.sec.gov/Archives/edgar/data/21344/000112760213007852/0001127602-13-007852-index.htm,"Statement of changes in beneficial ownership of securities
Acc-no: 0001127602-13-007852 Size: 9 KB",2/25/2013
4,https://www.sec.gov/Archives/edgar/data/21344/000112760213007848/0001127602-13-007848-index.htm,"Statement of changes in beneficial ownership of securities
Acc-no: 0001127602-13-007848 Size: 9 KB",2/25/2013
4,https://www.sec.gov/Archives/edgar/data/21344/000112760213007837/0001127602-13-007837-index.htm,"Statement of changes in beneficial ownership of securities
Acc-no: 0001127602-13-007837 Size: 7 KB",2/25/2013
4,https://www.sec.gov/Archives/edgar/data/21344/000112760213007831/0001127602-13-007831-index.htm,"Statement of changes in beneficial ownership of securities
Acc-no: 0001127602-13-007831 Size: 10 KB",2/25/2013
4,https://www.sec.gov/Archives/edgar/data/21344/000112760213007822/0001127602-13-007822-index.htm,"Statement of changes in beneficial ownership of securities
Acc-no: 0001127602-13-007822 Size: 11 KB",2/25/2013
4,https://www.sec.gov/Archives/edgar/data/21344/000112760213007817/0001127602-13-007817-index.htm,"Statement of changes in beneficial ownership of securities
Acc-no: 0001127602-13-007817 Size: 6 KB",2/25/2013
4,https://www.sec.gov/Archives/edgar/data/21344/000112760213007811/0001127602-13-007811-index.htm,"Statement of changes in beneficial ownership of securities
Acc-no: 0001127602-13-007811 Size: 7 KB",2/25/2013
4,https://www.sec.gov/Archives/edgar/data/21344/000112760213007804/0001127602-13-007804-index.htm,"Statement of changes in beneficial ownership of securities
Acc-no: 0001127602-13-007804 Size: 7 KB",2/25/2013
4,https://www.sec.gov/Archives/edgar/data/21344/000112760213007800/0001127602-13-007800-index.htm,"Statement of changes in beneficial ownership of securities
Acc-no: 0001127602-13-007800 Size: 7 KB",2/25/2013
4,https://www.sec.gov/Archives/edgar/data/21344/000112760213007796/0001127602-13-007796-index.htm,"Statement of changes in beneficial ownership of securities
Acc-no: 0001127602-13-007796 Size: 12 KB",2/25/2013
4,https://www.sec.gov/Archives/edgar/data/21344/000112760213007792/0001127602-13-007792-index.htm,"Statement of changes in beneficial ownership of securities
Acc-no: 0001127602-13-007792 Size: 9 KB",2/25/2013
4,https://www.sec.gov/Archives/edgar/data/21344/000112760213007785/0001127602-13-007785-index.htm,"Statement of changes in beneficial ownership of securities
Acc-no: 0001127602-13-007785 Size: 9 KB",2/25/2013
4,https://www.sec.gov/Archives/edgar/data/21344/000112760213007780/0001127602-13-007780-index.htm,"Statement of changes in beneficial ownership of securities
Acc-no: 0001127602-13-007780 Size: 10 KB",2/25/2013
4,https://www.sec.gov/Archives/edgar/data/21344/000112760213007775/0001127602-13-007775-index.htm,"Statement of changes in beneficial ownership of securities
Acc-no: 0001127602-13-007775 Size: 10 KB",2/25/2013
4,https://www.sec.gov/Archives/edgar/data/21344/000112760213007767/0001127602-13-007767-index.htm,"Statement of changes in beneficial ownership of securities
Acc-no: 0001127602-13-007767 Size: 9 KB",2/25/2013
8-K,https://www.sec.gov/Archives/edgar/data/21344/000110465913012805/0001104659-13-012805-index.htm,"Current report, items 5.02 and 9.01
Acc-no: 0001104659-13-012805 (34 Act)  Size: 104 KB",2/21/2013
8-K,https://www.sec.gov/Archives/edgar/data/21344/000110465913012236/0001104659-13-012236-index.htm,"Current report, items 5.02 and 9.01
Acc-no: 0001104659-13-012236 (34 Act)  Size: 587 KB",2/20/2013
8-K,https://www.sec.gov/Archives/edgar/data/21344/000002134413000003/0000021344-13-000003-index.htm,"Current report, items 2.02 and 9.01
Acc-no: 0000021344-13-000003 (34 Act)  Size: 2 MB",2/12/2013
4,https://www.sec.gov/Archives/edgar/data/21344/000112760213004713/0001127602-13-004713-index.htm,"Statement of changes in beneficial ownership of securities
Acc-no: 0001127602-13-004713 Size: 8 KB",2/7/2013
3/A,https://www.sec.gov/Archives/edgar/data/21344/000112760213002835/0001127602-13-002835-index.htm,"[Amend] Initial statement of beneficial ownership of securities
Acc-no: 0001127602-13-002835 Size: 3 KB",1/28/2013
NO ACT,https://www.sec.gov/Archives/edgar/data/21344/999999999713000575/9999999997-13-000575-index.htm,"[Paper]No Action Letter
Acc-no: 9999999997-13-000575 (34 Act)  Size: 1 KB",1/16/2013
3,https://www.sec.gov/Archives/edgar/data/21344/000112760213001639/0001127602-13-001639-index.htm,"Initial statement of beneficial ownership of securities
Acc-no: 0001127602-13-001639 Size: 16 KB",1/10/2013
3,https://www.sec.gov/Archives/edgar/data/21344/000112760213001638/0001127602-13-001638-index.htm,"Initial statement of beneficial ownership of securities
Acc-no: 0001127602-13-001638 Size: 15 KB",1/10/2013
3,https://www.sec.gov/Archives/edgar/data/21344/000112760213001637/0001127602-13-001637-index.htm,"Initial statement of beneficial ownership of securities
Acc-no: 0001127602-13-001637 Size: 12 KB",1/10/2013
3,https://www.sec.gov/Archives/edgar/data/21344/000112760213001636/0001127602-13-001636-index.htm,"Initial statement of beneficial ownership of securities
Acc-no: 0001127602-13-001636 Size: 13 KB",1/10/2013
SC 13D/A,https://www.sec.gov/Archives/edgar/data/21344/000002134412000054/0000021344-12-000054-index.htm,"[Amend] General Statement of Acquisition of Beneficial Ownership
Acc-no: 0000021344-12-000054 Size: 296 KB",12/28/2012
NO ACT,https://www.sec.gov/Archives/edgar/data/21344/999999999713000006/9999999997-13-000006-index.htm,"[Paper]No Action Letter
Acc-no: 9999999997-13-000006 (34 Act)  Size: 1 KB",12/21/2012
4,https://www.sec.gov/Archives/edgar/data/21344/000112760212034600/0001127602-12-034600-index.htm,"Statement of changes in beneficial ownership of securities
Acc-no: 0001127602-12-034600 Size: 8 KB",12/19/2012
4,https://www.sec.gov/Archives/edgar/data/21344/000112760212034597/0001127602-12-034597-index.htm,"Statement of changes in beneficial ownership of securities
Acc-no: 0001127602-12-034597 Size: 6 KB",12/19/2012
4,https://www.sec.gov/Archives/edgar/data/21344/000112760212034594/0001127602-12-034594-index.htm,"Statement of changes in beneficial ownership of securities
Acc-no: 0001127602-12-034594 Size: 6 KB",12/19/2012
4,https://www.sec.gov/Archives/edgar/data/21344/000112760212034592/0001127602-12-034592-index.htm,"Statement of changes in beneficial ownership of securities
Acc-no: 0001127602-12-034592 Size: 7 KB",12/19/2012
4,https://www.sec.gov/Archives/edgar/data/21344/000112760212034590/0001127602-12-034590-index.htm,"Statement of changes in beneficial ownership of securities
Acc-no: 0001127602-12-034590 Size: 6 KB",12/19/2012
4,https://www.sec.gov/Archives/edgar/data/21344/000112760212034585/0001127602-12-034585-index.htm,"Statement of changes in beneficial ownership of securities
Acc-no: 0001127602-12-034585 Size: 6 KB",12/19/2012
4,https://www.sec.gov/Archives/edgar/data/21344/000112760212034583/0001127602-12-034583-index.htm,"Statement of changes in beneficial ownership of securities
Acc-no: 0001127602-12-034583 Size: 6 KB",12/19/2012
4,https://www.sec.gov/Archives/edgar/data/21344/000112760212034579/0001127602-12-034579-index.htm,"Statement of changes in beneficial ownership of securities
Acc-no: 0001127602-12-034579 Size: 6 KB",12/19/2012
4,https://www.sec.gov/Archives/edgar/data/21344/000112760212034575/0001127602-12-034575-index.htm,"Statement of changes in beneficial ownership of securities
Acc-no: 0001127602-12-034575 Size: 6 KB",12/19/2012
4,https://www.sec.gov/Archives/edgar/data/21344/000112760212034572/0001127602-12-034572-index.htm,"Statement of changes in beneficial ownership of securities
Acc-no: 0001127602-12-034572 Size: 8 KB",12/19/2012
4,https://www.sec.gov/Archives/edgar/data/21344/000112760212034562/0001127602-12-034562-index.htm,"Statement of changes in beneficial ownership of securities
Acc-no: 0001127602-12-034562 Size: 6 KB",12/19/2012
4,https://www.sec.gov/Archives/edgar/data/21344/000112760212034555/0001127602-12-034555-index.htm,"Statement of changes in beneficial ownership of securities
Acc-no: 0001127602-12-034555 Size: 11 KB",12/19/2012
4,https://www.sec.gov/Archives/edgar/data/21344/000112760212034551/0001127602-12-034551-index.htm,"Statement of changes in beneficial ownership of securities
Acc-no: 0001127602-12-034551 Size: 6 KB",12/19/2012
4,https://www.sec.gov/Archives/edgar/data/21344/000112760212034540/0001127602-12-034540-index.htm,"Statement of changes in beneficial ownership of securities
Acc-no: 0001127602-12-034540 Size: 6 KB",12/19/2012
4,https://www.sec.gov/Archives/edgar/data/21344/000112760212034536/0001127602-12-034536-index.htm,"Statement of changes in beneficial ownership of securities
Acc-no: 0001127602-12-034536 Size: 6 KB",12/19/2012
4,https://www.sec.gov/Archives/edgar/data/21344/000112760212034530/0001127602-12-034530-index.htm,"Statement of changes in beneficial ownership of securities
Acc-no: 0001127602-12-034530 Size: 6 KB",12/19/2012
4,https://www.sec.gov/Archives/edgar/data/21344/000112760212034525/0001127602-12-034525-index.htm,"Statement of changes in beneficial ownership of securities
Acc-no: 0001127602-12-034525 Size: 6 KB",12/19/2012
4,https://www.sec.gov/Archives/edgar/data/21344/000112760212034517/0001127602-12-034517-index.htm,"Statement of changes in beneficial ownership of securities
Acc-no: 0001127602-12-034517 Size: 7 KB",12/19/2012
4,https://www.sec.gov/Archives/edgar/data/21344/000112760212031640/0001127602-12-031640-index.htm,"Statement of changes in beneficial ownership of securities
Acc-no: 0001127602-12-031640 Size: 9 KB",11/20/2012
4,https://www.sec.gov/Archives/edgar/data/21344/000112760212029046/0001127602-12-029046-index.htm,"Statement of changes in beneficial ownership of securities
Acc-no: 0001127602-12-029046 Size: 6 KB",10/25/2012
8-K,https://www.sec.gov/Archives/edgar/data/21344/000002134412000048/0000021344-12-000048-index.htm,"Current report, items 2.02 and 9.01
Acc-no: 0000021344-12-000048 (34 Act)  Size: 2 MB",10/16/2012
SC 13D/A,https://www.sec.gov/Archives/edgar/data/21344/000002134412000045/0000021344-12-000045-index.htm,"[Amend] General Statement of Acquisition of Beneficial Ownership
Acc-no: 0000021344-12-000045 Size: 662 KB",10/5/2012
SC 13D/A,https://www.sec.gov/Archives/edgar/data/21344/000002134412000043/0000021344-12-000043-index.htm,"[Amend] General Statement of Acquisition of Beneficial Ownership
Acc-no: 0000021344-12-000043 Size: 647 KB",10/5/2012
4,https://www.sec.gov/Archives/edgar/data/21344/000112760212028168/0001127602-12-028168-index.htm,"Statement of changes in beneficial ownership of securities
Acc-no: 0001127602-12-028168 Size: 6 KB",10/3/2012
4,https://www.sec.gov/Archives/edgar/data/21344/000112760212028167/0001127602-12-028167-index.htm,"Statement of changes in beneficial ownership of securities
Acc-no: 0001127602-12-028167 Size: 6 KB",10/3/2012
4,https://www.sec.gov/Archives/edgar/data/21344/000112760212028166/0001127602-12-028166-index.htm,"Statement of changes in beneficial ownership of securities
Acc-no: 0001127602-12-028166 Size: 7 KB",10/3/2012
4,https://www.sec.gov/Archives/edgar/data/21344/000112760212028165/0001127602-12-028165-index.htm,"Statement of changes in beneficial ownership of securities
Acc-no: 0001127602-12-028165 Size: 7 KB",10/3/2012
4,https://www.sec.gov/Archives/edgar/data/21344/000112760212028164/0001127602-12-028164-index.htm,"Statement of changes in beneficial ownership of securities
Acc-no: 0001127602-12-028164 Size: 6 KB",10/3/2012
4,https://www.sec.gov/Archives/edgar/data/21344/000112760212028163/0001127602-12-028163-index.htm,"Statement of changes in beneficial ownership of securities
Acc-no: 0001127602-12-028163 Size: 6 KB",10/3/2012
4,https://www.sec.gov/Archives/edgar/data/21344/000112760212028162/0001127602-12-028162-index.htm,"Statement of changes in beneficial ownership of securities
Acc-no: 0001127602-12-028162 Size: 6 KB",10/3/2012
4,https://www.sec.gov/Archives/edgar/data/21344/000112760212028161/0001127602-12-028161-index.htm,"Statement of changes in beneficial ownership of securities
Acc-no: 0001127602-12-028161 Size: 7 KB",10/3/2012
4,https://www.sec.gov/Archives/edgar/data/21344/000112760212028160/0001127602-12-028160-index.htm,"Statement of changes in beneficial ownership of securities
Acc-no: 0001127602-12-028160 Size: 8 KB",10/3/2012
4,https://www.sec.gov/Archives/edgar/data/21344/000112760212028159/0001127602-12-028159-index.htm,"Statement of changes in beneficial ownership of securities
Acc-no: 0001127602-12-028159 Size: 6 KB",10/3/2012
4,https://www.sec.gov/Archives/edgar/data/21344/000112760212028158/0001127602-12-028158-index.htm,"Statement of changes in beneficial ownership of securities
Acc-no: 0001127602-12-028158 Size: 6 KB",10/3/2012
4,https://www.sec.gov/Archives/edgar/data/21344/000112760212028157/0001127602-12-028157-index.htm,"Statement of changes in beneficial ownership of securities
Acc-no: 0001127602-12-028157 Size: 6 KB",10/3/2012
4,https://www.sec.gov/Archives/edgar/data/21344/000112760212028156/0001127602-12-028156-index.htm,"Statement of changes in beneficial ownership of securities
Acc-no: 0001127602-12-028156 Size: 6 KB",10/3/2012
4,https://www.sec.gov/Archives/edgar/data/21344/000112760212028155/0001127602-12-028155-index.htm,"Statement of changes in beneficial ownership of securities
Acc-no: 0001127602-12-028155 Size: 6 KB",10/3/2012
4,https://www.sec.gov/Archives/edgar/data/21344/000112760212028154/0001127602-12-028154-index.htm,"Statement of changes in beneficial ownership of securities
Acc-no: 0001127602-12-028154 Size: 7 KB",10/3/2012
4,https://www.sec.gov/Archives/edgar/data/21344/000112760212028153/0001127602-12-028153-index.htm,"Statement of changes in beneficial ownership of securities
Acc-no: 0001127602-12-028153 Size: 7 KB",10/3/2012
4,https://www.sec.gov/Archives/edgar/data/21344/000112760212027482/0001127602-12-027482-index.htm,"Statement of changes in beneficial ownership of securities
Acc-no: 0001127602-12-027482 Size: 9 KB",10/1/2012
8-K,https://www.sec.gov/Archives/edgar/data/21344/000110465912063422/0001104659-12-063422-index.htm,"Current report, items 5.02, 8.01, and 9.01
Acc-no: 0001104659-12-063422 (34 Act)  Size: 352 KB",9/14/2012
4/A,https://www.sec.gov/Archives/edgar/data/21344/000112760212025503/0001127602-12-025503-index.htm,"[Amend] Statement of changes in beneficial ownership of securities
Acc-no: 0001127602-12-025503 Size: 5 KB",8/31/2012
8-K,https://www.sec.gov/Archives/edgar/data/21344/000002134412000040/0000021344-12-000040-index.htm,"Current report, items 7.01 and 9.01
Acc-no: 0000021344-12-000040 (34 Act)  Size: 311 KB",8/23/2012
4,https://www.sec.gov/Archives/edgar/data/21344/000112760212023560/0001127602-12-023560-index.htm,"Statement of changes in beneficial ownership of securities
Acc-no: 0001127602-12-023560 Size: 10 KB",8/2/2012
4,https://www.sec.gov/Archives/edgar/data/21344/000112760212023550/0001127602-12-023550-index.htm,"Statement of changes in beneficial ownership of securities
Acc-no: 0001127602-12-023550 Size: 10 KB",8/2/2012
8-K,https://www.sec.gov/Archives/edgar/data/21344/000110465912052732/0001104659-12-052732-index.htm,"Current report, items 8.01 and 9.01
Acc-no: 0001104659-12-052732 (34 Act)  Size: 121 KB",7/31/2012
4,https://www.sec.gov/Archives/edgar/data/21344/000112760212023224/0001127602-12-023224-index.htm,"Statement of changes in beneficial ownership of securities
Acc-no: 0001127602-12-023224 Size: 10 KB",7/31/2012
4,https://www.sec.gov/Archives/edgar/data/21344/000112760212023222/0001127602-12-023222-index.htm,"Statement of changes in beneficial ownership of securities
Acc-no: 0001127602-12-023222 Size: 11 KB",7/31/2012
4,https://www.sec.gov/Archives/edgar/data/21344/000112760212023220/0001127602-12-023220-index.htm,"Statement of changes in beneficial ownership of securities
Acc-no: 0001127602-12-023220 Size: 10 KB",7/31/2012
8-K,https://www.sec.gov/Archives/edgar/data/21344/000110465912051772/0001104659-12-051772-index.htm,"Current report, items 5.03 and 9.01
Acc-no: 0001104659-12-051772 (34 Act)  Size: 50 KB",7/27/2012
8-K,https://www.sec.gov/Archives/edgar/data/21344/000002134412000034/0000021344-12-000034-index.htm,"Current report, items 2.02 and 9.01
Acc-no: 0000021344-12-000034 (34 Act)  Size: 2 MB",7/17/2012
8-K,https://www.sec.gov/Archives/edgar/data/21344/000110465912048265/0001104659-12-048265-index.htm,"Current report, items 5.07 and 9.01
Acc-no: 0001104659-12-048265 (34 Act)  Size: 118 KB",7/10/2012
4,https://www.sec.gov/Archives/edgar/data/21344/000112760212021544/0001127602-12-021544-index.htm,"Statement of changes in beneficial ownership of securities
Acc-no: 0001127602-12-021544 Size: 6 KB",7/3/2012
4,https://www.sec.gov/Archives/edgar/data/21344/000112760212021524/0001127602-12-021524-index.htm,"Statement of changes in beneficial ownership of securities
Acc-no: 0001127602-12-021524 Size: 10 KB",7/3/2012
4,https://www.sec.gov/Archives/edgar/data/21344/000112760212021519/0001127602-12-021519-index.htm,"Statement of changes in beneficial ownership of securities
Acc-no: 0001127602-12-021519 Size: 6 KB",7/3/2012
4,https://www.sec.gov/Archives/edgar/data/21344/000112760212021514/0001127602-12-021514-index.htm,"Statement of changes in beneficial ownership of securities
Acc-no: 0001127602-12-021514 Size: 6 KB",7/3/2012
4,https://www.sec.gov/Archives/edgar/data/21344/000112760212021506/0001127602-12-021506-index.htm,"Statement of changes in beneficial ownership of securities
Acc-no: 0001127602-12-021506 Size: 7 KB",7/3/2012
4,https://www.sec.gov/Archives/edgar/data/21344/000112760212021498/0001127602-12-021498-index.htm,"Statement of changes in beneficial ownership of securities
Acc-no: 0001127602-12-021498 Size: 6 KB",7/3/2012
4,https://www.sec.gov/Archives/edgar/data/21344/000112760212021494/0001127602-12-021494-index.htm,"Statement of changes in beneficial ownership of securities
Acc-no: 0001127602-12-021494 Size: 6 KB",7/3/2012
4,https://www.sec.gov/Archives/edgar/data/21344/000112760212021492/0001127602-12-021492-index.htm,"Statement of changes in beneficial ownership of securities
Acc-no: 0001127602-12-021492 Size: 6 KB",7/3/2012
4,https://www.sec.gov/Archives/edgar/data/21344/000112760212021489/0001127602-12-021489-index.htm,"Statement of changes in beneficial ownership of securities
Acc-no: 0001127602-12-021489 Size: 6 KB",7/3/2012
4,https://www.sec.gov/Archives/edgar/data/21344/000112760212021477/0001127602-12-021477-index.htm,"Statement of changes in beneficial ownership of securities
Acc-no: 0001127602-12-021477 Size: 8 KB",7/3/2012
4,https://www.sec.gov/Archives/edgar/data/21344/000112760212021474/0001127602-12-021474-index.htm,"Statement of changes in beneficial ownership of securities
Acc-no: 0001127602-12-021474 Size: 6 KB",7/3/2012
4,https://www.sec.gov/Archives/edgar/data/21344/000112760212021471/0001127602-12-021471-index.htm,"Statement of changes in beneficial ownership of securities
Acc-no: 0001127602-12-021471 Size: 5 KB",7/3/2012
4,https://www.sec.gov/Archives/edgar/data/21344/000112760212021468/0001127602-12-021468-index.htm,"Statement of changes in beneficial ownership of securities
Acc-no: 0001127602-12-021468 Size: 6 KB",7/3/2012
4,https://www.sec.gov/Archives/edgar/data/21344/000112760212021463/0001127602-12-021463-index.htm,"Statement of changes in beneficial ownership of securities
Acc-no: 0001127602-12-021463 Size: 6 KB",7/3/2012
4,https://www.sec.gov/Archives/edgar/data/21344/000112760212021461/0001127602-12-021461-index.htm,"Statement of changes in beneficial ownership of securities
Acc-no: 0001127602-12-021461 Size: 6 KB",7/3/2012
4,https://www.sec.gov/Archives/edgar/data/21344/000112760212021458/0001127602-12-021458-index.htm,"Statement of changes in beneficial ownership of securities
Acc-no: 0001127602-12-021458 Size: 6 KB",7/3/2012
4,https://www.sec.gov/Archives/edgar/data/21344/000112760212021453/0001127602-12-021453-index.htm,"Statement of changes in beneficial ownership of securities
Acc-no: 0001127602-12-021453 Size: 7 KB",7/3/2012
SC 13D/A,https://www.sec.gov/Archives/edgar/data/21344/000002134412000029/0000021344-12-000029-index.htm,"[Amend] General Statement of Acquisition of Beneficial Ownership
Acc-no: 0000021344-12-000029 (34 Act)  Size: 648 KB",6/29/2012
11-K,https://www.sec.gov/Archives/edgar/data/21344/000110465912046629/0001104659-12-046629-index.htm,"Annual report of employee stock purchase, savings and similar plans
Acc-no: 0001104659-12-046629 (34 Act)  Size: 385 KB",6/28/2012
11-K,https://www.sec.gov/Archives/edgar/data/21344/000110465912046617/0001104659-12-046617-index.htm,"Annual report of employee stock purchase, savings and similar plans
Acc-no: 0001104659-12-046617 (34 Act)  Size: 380 KB",6/28/2012
11-K,https://www.sec.gov/Archives/edgar/data/21344/000110465912046610/0001104659-12-046610-index.htm,"Annual report of employee stock purchase, savings and similar plans
Acc-no: 0001104659-12-046610 (34 Act)  Size: 380 KB",6/28/2012
11-K,https://www.sec.gov/Archives/edgar/data/21344/000110465912046609/0001104659-12-046609-index.htm,"Annual report of employee stock purchase, savings and similar plans
Acc-no: 0001104659-12-046609 (34 Act)  Size: 376 KB",6/28/2012
11-K,https://www.sec.gov/Archives/edgar/data/21344/000110465912046591/0001104659-12-046591-index.htm,"Annual report of employee stock purchase, savings and similar plans
Acc-no: 0001104659-12-046591 (34 Act)  Size: 465 KB",6/28/2012
11-K,https://www.sec.gov/Archives/edgar/data/21344/000110465912046590/0001104659-12-046590-index.htm,"Annual report of employee stock purchase, savings and similar plans
Acc-no: 0001104659-12-046590 (34 Act)  Size: 388 KB",6/28/2012
4,https://www.sec.gov/Archives/edgar/data/21344/000112760212018262/0001127602-12-018262-index.htm,"Statement of changes in beneficial ownership of securities
Acc-no: 0001127602-12-018262 Size: 29 KB",5/25/2012
DEFA14A,https://www.sec.gov/Archives/edgar/data/21344/000104746912006316/0001047469-12-006316-index.htm,"Additional definitive proxy soliciting materials and Rule 14(a)(12) material
Acc-no: 0001047469-12-006316 (34 Act)  Size: 376 KB",5/25/2012
DEF 14A,https://www.sec.gov/Archives/edgar/data/21344/000104746912006313/0001047469-12-006313-index.htm,"Other definitive proxy statements
Acc-no: 0001047469-12-006313 (34 Act)  Size: 658 KB",5/25/2012
4,https://www.sec.gov/Archives/edgar/data/21344/000112760212017775/0001127602-12-017775-index.htm,"Statement of changes in beneficial ownership of securities
Acc-no: 0001127602-12-017775 Size: 13 KB",5/22/2012
PRE 14A,https://www.sec.gov/Archives/edgar/data/21344/000104746912006060/0001047469-12-006060-index.htm,"Other preliminary proxy statements
Acc-no: 0001047469-12-006060 (34 Act)  Size: 671 KB",5/15/2012
4,https://www.sec.gov/Archives/edgar/data/21344/000112760212016865/0001127602-12-016865-index.htm,"Statement of changes in beneficial ownership of securities
Acc-no: 0001127602-12-016865 Size: 11 KB",5/15/2012
4,https://www.sec.gov/Archives/edgar/data/21344/000112760212016575/0001127602-12-016575-index.htm,"Statement of changes in beneficial ownership of securities
Acc-no: 0001127602-12-016575 Size: 8 KB",5/11/2012
4,https://www.sec.gov/Archives/edgar/data/21344/000112760212016306/0001127602-12-016306-index.htm,"Statement of changes in beneficial ownership of securities
Acc-no: 0001127602-12-016306 Size: 6 KB",5/9/2012
4,https://www.sec.gov/Archives/edgar/data/21344/000112760212015461/0001127602-12-015461-index.htm,"Statement of changes in beneficial ownership of securities
Acc-no: 0001127602-12-015461 Size: 7 KB",5/2/2012
4,https://www.sec.gov/Archives/edgar/data/21344/000112760212015455/0001127602-12-015455-index.htm,"Statement of changes in beneficial ownership of securities
Acc-no: 0001127602-12-015455 Size: 18 KB",5/2/2012
4,https://www.sec.gov/Archives/edgar/data/21344/000112760212015449/0001127602-12-015449-index.htm,"Statement of changes in beneficial ownership of securities
Acc-no: 0001127602-12-015449 Size: 7 KB",5/2/2012
4,https://www.sec.gov/Archives/edgar/data/21344/000112760212015447/0001127602-12-015447-index.htm,"Statement of changes in beneficial ownership of securities
Acc-no: 0001127602-12-015447 Size: 11 KB",5/2/2012
4,https://www.sec.gov/Archives/edgar/data/21344/000112760212015141/0001127602-12-015141-index.htm,"Statement of changes in beneficial ownership of securities
Acc-no: 0001127602-12-015141 Size: 6 KB",5/1/2012
4,https://www.sec.gov/Archives/edgar/data/21344/000112760212015140/0001127602-12-015140-index.htm,"Statement of changes in beneficial ownership of securities
Acc-no: 0001127602-12-015140 Size: 6 KB",5/1/2012
4,https://www.sec.gov/Archives/edgar/data/21344/000112760212015138/0001127602-12-015138-index.htm,"Statement of changes in beneficial ownership of securities
Acc-no: 0001127602-12-015138 Size: 15 KB",5/1/2012
8-K,https://www.sec.gov/Archives/edgar/data/21344/000002134412000026/0000021344-12-000026-index.htm,"Current report, item 5.07
Acc-no: 0000021344-12-000026 (34 Act)  Size: 101 KB",4/27/2012
8-K/A,https://www.sec.gov/Archives/edgar/data/21344/000002134412000019/0000021344-12-000019-index.htm,"[Amend] Current report, items 2.02 and 9.01
Acc-no: 0000021344-12-000019 (34 Act)  Size: 1 MB",4/17/2012
8-K,https://www.sec.gov/Archives/edgar/data/21344/000002134412000017/0000021344-12-000017-index.htm,"Current report, items 2.02 and 9.01
Acc-no: 0000021344-12-000017 (34 Act)  Size: 1 MB",4/17/2012
4,https://www.sec.gov/Archives/edgar/data/21344/000112760212013006/0001127602-12-013006-index.htm,"Statement of changes in beneficial ownership of securities
Acc-no: 0001127602-12-013006 Size: 13 KB",4/3/2012
SC 13D/A,https://www.sec.gov/Archives/edgar/data/21344/000002134412000013/0000021344-12-000013-index.htm,"[Amend] General Statement of Acquisition of Beneficial Ownership
Acc-no: 0000021344-12-000013 Size: 399 KB",4/3/2012
4,https://www.sec.gov/Archives/edgar/data/21344/000112760212012934/0001127602-12-012934-index.htm,"Statement of changes in beneficial ownership of securities
Acc-no: 0001127602-12-012934 Size: 6 KB",4/3/2012
4,https://www.sec.gov/Archives/edgar/data/21344/000112760212012930/0001127602-12-012930-index.htm,"Statement of changes in beneficial ownership of securities
Acc-no: 0001127602-12-012930 Size: 6 KB",4/3/2012
4,https://www.sec.gov/Archives/edgar/data/21344/000112760212012927/0001127602-12-012927-index.htm,"Statement of changes in beneficial ownership of securities
Acc-no: 0001127602-12-012927 Size: 7 KB",4/3/2012
4,https://www.sec.gov/Archives/edgar/data/21344/000112760212012922/0001127602-12-012922-index.htm,"Statement of changes in beneficial ownership of securities
Acc-no: 0001127602-12-012922 Size: 7 KB",4/3/2012
4,https://www.sec.gov/Archives/edgar/data/21344/000112760212012916/0001127602-12-012916-index.htm,"Statement of changes in beneficial ownership of securities
Acc-no: 0001127602-12-012916 Size: 5 KB",4/3/2012
4,https://www.sec.gov/Archives/edgar/data/21344/000112760212012912/0001127602-12-012912-index.htm,"Statement of changes in beneficial ownership of securities
Acc-no: 0001127602-12-012912 Size: 6 KB",4/3/2012
4,https://www.sec.gov/Archives/edgar/data/21344/000112760212012907/0001127602-12-012907-index.htm,"Statement of changes in beneficial ownership of securities
Acc-no: 0001127602-12-012907 Size: 6 KB",4/3/2012
4,https://www.sec.gov/Archives/edgar/data/21344/000112760212012902/0001127602-12-012902-index.htm,"Statement of changes in beneficial ownership of securities
Acc-no: 0001127602-12-012902 Size: 6 KB",4/3/2012
4,https://www.sec.gov/Archives/edgar/data/21344/000112760212012898/0001127602-12-012898-index.htm,"Statement of changes in beneficial ownership of securities
Acc-no: 0001127602-12-012898 Size: 7 KB",4/3/2012
4,https://www.sec.gov/Archives/edgar/data/21344/000112760212012896/0001127602-12-012896-index.htm,"Statement of changes in beneficial ownership of securities
Acc-no: 0001127602-12-012896 Size: 8 KB",4/3/2012
4,https://www.sec.gov/Archives/edgar/data/21344/000112760212012894/0001127602-12-012894-index.htm,"Statement of changes in beneficial ownership of securities
Acc-no: 0001127602-12-012894 Size: 6 KB",4/3/2012
4,https://www.sec.gov/Archives/edgar/data/21344/000112760212012892/0001127602-12-012892-index.htm,"Statement of changes in beneficial ownership of securities
Acc-no: 0001127602-12-012892 Size: 6 KB",4/3/2012
4,https://www.sec.gov/Archives/edgar/data/21344/000112760212012887/0001127602-12-012887-index.htm,"Statement of changes in beneficial ownership of securities
Acc-no: 0001127602-12-012887 Size: 6 KB",4/3/2012
4,https://www.sec.gov/Archives/edgar/data/21344/000112760212012880/0001127602-12-012880-index.htm,"Statement of changes in beneficial ownership of securities
Acc-no: 0001127602-12-012880 Size: 6 KB",4/3/2012
4,https://www.sec.gov/Archives/edgar/data/21344/000112760212012876/0001127602-12-012876-index.htm,"Statement of changes in beneficial ownership of securities
Acc-no: 0001127602-12-012876 Size: 6 KB",4/3/2012
4,https://www.sec.gov/Archives/edgar/data/21344/000112760212012872/0001127602-12-012872-index.htm,"Statement of changes in beneficial ownership of securities
Acc-no: 0001127602-12-012872 Size: 6 KB",4/3/2012
4,https://www.sec.gov/Archives/edgar/data/21344/000112760212012867/0001127602-12-012867-index.htm,"Statement of changes in beneficial ownership of securities
Acc-no: 0001127602-12-012867 Size: 7 KB",4/3/2012
UPLOAD,https://www.sec.gov/Archives/edgar/data/21344/000000000012016317/0000000000-12-016317-index.htm,"[Cover]SEC-generated letter
Acc-no: 0000000000-12-016317 Size: 45 KB",3/30/2012
4,https://www.sec.gov/Archives/edgar/data/21344/000112760212012198/0001127602-12-012198-index.htm,"Statement of changes in beneficial ownership of securities
Acc-no: 0001127602-12-012198 Size: 10 KB",3/30/2012
4,https://www.sec.gov/Archives/edgar/data/21344/000112760212012195/0001127602-12-012195-index.htm,"Statement of changes in beneficial ownership of securities
Acc-no: 0001127602-12-012195 Size: 15 KB",3/30/2012
4,https://www.sec.gov/Archives/edgar/data/21344/000112760212011781/0001127602-12-011781-index.htm,"Statement of changes in beneficial ownership of securities
Acc-no: 0001127602-12-011781 Size: 7 KB",3/26/2012
4,https://www.sec.gov/Archives/edgar/data/21344/000112760212011778/0001127602-12-011778-index.htm,"Statement of changes in beneficial ownership of securities
Acc-no: 0001127602-12-011778 Size: 10 KB",3/26/2012
CORRESP,https://www.sec.gov/Archives/edgar/data/21344/000002134412000010/0000021344-12-000010-index.htm,"[Cover]Correspondence
Acc-no: 0000021344-12-000010 Size: 37 KB",3/22/2012
8-K,https://www.sec.gov/Archives/edgar/data/21344/000110465912018282/0001104659-12-018282-index.htm,"Current report, items 8.01 and 9.01
Acc-no: 0001104659-12-018282 (34 Act)  Size: 471 KB",3/14/2012
4,https://www.sec.gov/Archives/edgar/data/21344/000112760212010627/0001127602-12-010627-index.htm,"Statement of changes in beneficial ownership of securities
Acc-no: 0001127602-12-010627 Size: 5 KB",3/14/2012
424B2,https://www.sec.gov/Archives/edgar/data/21344/000104746912002485/0001047469-12-002485-index.htm,"Prospectus [Rule 424(b)(2)]
Acc-no: 0001047469-12-002485 (33 Act)  Size: 457 KB",3/13/2012
FWP,https://www.sec.gov/Archives/edgar/data/21344/000110465912017228/0001104659-12-017228-index.htm,"Filing under Securities Act Rules 163/433 of free writing prospectuses
Acc-no: 0001104659-12-017228 (34 Act)  Size: 42 KB",3/12/2012
FWP,https://www.sec.gov/Archives/edgar/data/21344/000110465912017227/0001104659-12-017227-index.htm,"Filing under Securities Act Rules 163/433 of free writing prospectuses
Acc-no: 0001104659-12-017227 (34 Act)  Size: 42 KB",3/12/2012
UPLOAD,https://www.sec.gov/Archives/edgar/data/21344/000000000012012394/0000000000-12-012394-index.htm,"[Cover]SEC-generated letter
Acc-no: 0000000000-12-012394 Size: 56 KB",3/9/2012
424B5,https://www.sec.gov/Archives/edgar/data/21344/000104746912002337/0001047469-12-002337-index.htm,"Prospectus [Rule 424(b)(5)]
Acc-no: 0001047469-12-002337 (33 Act)  Size: 451 KB",3/9/2012
DEFA14A,https://www.sec.gov/Archives/edgar/data/21344/000130817912000058/0001308179-12-000058-index.htm,"Additional definitive proxy soliciting materials and Rule 14(a)(12) material
Acc-no: 0001308179-12-000058 (34 Act)  Size: 610 KB",3/8/2012
DEFA14A,https://www.sec.gov/Archives/edgar/data/21344/000130817912000057/0001308179-12-000057-index.htm,"Additional definitive proxy soliciting materials and Rule 14(a)(12) material
Acc-no: 0001308179-12-000057 (34 Act)  Size: 54 KB",3/8/2012
DEFA14A,https://www.sec.gov/Archives/edgar/data/21344/000130817912000056/0001308179-12-000056-index.htm,"Additional definitive proxy soliciting materials and Rule 14(a)(12) material
Acc-no: 0001308179-12-000056 (34 Act)  Size: 1 MB",3/8/2012
DEF 14A,https://www.sec.gov/Archives/edgar/data/21344/000130817912000055/0001308179-12-000055-index.htm,"Other definitive proxy statements
Acc-no: 0001308179-12-000055 (34 Act)  Size: 4 MB",3/8/2012
4,https://www.sec.gov/Archives/edgar/data/21344/000112760212009741/0001127602-12-009741-index.htm,"Statement of changes in beneficial ownership of securities
Acc-no: 0001127602-12-009741 Size: 12 KB",3/6/2012
4,https://www.sec.gov/Archives/edgar/data/21344/000112760212009739/0001127602-12-009739-index.htm,"Statement of changes in beneficial ownership of securities
Acc-no: 0001127602-12-009739 Size: 8 KB",3/6/2012
4,https://www.sec.gov/Archives/edgar/data/21344/000112760212009158/0001127602-12-009158-index.htm,"Statement of changes in beneficial ownership of securities
Acc-no: 0001127602-12-009158 Size: 10 KB",3/2/2012
4,https://www.sec.gov/Archives/edgar/data/21344/000112760212008837/0001127602-12-008837-index.htm,"Statement of changes in beneficial ownership of securities
Acc-no: 0001127602-12-008837 Size: 8 KB",3/1/2012
4,https://www.sec.gov/Archives/edgar/data/21344/000112760212008836/0001127602-12-008836-index.htm,"Statement of changes in beneficial ownership of securities
Acc-no: 0001127602-12-008836 Size: 6 KB",3/1/2012
NO ACT,https://www.sec.gov/Archives/edgar/data/21344/999999999712002047/9999999997-12-002047-index.htm,"[Paper]No Action Letter
Acc-no: 9999999997-12-002047 (34 Act)  Size: 1 KB",2/29/2012
4,https://www.sec.gov/Archives/edgar/data/21344/000112760212008297/0001127602-12-008297-index.htm,"Statement of changes in beneficial ownership of securities
Acc-no: 0001127602-12-008297 Size: 19 KB",2/28/2012
4,https://www.sec.gov/Archives/edgar/data/21344/000112760212008293/0001127602-12-008293-index.htm,"Statement of changes in beneficial ownership of securities
Acc-no: 0001127602-12-008293 Size: 6 KB",2/28/2012
S-8,https://www.sec.gov/Archives/edgar/data/21344/000110465912012829/0001104659-12-012829-index.htm,"Securities to be offered to employees in employee benefit plans
Acc-no: 0001104659-12-012829 (33 Act)  Size: 210 KB",2/27/2012
S-8,https://www.sec.gov/Archives/edgar/data/21344/000110465912012826/0001104659-12-012826-index.htm,"Securities to be offered to employees in employee benefit plans
Acc-no: 0001104659-12-012826 (33 Act)  Size: 199 KB",2/27/2012
S-8 POS,https://www.sec.gov/Archives/edgar/data/21344/000110465912012825/0001104659-12-012825-index.htm,"Securities to be offered to employees in employee benefit plans, post-effective amendments
Acc-no: 0001104659-12-012825 (33 Act)  Size: 160 KB",2/27/2012
4,https://www.sec.gov/Archives/edgar/data/21344/000112760212007739/0001127602-12-007739-index.htm,"Statement of changes in beneficial ownership of securities
Acc-no: 0001127602-12-007739 Size: 5 KB",2/24/2012
4,https://www.sec.gov/Archives/edgar/data/21344/000112760212007669/0001127602-12-007669-index.htm,"Statement of changes in beneficial ownership of securities
Acc-no: 0001127602-12-007669 Size: 7 KB",2/23/2012
4,https://www.sec.gov/Archives/edgar/data/21344/000112760212007665/0001127602-12-007665-index.htm,"Statement of changes in beneficial ownership of securities
Acc-no: 0001127602-12-007665 Size: 6 KB",2/23/2012
4,https://www.sec.gov/Archives/edgar/data/21344/000112760212007649/0001127602-12-007649-index.htm,"Statement of changes in beneficial ownership of securities
Acc-no: 0001127602-12-007649 Size: 4 KB",2/23/2012
4,https://www.sec.gov/Archives/edgar/data/21344/000112760212007647/0001127602-12-007647-index.htm,"Statement of changes in beneficial ownership of securities
Acc-no: 0001127602-12-007647 Size: 7 KB",2/23/2012
4,https://www.sec.gov/Archives/edgar/data/21344/000112760212007645/0001127602-12-007645-index.htm,"Statement of changes in beneficial ownership of securities
Acc-no: 0001127602-12-007645 Size: 6 KB",2/23/2012
4,https://www.sec.gov/Archives/edgar/data/21344/000112760212007642/0001127602-12-007642-index.htm,"Statement of changes in beneficial ownership of securities
Acc-no: 0001127602-12-007642 Size: 7 KB",2/23/2012
4,https://www.sec.gov/Archives/edgar/data/21344/000112760212007640/0001127602-12-007640-index.htm,"Statement of changes in beneficial ownership of securities
Acc-no: 0001127602-12-007640 Size: 6 KB",2/23/2012
4,https://www.sec.gov/Archives/edgar/data/21344/000112760212007633/0001127602-12-007633-index.htm,"Statement of changes in beneficial ownership of securities
Acc-no: 0001127602-12-007633 Size: 4 KB",2/23/2012
4,https://www.sec.gov/Archives/edgar/data/21344/000112760212007629/0001127602-12-007629-index.htm,"Statement of changes in beneficial ownership of securities
Acc-no: 0001127602-12-007629 Size: 7 KB",2/23/2012
4,https://www.sec.gov/Archives/edgar/data/21344/000112760212007625/0001127602-12-007625-index.htm,"Statement of changes in beneficial ownership of securities
Acc-no: 0001127602-12-007625 Size: 6 KB",2/23/2012
4,https://www.sec.gov/Archives/edgar/data/21344/000112760212007622/0001127602-12-007622-index.htm,"Statement of changes in beneficial ownership of securities
Acc-no: 0001127602-12-007622 Size: 4 KB",2/23/2012
4,https://www.sec.gov/Archives/edgar/data/21344/000112760212007620/0001127602-12-007620-index.htm,"Statement of changes in beneficial ownership of securities
Acc-no: 0001127602-12-007620 Size: 4 KB",2/23/2012
4,https://www.sec.gov/Archives/edgar/data/21344/000112760212007617/0001127602-12-007617-index.htm,"Statement of changes in beneficial ownership of securities
Acc-no: 0001127602-12-007617 Size: 4 KB",2/23/2012
4,https://www.sec.gov/Archives/edgar/data/21344/000112760212007613/0001127602-12-007613-index.htm,"Statement of changes in beneficial ownership of securities
Acc-no: 0001127602-12-007613 Size: 6 KB",2/23/2012
4,https://www.sec.gov/Archives/edgar/data/21344/000112760212007610/0001127602-12-007610-index.htm,"Statement of changes in beneficial ownership of securities
Acc-no: 0001127602-12-007610 Size: 26 KB",2/23/2012
4,https://www.sec.gov/Archives/edgar/data/21344/000112760212007607/0001127602-12-007607-index.htm,"Statement of changes in beneficial ownership of securities
Acc-no: 0001127602-12-007607 Size: 6 KB",2/23/2012
4,https://www.sec.gov/Archives/edgar/data/21344/000112760212007604/0001127602-12-007604-index.htm,"Statement of changes in beneficial ownership of securities
Acc-no: 0001127602-12-007604 Size: 6 KB",2/23/2012
8-K,https://www.sec.gov/Archives/edgar/data/21344/000002134412000002/0000021344-12-000002-index.htm,"Current report, items 5.02 and 9.01
Acc-no: 0000021344-12-000002 (34 Act)  Size: 105 KB",2/21/2012
4,https://www.sec.gov/Archives/edgar/data/21344/000112760212007098/0001127602-12-007098-index.htm,"Statement of changes in beneficial ownership of securities
Acc-no: 0001127602-12-007098 Size: 6 KB",2/21/2012
4,https://www.sec.gov/Archives/edgar/data/21344/000112760212007096/0001127602-12-007096-index.htm,"Statement of changes in beneficial ownership of securities
Acc-no: 0001127602-12-007096 Size: 5 KB",2/21/2012
4,https://www.sec.gov/Archives/edgar/data/21344/000112760212007093/0001127602-12-007093-index.htm,"Statement of changes in beneficial ownership of securities
Acc-no: 0001127602-12-007093 Size: 13 KB",2/21/2012
4,https://www.sec.gov/Archives/edgar/data/21344/000112760212007090/0001127602-12-007090-index.htm,"Statement of changes in beneficial ownership of securities
Acc-no: 0001127602-12-007090 Size: 9 KB",2/21/2012
4,https://www.sec.gov/Archives/edgar/data/21344/000112760212007088/0001127602-12-007088-index.htm,"Statement of changes in beneficial ownership of securities
Acc-no: 0001127602-12-007088 Size: 9 KB",2/21/2012
4,https://www.sec.gov/Archives/edgar/data/21344/000112760212007083/0001127602-12-007083-index.htm,"Statement of changes in beneficial ownership of securities
Acc-no: 0001127602-12-007083 Size: 8 KB",2/21/2012
4,https://www.sec.gov/Archives/edgar/data/21344/000112760212007082/0001127602-12-007082-index.htm,"Statement of changes in beneficial ownership of securities
Acc-no: 0001127602-12-007082 Size: 6 KB",2/21/2012
4,https://www.sec.gov/Archives/edgar/data/21344/000112760212007079/0001127602-12-007079-index.htm,"Statement of changes in beneficial ownership of securities
Acc-no: 0001127602-12-007079 Size: 8 KB",2/21/2012
4,https://www.sec.gov/Archives/edgar/data/21344/000112760212007077/0001127602-12-007077-index.htm,"Statement of changes in beneficial ownership of securities
Acc-no: 0001127602-12-007077 Size: 5 KB",2/21/2012
4,https://www.sec.gov/Archives/edgar/data/21344/000112760212007059/0001127602-12-007059-index.htm,"Statement of changes in beneficial ownership of securities
Acc-no: 0001127602-12-007059 Size: 8 KB",2/21/2012
4,https://www.sec.gov/Archives/edgar/data/21344/000112760212007057/0001127602-12-007057-index.htm,"Statement of changes in beneficial ownership of securities
Acc-no: 0001127602-12-007057 Size: 8 KB",2/21/2012
4,https://www.sec.gov/Archives/edgar/data/21344/000112760212007054/0001127602-12-007054-index.htm,"Statement of changes in beneficial ownership of securities
Acc-no: 0001127602-12-007054 Size: 8 KB",2/21/2012
4,https://www.sec.gov/Archives/edgar/data/21344/000112760212007052/0001127602-12-007052-index.htm,"Statement of changes in beneficial ownership of securities
Acc-no: 0001127602-12-007052 Size: 8 KB",2/21/2012
4,https://www.sec.gov/Archives/edgar/data/21344/000112760212007050/0001127602-12-007050-index.htm,"Statement of changes in beneficial ownership of securities
Acc-no: 0001127602-12-007050 Size: 9 KB",2/21/2012
4,https://www.sec.gov/Archives/edgar/data/21344/000112760212007049/0001127602-12-007049-index.htm,"Statement of changes in beneficial ownership of securities
Acc-no: 0001127602-12-007049 Size: 6 KB",2/21/2012
4,https://www.sec.gov/Archives/edgar/data/21344/000112760212007046/0001127602-12-007046-index.htm,"Statement of changes in beneficial ownership of securities
Acc-no: 0001127602-12-007046 Size: 8 KB",2/21/2012
4,https://www.sec.gov/Archives/edgar/data/21344/000112760212007045/0001127602-12-007045-index.htm,"Statement of changes in beneficial ownership of securities
Acc-no: 0001127602-12-007045 Size: 9 KB",2/21/2012
3,https://www.sec.gov/Archives/edgar/data/21344/000112760212006661/0001127602-12-006661-index.htm,"Initial statement of beneficial ownership of securities
Acc-no: 0001127602-12-006661 Size: 7 KB",2/17/2012
8-K,https://www.sec.gov/Archives/edgar/data/21344/000110465912010168/0001104659-12-010168-index.htm,"Current report, items 5.02 and 9.01
Acc-no: 0001104659-12-010168 (34 Act)  Size: 468 KB",2/15/2012
5,https://www.sec.gov/Archives/edgar/data/21344/000112760212005491/0001127602-12-005491-index.htm,"Annual statement of changes in beneficial ownership of securities
Acc-no: 0001127602-12-005491 Size: 3 KB",2/13/2012
8-K,https://www.sec.gov/Archives/edgar/data/21344/000110465912007148/0001104659-12-007148-index.htm,"Current report, items 2.02 and 9.01
Acc-no: 0001104659-12-007148 (34 Act)  Size: 1 MB",2/7/2012
NO ACT,https://www.sec.gov/Archives/edgar/data/21344/999999999712000606/9999999997-12-000606-index.htm,"[Paper]No Action Letter
Acc-no: 9999999997-12-000606 (34 Act)  Size: 1 KB",1/25/2012
NO ACT,https://www.sec.gov/Archives/edgar/data/21344/999999999712000553/9999999997-12-000553-index.htm,"[Paper]No Action Letter
Acc-no: 9999999997-12-000553 (34 Act)  Size: 1 KB",1/17/2012
4,https://www.sec.gov/Archives/edgar/data/21344/000112760212001808/0001127602-12-001808-index.htm,"Statement of changes in beneficial ownership of securities
Acc-no: 0001127602-12-001808 Size: 7 KB",1/17/2012
4,https://www.sec.gov/Archives/edgar/data/21344/000112760212001807/0001127602-12-001807-index.htm,"Statement of changes in beneficial ownership of securities
Acc-no: 0001127602-12-001807 Size: 7 KB",1/17/2012
4,https://www.sec.gov/Archives/edgar/data/21344/000112760212001806/0001127602-12-001806-index.htm,"Statement of changes in beneficial ownership of securities
Acc-no: 0001127602-12-001806 Size: 8 KB",1/17/2012
4,https://www.sec.gov/Archives/edgar/data/21344/000112760212000863/0001127602-12-000863-index.htm,"Statement of changes in beneficial ownership of securities
Acc-no: 0001127602-12-000863 Size: 13 KB",1/4/2012
4,https://www.sec.gov/Archives/edgar/data/21344/000112760212000747/0001127602-12-000747-index.htm,"Statement of changes in beneficial ownership of securities
Acc-no: 0001127602-12-000747 Size: 6 KB",1/4/2012
4,https://www.sec.gov/Archives/edgar/data/21344/000112760212000735/0001127602-12-000735-index.htm,"Statement of changes in beneficial ownership of securities
Acc-no: 0001127602-12-000735 Size: 7 KB",1/4/2012
4,https://www.sec.gov/Archives/edgar/data/21344/000112760212000722/0001127602-12-000722-index.htm,"Statement of changes in beneficial ownership of securities
Acc-no: 0001127602-12-000722 Size: 7 KB",1/4/2012
4,https://www.sec.gov/Archives/edgar/data/21344/000112760212000705/0001127602-12-000705-index.htm,"Statement of changes in beneficial ownership of securities
Acc-no: 0001127602-12-000705 Size: 6 KB",1/4/2012
4,https://www.sec.gov/Archives/edgar/data/21344/000112760212000688/0001127602-12-000688-index.htm,"Statement of changes in beneficial ownership of securities
Acc-no: 0001127602-12-000688 Size: 7 KB",1/4/2012
4,https://www.sec.gov/Archives/edgar/data/21344/000112760212000681/0001127602-12-000681-index.htm,"Statement of changes in beneficial ownership of securities
Acc-no: 0001127602-12-000681 Size: 7 KB",1/4/2012
4,https://www.sec.gov/Archives/edgar/data/21344/000112760212000673/0001127602-12-000673-index.htm,"Statement of changes in beneficial ownership of securities
Acc-no: 0001127602-12-000673 Size: 6 KB",1/4/2012
4,https://www.sec.gov/Archives/edgar/data/21344/000112760212000668/0001127602-12-000668-index.htm,"Statement of changes in beneficial ownership of securities
Acc-no: 0001127602-12-000668 Size: 6 KB",1/4/2012
4,https://www.sec.gov/Archives/edgar/data/21344/000112760212000662/0001127602-12-000662-index.htm,"Statement of changes in beneficial ownership of securities
Acc-no: 0001127602-12-000662 Size: 7 KB",1/4/2012
4,https://www.sec.gov/Archives/edgar/data/21344/000112760212000654/0001127602-12-000654-index.htm,"Statement of changes in beneficial ownership of securities
Acc-no: 0001127602-12-000654 Size: 7 KB",1/4/2012
4,https://www.sec.gov/Archives/edgar/data/21344/000112760212000646/0001127602-12-000646-index.htm,"Statement of changes in beneficial ownership of securities
Acc-no: 0001127602-12-000646 Size: 7 KB",1/4/2012
4,https://www.sec.gov/Archives/edgar/data/21344/000112760212000636/0001127602-12-000636-index.htm,"Statement of changes in beneficial ownership of securities
Acc-no: 0001127602-12-000636 Size: 7 KB",1/4/2012
3,https://www.sec.gov/Archives/edgar/data/21344/000112760211032780/0001127602-11-032780-index.htm,"Initial statement of beneficial ownership of securities
Acc-no: 0001127602-11-032780 Size: 22 KB",12/19/2011
8-K,https://www.sec.gov/Archives/edgar/data/21344/000002134411000015/0000021344-11-000015-index.htm,"Current report, item 5.02
Acc-no: 0000021344-11-000015 (34 Act)  Size: 216 KB",12/19/2011
4,https://www.sec.gov/Archives/edgar/data/21344/000112760211032750/0001127602-11-032750-index.htm,"Statement of changes in beneficial ownership of securities
Acc-no: 0001127602-11-032750 Size: 6 KB",12/19/2011
4,https://www.sec.gov/Archives/edgar/data/21344/000112760211032747/0001127602-11-032747-index.htm,"Statement of changes in beneficial ownership of securities
Acc-no: 0001127602-11-032747 Size: 6 KB",12/19/2011
4,https://www.sec.gov/Archives/edgar/data/21344/000112760211032745/0001127602-11-032745-index.htm,"Statement of changes in beneficial ownership of securities
Acc-no: 0001127602-11-032745 Size: 7 KB",12/19/2011
4,https://www.sec.gov/Archives/edgar/data/21344/000112760211032741/0001127602-11-032741-index.htm,"Statement of changes in beneficial ownership of securities
Acc-no: 0001127602-11-032741 Size: 6 KB",12/19/2011
4,https://www.sec.gov/Archives/edgar/data/21344/000112760211032738/0001127602-11-032738-index.htm,"Statement of changes in beneficial ownership of securities
Acc-no: 0001127602-11-032738 Size: 6 KB",12/19/2011
4,https://www.sec.gov/Archives/edgar/data/21344/000112760211032736/0001127602-11-032736-index.htm,"Statement of changes in beneficial ownership of securities
Acc-no: 0001127602-11-032736 Size: 6 KB",12/19/2011
4,https://www.sec.gov/Archives/edgar/data/21344/000112760211032734/0001127602-11-032734-index.htm,"Statement of changes in beneficial ownership of securities
Acc-no: 0001127602-11-032734 Size: 6 KB",12/19/2011
4,https://www.sec.gov/Archives/edgar/data/21344/000112760211032732/0001127602-11-032732-index.htm,"Statement of changes in beneficial ownership of securities
Acc-no: 0001127602-11-032732 Size: 8 KB",12/19/2011
4,https://www.sec.gov/Archives/edgar/data/21344/000112760211032730/0001127602-11-032730-index.htm,"Statement of changes in beneficial ownership of securities
Acc-no: 0001127602-11-032730 Size: 6 KB",12/19/2011
4,https://www.sec.gov/Archives/edgar/data/21344/000112760211032728/0001127602-11-032728-index.htm,"Statement of changes in beneficial ownership of securities
Acc-no: 0001127602-11-032728 Size: 5 KB",12/19/2011
4,https://www.sec.gov/Archives/edgar/data/21344/000112760211032724/0001127602-11-032724-index.htm,"Statement of changes in beneficial ownership of securities
Acc-no: 0001127602-11-032724 Size: 6 KB",12/19/2011
4,https://www.sec.gov/Archives/edgar/data/21344/000112760211032721/0001127602-11-032721-index.htm,"Statement of changes in beneficial ownership of securities
Acc-no: 0001127602-11-032721 Size: 6 KB",12/19/2011
4,https://www.sec.gov/Archives/edgar/data/21344/000112760211032719/0001127602-11-032719-index.htm,"Statement of changes in beneficial ownership of securities
Acc-no: 0001127602-11-032719 Size: 6 KB",12/19/2011
4,https://www.sec.gov/Archives/edgar/data/21344/000112760211032714/0001127602-11-032714-index.htm,"Statement of changes in beneficial ownership of securities
Acc-no: 0001127602-11-032714 Size: 6 KB",12/19/2011
4,https://www.sec.gov/Archives/edgar/data/21344/000112760211032710/0001127602-11-032710-index.htm,"Statement of changes in beneficial ownership of securities
Acc-no: 0001127602-11-032710 Size: 7 KB",12/19/2011
3,https://www.sec.gov/Archives/edgar/data/21344/000112760211032687/0001127602-11-032687-index.htm,"Initial statement of beneficial ownership of securities
Acc-no: 0001127602-11-032687 Size: 6 KB",12/19/2011
EFFECT,https://www.sec.gov/Archives/edgar/data/21344/999999999511003551/9999999995-11-003551-index.htm,"Notice of Effectiveness
Acc-no: 9999999995-11-003551 (33 Act)  Size: 1 KB",12/16/2011
EFFECT,https://www.sec.gov/Archives/edgar/data/21344/999999999511003552/9999999995-11-003552-index.htm,"Notice of Effectiveness
Acc-no: 9999999995-11-003552 (33 Act)  Size: 1 KB",12/16/2011
EFFECT,https://www.sec.gov/Archives/edgar/data/21344/999999999511003561/9999999995-11-003561-index.htm,"Notice of Effectiveness
Acc-no: 9999999995-11-003561 (33 Act)  Size: 1 KB",12/16/2011
EFFECT,https://www.sec.gov/Archives/edgar/data/21344/999999999511003562/9999999995-11-003562-index.htm,"Notice of Effectiveness
Acc-no: 9999999995-11-003562 (33 Act)  Size: 1 KB",12/16/2011
POS AM,https://www.sec.gov/Archives/edgar/data/21344/000110465911068154/0001104659-11-068154-index.htm,"Post-Effective amendments for registration statement
Acc-no: 0001104659-11-068154 (33 Act)  Size: 161 KB",12/7/2011
POS AM,https://www.sec.gov/Archives/edgar/data/21344/000110465911068152/0001104659-11-068152-index.htm,"Post-Effective amendments for registration statement
Acc-no: 0001104659-11-068152 (33 Act)  Size: 148 KB",12/7/2011
POS AM,https://www.sec.gov/Archives/edgar/data/21344/000110465911068151/0001104659-11-068151-index.htm,"Post-Effective amendments for registration statement
Acc-no: 0001104659-11-068151 (33 Act)  Size: 157 KB",12/7/2011
POS AM,https://www.sec.gov/Archives/edgar/data/21344/000110465911068150/0001104659-11-068150-index.htm,"Post-Effective amendments for registration statement
Acc-no: 0001104659-11-068150 (33 Act)  Size: 147 KB",12/7/2011
4,https://www.sec.gov/Archives/edgar/data/21344/000112760211030993/0001127602-11-030993-index.htm,"Statement of changes in beneficial ownership of securities
Acc-no: 0001127602-11-030993 Size: 4 KB",12/2/2011
4,https://www.sec.gov/Archives/edgar/data/21344/000112760211029409/0001127602-11-029409-index.htm,"Statement of changes in beneficial ownership of securities
Acc-no: 0001127602-11-029409 Size: 32 KB",11/14/2011
424B3,https://www.sec.gov/Archives/edgar/data/21344/000104746911009382/0001047469-11-009382-index.htm,"Prospectus [Rule 424(b)(3)]
Acc-no: 0001047469-11-009382 (33 Act)  Size: 314 KB",11/10/2011
EFFECT,https://www.sec.gov/Archives/edgar/data/21344/999999999511003210/9999999995-11-003210-index.htm,"Notice of Effectiveness
Acc-no: 9999999995-11-003210 (33 Act)  Size: 1 KB",11/9/2011 16:00
4,https://www.sec.gov/Archives/edgar/data/21344/000112760211029119/0001127602-11-029119-index.htm,"Statement of changes in beneficial ownership of securities
Acc-no: 0001127602-11-029119 Size: 6 KB",11/9/2011
4,https://www.sec.gov/Archives/edgar/data/21344/000112760211028743/0001127602-11-028743-index.htm,"Statement of changes in beneficial ownership of securities
Acc-no: 0001127602-11-028743 Size: 23 KB",11/7/2011
4,https://www.sec.gov/Archives/edgar/data/21344/000112760211028513/0001127602-11-028513-index.htm,"Statement of changes in beneficial ownership of securities
Acc-no: 0001127602-11-028513 Size: 6 KB",11/3/2011
4,https://www.sec.gov/Archives/edgar/data/21344/000112760211027940/0001127602-11-027940-index.htm,"Statement of changes in beneficial ownership of securities
Acc-no: 0001127602-11-027940 Size: 10 KB",10/31/2011
S-4,https://www.sec.gov/Archives/edgar/data/21344/000104746911008793/0001047469-11-008793-index.htm,"Registration of securities, business combinations
Acc-no: 0001047469-11-008793 (33 Act)  Size: 1 MB",10/28/2011
8-K,https://www.sec.gov/Archives/edgar/data/21344/000110465911056480/0001104659-11-056480-index.htm,"Current report, items 2.02 and 9.01
Acc-no: 0001104659-11-056480 (34 Act)  Size: 1 MB",10/18/2011
UPLOAD,https://www.sec.gov/Archives/edgar/data/21344/000000000011059616/0000000000-11-059616-index.htm,"[Cover]SEC-generated letter
Acc-no: 0000000000-11-059616 Size: 45 KB",10/11/2011
4,https://www.sec.gov/Archives/edgar/data/21344/000112760211026776/0001127602-11-026776-index.htm,"Statement of changes in beneficial ownership of securities
Acc-no: 0001127602-11-026776 Size: 6 KB",10/4/2011
4,https://www.sec.gov/Archives/edgar/data/21344/000112760211026773/0001127602-11-026773-index.htm,"Statement of changes in beneficial ownership of securities
Acc-no: 0001127602-11-026773 Size: 6 KB",10/4/2011
4,https://www.sec.gov/Archives/edgar/data/21344/000112760211026769/0001127602-11-026769-index.htm,"Statement of changes in beneficial ownership of securities
Acc-no: 0001127602-11-026769 Size: 7 KB",10/4/2011
4,https://www.sec.gov/Archives/edgar/data/21344/000112760211026762/0001127602-11-026762-index.htm,"Statement of changes in beneficial ownership of securities
Acc-no: 0001127602-11-026762 Size: 6 KB",10/4/2011
4,https://www.sec.gov/Archives/edgar/data/21344/000112760211026759/0001127602-11-026759-index.htm,"Statement of changes in beneficial ownership of securities
Acc-no: 0001127602-11-026759 Size: 6 KB",10/4/2011
4,https://www.sec.gov/Archives/edgar/data/21344/000112760211026755/0001127602-11-026755-index.htm,"Statement of changes in beneficial ownership of securities
Acc-no: 0001127602-11-026755 Size: 6 KB",10/4/2011
4,https://www.sec.gov/Archives/edgar/data/21344/000112760211026752/0001127602-11-026752-index.htm,"Statement of changes in beneficial ownership of securities
Acc-no: 0001127602-11-026752 Size: 6 KB",10/4/2011
4,https://www.sec.gov/Archives/edgar/data/21344/000112760211026748/0001127602-11-026748-index.htm,"Statement of changes in beneficial ownership of securities
Acc-no: 0001127602-11-026748 Size: 8 KB",10/4/2011
4,https://www.sec.gov/Archives/edgar/data/21344/000112760211026743/0001127602-11-026743-index.htm,"Statement of changes in beneficial ownership of securities
Acc-no: 0001127602-11-026743 Size: 6 KB",10/4/2011
4,https://www.sec.gov/Archives/edgar/data/21344/000112760211026740/0001127602-11-026740-index.htm,"Statement of changes in beneficial ownership of securities
Acc-no: 0001127602-11-026740 Size: 5 KB",10/4/2011
4,https://www.sec.gov/Archives/edgar/data/21344/000112760211026736/0001127602-11-026736-index.htm,"Statement of changes in beneficial ownership of securities
Acc-no: 0001127602-11-026736 Size: 6 KB",10/4/2011
4,https://www.sec.gov/Archives/edgar/data/21344/000112760211026734/0001127602-11-026734-index.htm,"Statement of changes in beneficial ownership of securities
Acc-no: 0001127602-11-026734 Size: 6 KB",10/4/2011
4,https://www.sec.gov/Archives/edgar/data/21344/000112760211026732/0001127602-11-026732-index.htm,"Statement of changes in beneficial ownership of securities
Acc-no: 0001127602-11-026732 Size: 6 KB",10/4/2011
4,https://www.sec.gov/Archives/edgar/data/21344/000112760211026729/0001127602-11-026729-index.htm,"Statement of changes in beneficial ownership of securities
Acc-no: 0001127602-11-026729 Size: 7 KB",10/4/2011
CORRESP,https://www.sec.gov/Archives/edgar/data/21344/000002134411000007/0000021344-11-000007-index.htm,"[Cover]Correspondence
Acc-no: 0000021344-11-000007 Size: 150 KB",9/30/2011
4,https://www.sec.gov/Archives/edgar/data/21344/000112760211025732/0001127602-11-025732-index.htm,"Statement of changes in beneficial ownership of securities
Acc-no: 0001127602-11-025732 Size: 9 KB",9/21/2011
4,https://www.sec.gov/Archives/edgar/data/21344/000112760211025731/0001127602-11-025731-index.htm,"Statement of changes in beneficial ownership of securities
Acc-no: 0001127602-11-025731 Size: 8 KB",9/21/2011
CORRESP,https://www.sec.gov/Archives/edgar/data/21344/000002134411000005/0000021344-11-000005-index.htm,"[Cover]Correspondence
Acc-no: 0000021344-11-000005 Size: 18 KB",9/21/2011
4,https://www.sec.gov/Archives/edgar/data/21344/000112760211025465/0001127602-11-025465-index.htm,"Statement of changes in beneficial ownership of securities
Acc-no: 0001127602-11-025465 Size: 14 KB",9/19/2011
4/A,https://www.sec.gov/Archives/edgar/data/21344/000112760211025288/0001127602-11-025288-index.htm,"[Amend] Statement of changes in beneficial ownership of securities
Acc-no: 0001127602-11-025288 Size: 5 KB",9/15/2011
4,https://www.sec.gov/Archives/edgar/data/21344/000112760211025024/0001127602-11-025024-index.htm,"Statement of changes in beneficial ownership of securities
Acc-no: 0001127602-11-025024 Size: 10 KB",9/12/2011
4,https://www.sec.gov/Archives/edgar/data/21344/000112760211024796/0001127602-11-024796-index.htm,"Statement of changes in beneficial ownership of securities
Acc-no: 0001127602-11-024796 Size: 4 KB",9/6/2011
UPLOAD,https://www.sec.gov/Archives/edgar/data/21344/000000000011052869/0000000000-11-052869-index.htm,"[Cover]SEC-generated letter
Acc-no: 0000000000-11-052869 Size: 51 KB",9/2/2011
8-K,https://www.sec.gov/Archives/edgar/data/21344/000134100411001698/0001341004-11-001698-index.htm,"Current report, item 2.03
Acc-no: 0001341004-11-001698 (34 Act)  Size: 52 KB",9/1/2011
4,https://www.sec.gov/Archives/edgar/data/21344/000112760211024613/0001127602-11-024613-index.htm,"Statement of changes in beneficial ownership of securities
Acc-no: 0001127602-11-024613 Size: 11 KB",9/1/2011
4,https://www.sec.gov/Archives/edgar/data/21344/000112760211024582/0001127602-11-024582-index.htm,"Statement of changes in beneficial ownership of securities
Acc-no: 0001127602-11-024582 Size: 26 KB",9/1/2011
8-K,https://www.sec.gov/Archives/edgar/data/21344/000134100411001645/0001341004-11-001645-index.htm,"Current report, item 2.03
Acc-no: 0001341004-11-001645 (34 Act)  Size: 51 KB",8/19/2011
4,https://www.sec.gov/Archives/edgar/data/21344/000112760211023909/0001127602-11-023909-index.htm,"Statement of changes in beneficial ownership of securities
Acc-no: 0001127602-11-023909 Size: 10 KB",8/18/2011
4,https://www.sec.gov/Archives/edgar/data/21344/000112760211023708/0001127602-11-023708-index.htm,"Statement of changes in beneficial ownership of securities
Acc-no: 0001127602-11-023708 Size: 8 KB",8/16/2011
8-K,https://www.sec.gov/Archives/edgar/data/21344/000110465911044947/0001104659-11-044947-index.htm,"Current report, items 2.03 and 9.01
Acc-no: 0001104659-11-044947 (34 Act)  Size: 324 KB",8/8/2011
CORRESP,https://www.sec.gov/Archives/edgar/data/21344/000104746911007000/0001047469-11-007000-index.htm,"[Cover]Correspondence
Acc-no: 0001047469-11-007000 Size: 1 MB",8/5/2011
4,https://www.sec.gov/Archives/edgar/data/21344/000112760211022198/0001127602-11-022198-index.htm,"Statement of changes in beneficial ownership of securities
Acc-no: 0001127602-11-022198 Size: 15 KB",7/28/2011
4,https://www.sec.gov/Archives/edgar/data/21344/000112760211021850/0001127602-11-021850-index.htm,"Statement of changes in beneficial ownership of securities
Acc-no: 0001127602-11-021850 Size: 10 KB",7/21/2011
4,https://www.sec.gov/Archives/edgar/data/21344/000112760211021849/0001127602-11-021849-index.htm,"Statement of changes in beneficial ownership of securities
Acc-no: 0001127602-11-021849 Size: 11 KB",7/21/2011
8-K,https://www.sec.gov/Archives/edgar/data/21344/000110465911039543/0001104659-11-039543-index.htm,"Current report, items 2.02 and 9.01
Acc-no: 0001104659-11-039543 (34 Act)  Size: 1 MB",7/19/2011
CORRESP,https://www.sec.gov/Archives/edgar/data/21344/000104746911006342/0001047469-11-006342-index.htm,"[Cover]Correspondence
Acc-no: 0001047469-11-006342 Size: 19 KB",7/14/2011
4,https://www.sec.gov/Archives/edgar/data/21344/000112760211020946/0001127602-11-020946-index.htm,"Statement of changes in beneficial ownership of securities
Acc-no: 0001127602-11-020946 Size: 6 KB",7/6/2011
4,https://www.sec.gov/Archives/edgar/data/21344/000112760211020943/0001127602-11-020943-index.htm,"Statement of changes in beneficial ownership of securities
Acc-no: 0001127602-11-020943 Size: 6 KB",7/6/2011
4,https://www.sec.gov/Archives/edgar/data/21344/000112760211020941/0001127602-11-020941-index.htm,"Statement of changes in beneficial ownership of securities
Acc-no: 0001127602-11-020941 Size: 7 KB",7/6/2011
4,https://www.sec.gov/Archives/edgar/data/21344/000112760211020939/0001127602-11-020939-index.htm,"Statement of changes in beneficial ownership of securities
Acc-no: 0001127602-11-020939 Size: 7 KB",7/6/2011
4,https://www.sec.gov/Archives/edgar/data/21344/000112760211020935/0001127602-11-020935-index.htm,"Statement of changes in beneficial ownership of securities
Acc-no: 0001127602-11-020935 Size: 6 KB",7/6/2011
4,https://www.sec.gov/Archives/edgar/data/21344/000112760211020933/0001127602-11-020933-index.htm,"Statement of changes in beneficial ownership of securities
Acc-no: 0001127602-11-020933 Size: 6 KB",7/6/2011
4,https://www.sec.gov/Archives/edgar/data/21344/000112760211020931/0001127602-11-020931-index.htm,"Statement of changes in beneficial ownership of securities
Acc-no: 0001127602-11-020931 Size: 6 KB",7/6/2011
4,https://www.sec.gov/Archives/edgar/data/21344/000112760211020929/0001127602-11-020929-index.htm,"Statement of changes in beneficial ownership of securities
Acc-no: 0001127602-11-020929 Size: 8 KB",7/6/2011
4,https://www.sec.gov/Archives/edgar/data/21344/000112760211020927/0001127602-11-020927-index.htm,"Statement of changes in beneficial ownership of securities
Acc-no: 0001127602-11-020927 Size: 6 KB",7/6/2011
4,https://www.sec.gov/Archives/edgar/data/21344/000112760211020925/0001127602-11-020925-index.htm,"Statement of changes in beneficial ownership of securities
Acc-no: 0001127602-11-020925 Size: 6 KB",7/6/2011
4,https://www.sec.gov/Archives/edgar/data/21344/000112760211020923/0001127602-11-020923-index.htm,"Statement of changes in beneficial ownership of securities
Acc-no: 0001127602-11-020923 Size: 6 KB",7/6/2011
4,https://www.sec.gov/Archives/edgar/data/21344/000112760211020920/0001127602-11-020920-index.htm,"Statement of changes in beneficial ownership of securities
Acc-no: 0001127602-11-020920 Size: 6 KB",7/6/2011
4,https://www.sec.gov/Archives/edgar/data/21344/000112760211020917/0001127602-11-020917-index.htm,"Statement of changes in beneficial ownership of securities
Acc-no: 0001127602-11-020917 Size: 6 KB",7/6/2011
4,https://www.sec.gov/Archives/edgar/data/21344/000112760211020915/0001127602-11-020915-index.htm,"Statement of changes in beneficial ownership of securities
Acc-no: 0001127602-11-020915 Size: 7 KB",7/6/2011
11-K,https://www.sec.gov/Archives/edgar/data/21344/000110465911037069/0001104659-11-037069-index.htm,"Annual report of employee stock purchase, savings and similar plans
Acc-no: 0001104659-11-037069 (34 Act)  Size: 380 KB",6/29/2011
11-K,https://www.sec.gov/Archives/edgar/data/21344/000110465911037068/0001104659-11-037068-index.htm,"Annual report of employee stock purchase, savings and similar plans
Acc-no: 0001104659-11-037068 (34 Act)  Size: 498 KB",6/29/2011
UPLOAD,https://www.sec.gov/Archives/edgar/data/21344/000000000011037643/0000000000-11-037643-index.htm,"[Cover]SEC-generated letter
Acc-no: 0000000000-11-037643 Size: 62 KB",6/20/2011
CORRESP,https://www.sec.gov/Archives/edgar/data/21344/000104746911005022/0001047469-11-005022-index.htm,"[Cover]Correspondence
Acc-no: 0001047469-11-005022 Size: 411 KB",5/12/2011
4,https://www.sec.gov/Archives/edgar/data/21344/000112760211014642/0001127602-11-014642-index.htm,"Statement of changes in beneficial ownership of securities
Acc-no: 0001127602-11-014642 Size: 4 KB",5/3/2011
8-K,https://www.sec.gov/Archives/edgar/data/21344/000002134411000003/0000021344-11-000003-index.htm,"Current report, item 5.07
Acc-no: 0000021344-11-000003 (34 Act)  Size: 89 KB",4/29/2011
8-K,https://www.sec.gov/Archives/edgar/data/21344/000110465911022266/0001104659-11-022266-index.htm,"Current report, items 2.02 and 9.01
Acc-no: 0001104659-11-022266 (34 Act)  Size: 982 KB",4/26/2011
CORRESP,https://www.sec.gov/Archives/edgar/data/21344/000104746911003885/0001047469-11-003885-index.htm,"[Cover]Correspondence
Acc-no: 0001047469-11-003885 Size: 18 KB",4/20/2011
4,https://www.sec.gov/Archives/edgar/data/21344/000112760211013041/0001127602-11-013041-index.htm,"Statement of changes in beneficial ownership of securities
Acc-no: 0001127602-11-013041 Size: 15 KB",4/15/2011
4,https://www.sec.gov/Archives/edgar/data/21344/000112760211012955/0001127602-11-012955-index.htm,"Statement of changes in beneficial ownership of securities
Acc-no: 0001127602-11-012955 Size: 18 KB",4/14/2011
UPLOAD,https://www.sec.gov/Archives/edgar/data/21344/000000000011023469/0000000000-11-023469-index.htm,"[Cover]SEC-generated letter
Acc-no: 0000000000-11-023469 Size: 63 KB",4/14/2011
4,https://www.sec.gov/Archives/edgar/data/21344/000112760211012743/0001127602-11-012743-index.htm,"Statement of changes in beneficial ownership of securities
Acc-no: 0001127602-11-012743 Size: 12 KB",4/8/2011
4,https://www.sec.gov/Archives/edgar/data/21344/000112760211012404/0001127602-11-012404-index.htm,"Statement of changes in beneficial ownership of securities
Acc-no: 0001127602-11-012404 Size: 6 KB",4/5/2011
4,https://www.sec.gov/Archives/edgar/data/21344/000112760211012401/0001127602-11-012401-index.htm,"Statement of changes in beneficial ownership of securities
Acc-no: 0001127602-11-012401 Size: 6 KB",4/5/2011
4,https://www.sec.gov/Archives/edgar/data/21344/000112760211012399/0001127602-11-012399-index.htm,"Statement of changes in beneficial ownership of securities
Acc-no: 0001127602-11-012399 Size: 7 KB",4/5/2011
4,https://www.sec.gov/Archives/edgar/data/21344/000112760211012397/0001127602-11-012397-index.htm,"Statement of changes in beneficial ownership of securities
Acc-no: 0001127602-11-012397 Size: 7 KB",4/5/2011
4,https://www.sec.gov/Archives/edgar/data/21344/000112760211012395/0001127602-11-012395-index.htm,"Statement of changes in beneficial ownership of securities
Acc-no: 0001127602-11-012395 Size: 6 KB",4/5/2011
4,https://www.sec.gov/Archives/edgar/data/21344/000112760211012394/0001127602-11-012394-index.htm,"Statement of changes in beneficial ownership of securities
Acc-no: 0001127602-11-012394 Size: 6 KB",4/5/2011
4,https://www.sec.gov/Archives/edgar/data/21344/000112760211012391/0001127602-11-012391-index.htm,"Statement of changes in beneficial ownership of securities
Acc-no: 0001127602-11-012391 Size: 6 KB",4/5/2011
4,https://www.sec.gov/Archives/edgar/data/21344/000112760211012390/0001127602-11-012390-index.htm,"Statement of changes in beneficial ownership of securities
Acc-no: 0001127602-11-012390 Size: 8 KB",4/5/2011
4,https://www.sec.gov/Archives/edgar/data/21344/000112760211012389/0001127602-11-012389-index.htm,"Statement of changes in beneficial ownership of securities
Acc-no: 0001127602-11-012389 Size: 6 KB",4/5/2011
4,https://www.sec.gov/Archives/edgar/data/21344/000112760211012385/0001127602-11-012385-index.htm,"Statement of changes in beneficial ownership of securities
Acc-no: 0001127602-11-012385 Size: 6 KB",4/5/2011
4,https://www.sec.gov/Archives/edgar/data/21344/000112760211012382/0001127602-11-012382-index.htm,"Statement of changes in beneficial ownership of securities
Acc-no: 0001127602-11-012382 Size: 6 KB",4/5/2011
4,https://www.sec.gov/Archives/edgar/data/21344/000112760211012380/0001127602-11-012380-index.htm,"Statement of changes in beneficial ownership of securities
Acc-no: 0001127602-11-012380 Size: 6 KB",4/5/2011
4,https://www.sec.gov/Archives/edgar/data/21344/000112760211012379/0001127602-11-012379-index.htm,"Statement of changes in beneficial ownership of securities
Acc-no: 0001127602-11-012379 Size: 6 KB",4/5/2011
4,https://www.sec.gov/Archives/edgar/data/21344/000112760211012377/0001127602-11-012377-index.htm,"Statement of changes in beneficial ownership of securities
Acc-no: 0001127602-11-012377 Size: 7 KB",4/5/2011
4,https://www.sec.gov/Archives/edgar/data/21344/000112760211010670/0001127602-11-010670-index.htm,"Statement of changes in beneficial ownership of securities
Acc-no: 0001127602-11-010670 Size: 5 KB",3/18/2011
DEFA14A,https://www.sec.gov/Archives/edgar/data/21344/000095012311023950/0000950123-11-023950-index.htm,"Additional definitive proxy soliciting materials and Rule 14(a)(12) material
Acc-no: 0000950123-11-023950 (34 Act)  Size: 189 KB",3/10/2011
DEFA14A,https://www.sec.gov/Archives/edgar/data/21344/000095012311023945/0000950123-11-023945-index.htm,"Additional definitive proxy soliciting materials and Rule 14(a)(12) material
Acc-no: 0000950123-11-023945 (34 Act)  Size: 34 KB",3/10/2011
DEFA14A,https://www.sec.gov/Archives/edgar/data/21344/000095012311023941/0000950123-11-023941-index.htm,"Additional definitive proxy soliciting materials and Rule 14(a)(12) material
Acc-no: 0000950123-11-023941 (34 Act)  Size: 325 KB",3/10/2011
DEF 14A,https://www.sec.gov/Archives/edgar/data/21344/000095012311023936/0000950123-11-023936-index.htm,"Other definitive proxy statements
Acc-no: 0000950123-11-023936 (34 Act)  Size: 2 MB",3/10/2011
4,https://www.sec.gov/Archives/edgar/data/21344/000112760211008387/0001127602-11-008387-index.htm,"Statement of changes in beneficial ownership of securities
Acc-no: 0001127602-11-008387 Size: 6 KB",3/2/2011
4,https://www.sec.gov/Archives/edgar/data/21344/000112760211008383/0001127602-11-008383-index.htm,"Statement of changes in beneficial ownership of securities
Acc-no: 0001127602-11-008383 Size: 11 KB",3/2/2011
4,https://www.sec.gov/Archives/edgar/data/21344/000112760211008382/0001127602-11-008382-index.htm,"Statement of changes in beneficial ownership of securities
Acc-no: 0001127602-11-008382 Size: 7 KB",3/2/2011
S-8,https://www.sec.gov/Archives/edgar/data/21344/000110465911011456/0001104659-11-011456-index.htm,"Securities to be offered to employees in employee benefit plans
Acc-no: 0001104659-11-011456 (33 Act)  Size: 247 KB",3/1/2011
4,https://www.sec.gov/Archives/edgar/data/21344/000112760211007257/0001127602-11-007257-index.htm,"Statement of changes in beneficial ownership of securities
Acc-no: 0001127602-11-007257 Size: 4 KB",2/24/2011
3,https://www.sec.gov/Archives/edgar/data/21344/000112760211007253/0001127602-11-007253-index.htm,"Initial statement of beneficial ownership of securities
Acc-no: 0001127602-11-007253 Size: 12 KB",2/24/2011
4,https://www.sec.gov/Archives/edgar/data/21344/000112760211006713/0001127602-11-006713-index.htm,"Statement of changes in beneficial ownership of securities
Acc-no: 0001127602-11-006713 Size: 6 KB",2/22/2011
4,https://www.sec.gov/Archives/edgar/data/21344/000112760211006712/0001127602-11-006712-index.htm,"Statement of changes in beneficial ownership of securities
Acc-no: 0001127602-11-006712 Size: 9 KB",2/22/2011
4,https://www.sec.gov/Archives/edgar/data/21344/000112760211006711/0001127602-11-006711-index.htm,"Statement of changes in beneficial ownership of securities
Acc-no: 0001127602-11-006711 Size: 12 KB",2/22/2011
4,https://www.sec.gov/Archives/edgar/data/21344/000112760211006710/0001127602-11-006710-index.htm,"Statement of changes in beneficial ownership of securities
Acc-no: 0001127602-11-006710 Size: 11 KB",2/22/2011
4,https://www.sec.gov/Archives/edgar/data/21344/000112760211006708/0001127602-11-006708-index.htm,"Statement of changes in beneficial ownership of securities
Acc-no: 0001127602-11-006708 Size: 10 KB",2/22/2011
4,https://www.sec.gov/Archives/edgar/data/21344/000112760211006705/0001127602-11-006705-index.htm,"Statement of changes in beneficial ownership of securities
Acc-no: 0001127602-11-006705 Size: 9 KB",2/22/2011
4,https://www.sec.gov/Archives/edgar/data/21344/000112760211006704/0001127602-11-006704-index.htm,"Statement of changes in beneficial ownership of securities
Acc-no: 0001127602-11-006704 Size: 7 KB",2/22/2011
4,https://www.sec.gov/Archives/edgar/data/21344/000112760211006700/0001127602-11-006700-index.htm,"Statement of changes in beneficial ownership of securities
Acc-no: 0001127602-11-006700 Size: 9 KB",2/22/2011
4,https://www.sec.gov/Archives/edgar/data/21344/000112760211006698/0001127602-11-006698-index.htm,"Statement of changes in beneficial ownership of securities
Acc-no: 0001127602-11-006698 Size: 4 KB",2/22/2011
4,https://www.sec.gov/Archives/edgar/data/21344/000112760211006696/0001127602-11-006696-index.htm,"Statement of changes in beneficial ownership of securities
Acc-no: 0001127602-11-006696 Size: 6 KB",2/22/2011
4,https://www.sec.gov/Archives/edgar/data/21344/000112760211006691/0001127602-11-006691-index.htm,"Statement of changes in beneficial ownership of securities
Acc-no: 0001127602-11-006691 Size: 10 KB",2/22/2011
4,https://www.sec.gov/Archives/edgar/data/21344/000112760211006689/0001127602-11-006689-index.htm,"Statement of changes in beneficial ownership of securities
Acc-no: 0001127602-11-006689 Size: 13 KB",2/22/2011
4,https://www.sec.gov/Archives/edgar/data/21344/000112760211006686/0001127602-11-006686-index.htm,"Statement of changes in beneficial ownership of securities
Acc-no: 0001127602-11-006686 Size: 10 KB",2/22/2011
4,https://www.sec.gov/Archives/edgar/data/21344/000112760211006683/0001127602-11-006683-index.htm,"Statement of changes in beneficial ownership of securities
Acc-no: 0001127602-11-006683 Size: 9 KB",2/22/2011
4,https://www.sec.gov/Archives/edgar/data/21344/000112760211006682/0001127602-11-006682-index.htm,"Statement of changes in beneficial ownership of securities
Acc-no: 0001127602-11-006682 Size: 9 KB",2/22/2011
4,https://www.sec.gov/Archives/edgar/data/21344/000112760211006680/0001127602-11-006680-index.htm,"Statement of changes in beneficial ownership of securities
Acc-no: 0001127602-11-006680 Size: 13 KB",2/22/2011
4,https://www.sec.gov/Archives/edgar/data/21344/000112760211006678/0001127602-11-006678-index.htm,"Statement of changes in beneficial ownership of securities
Acc-no: 0001127602-11-006678 Size: 9 KB",2/22/2011
4,https://www.sec.gov/Archives/edgar/data/21344/000112760211006677/0001127602-11-006677-index.htm,"Statement of changes in beneficial ownership of securities
Acc-no: 0001127602-11-006677 Size: 10 KB",2/22/2011
4,https://www.sec.gov/Archives/edgar/data/21344/000112760211006676/0001127602-11-006676-index.htm,"Statement of changes in beneficial ownership of securities
Acc-no: 0001127602-11-006676 Size: 6 KB",2/22/2011
4,https://www.sec.gov/Archives/edgar/data/21344/000112760211006674/0001127602-11-006674-index.htm,"Statement of changes in beneficial ownership of securities
Acc-no: 0001127602-11-006674 Size: 10 KB",2/22/2011
4,https://www.sec.gov/Archives/edgar/data/21344/000112760211006669/0001127602-11-006669-index.htm,"Statement of changes in beneficial ownership of securities
Acc-no: 0001127602-11-006669 Size: 9 KB",2/22/2011
4,https://www.sec.gov/Archives/edgar/data/21344/000112760211006667/0001127602-11-006667-index.htm,"Statement of changes in beneficial ownership of securities
Acc-no: 0001127602-11-006667 Size: 9 KB",2/22/2011
4,https://www.sec.gov/Archives/edgar/data/21344/000112760211006663/0001127602-11-006663-index.htm,"Statement of changes in beneficial ownership of securities
Acc-no: 0001127602-11-006663 Size: 11 KB",2/22/2011
8-K,https://www.sec.gov/Archives/edgar/data/21344/000110465911008035/0001104659-11-008035-index.htm,"Current report, items 5.02 and 9.01
Acc-no: 0001104659-11-008035 (34 Act)  Size: 68 KB",2/17/2011
8-K,https://www.sec.gov/Archives/edgar/data/21344/000110465911007928/0001104659-11-007928-index.htm,"Current report, items 5.02 and 9.01
Acc-no: 0001104659-11-007928 (34 Act)  Size: 502 KB",2/17/2011
8-K,https://www.sec.gov/Archives/edgar/data/21344/000110465911005743/0001104659-11-005743-index.htm,"Current report, items 2.02 and 9.01
Acc-no: 0001104659-11-005743 (34 Act)  Size: 1 MB",2/9/2011
4,https://www.sec.gov/Archives/edgar/data/21344/000112760211004065/0001127602-11-004065-index.htm,"Statement of changes in beneficial ownership of securities
Acc-no: 0001127602-11-004065 Size: 8 KB",2/7/2011
4,https://www.sec.gov/Archives/edgar/data/21344/000112760211002674/0001127602-11-002674-index.htm,"Statement of changes in beneficial ownership of securities
Acc-no: 0001127602-11-002674 Size: 8 KB",1/28/2011
5,https://www.sec.gov/Archives/edgar/data/21344/000112760211002673/0001127602-11-002673-index.htm,"Annual statement of changes in beneficial ownership of securities
Acc-no: 0001127602-11-002673 Size: 8 KB",1/28/2011
5,https://www.sec.gov/Archives/edgar/data/21344/000112760211001742/0001127602-11-001742-index.htm,"Annual statement of changes in beneficial ownership of securities
Acc-no: 0001127602-11-001742 Size: 6 KB",1/18/2011
5,https://www.sec.gov/Archives/edgar/data/21344/000112760211001739/0001127602-11-001739-index.htm,"Annual statement of changes in beneficial ownership of securities
Acc-no: 0001127602-11-001739 Size: 10 KB",1/18/2011
3,https://www.sec.gov/Archives/edgar/data/21344/000112760211001319/0001127602-11-001319-index.htm,"Initial statement of beneficial ownership of securities
Acc-no: 0001127602-11-001319 Size: 28 KB",1/10/2011
4,https://www.sec.gov/Archives/edgar/data/21344/000112760211000733/0001127602-11-000733-index.htm,"Statement of changes in beneficial ownership of securities
Acc-no: 0001127602-11-000733 Size: 17 KB",1/4/2011
4,https://www.sec.gov/Archives/edgar/data/21344/000112760211000722/0001127602-11-000722-index.htm,"Statement of changes in beneficial ownership of securities
Acc-no: 0001127602-11-000722 Size: 8 KB",1/4/2011
4,https://www.sec.gov/Archives/edgar/data/21344/000112760211000720/0001127602-11-000720-index.htm,"Statement of changes in beneficial ownership of securities
Acc-no: 0001127602-11-000720 Size: 8 KB",1/4/2011
4,https://www.sec.gov/Archives/edgar/data/21344/000112760211000717/0001127602-11-000717-index.htm,"Statement of changes in beneficial ownership of securities
Acc-no: 0001127602-11-000717 Size: 18 KB",1/4/2011
4,https://www.sec.gov/Archives/edgar/data/21344/000112760211000712/0001127602-11-000712-index.htm,"Statement of changes in beneficial ownership of securities
Acc-no: 0001127602-11-000712 Size: 7 KB",1/4/2011
4,https://www.sec.gov/Archives/edgar/data/21344/000112760211000710/0001127602-11-000710-index.htm,"Statement of changes in beneficial ownership of securities
Acc-no: 0001127602-11-000710 Size: 7 KB",1/4/2011
4,https://www.sec.gov/Archives/edgar/data/21344/000112760211000706/0001127602-11-000706-index.htm,"Statement of changes in beneficial ownership of securities
Acc-no: 0001127602-11-000706 Size: 6 KB",1/4/2011
4,https://www.sec.gov/Archives/edgar/data/21344/000112760211000701/0001127602-11-000701-index.htm,"Statement of changes in beneficial ownership of securities
Acc-no: 0001127602-11-000701 Size: 7 KB",1/4/2011
4,https://www.sec.gov/Archives/edgar/data/21344/000112760211000698/0001127602-11-000698-index.htm,"Statement of changes in beneficial ownership of securities
Acc-no: 0001127602-11-000698 Size: 8 KB",1/4/2011
4,https://www.sec.gov/Archives/edgar/data/21344/000112760211000694/0001127602-11-000694-index.htm,"Statement of changes in beneficial ownership of securities
Acc-no: 0001127602-11-000694 Size: 7 KB",1/4/2011
4,https://www.sec.gov/Archives/edgar/data/21344/000112760211000691/0001127602-11-000691-index.htm,"Statement of changes in beneficial ownership of securities
Acc-no: 0001127602-11-000691 Size: 7 KB",1/4/2011
4,https://www.sec.gov/Archives/edgar/data/21344/000112760211000686/0001127602-11-000686-index.htm,"Statement of changes in beneficial ownership of securities
Acc-no: 0001127602-11-000686 Size: 7 KB",1/4/2011
NO ACT,https://www.sec.gov/Archives/edgar/data/21344/999999999711000070/9999999997-11-000070-index.htm,"[Paper]No Action Letter
Acc-no: 9999999997-11-000070 (34 Act)  Size: 1 KB",12/29/2010
4,https://www.sec.gov/Archives/edgar/data/21344/000112760210031058/0001127602-10-031058-index.htm,"Statement of changes in beneficial ownership of securities
Acc-no: 0001127602-10-031058 Size: 6 KB",12/17/2010
4,https://www.sec.gov/Archives/edgar/data/21344/000112760210031057/0001127602-10-031057-index.htm,"Statement of changes in beneficial ownership of securities
Acc-no: 0001127602-10-031057 Size: 6 KB",12/17/2010
4,https://www.sec.gov/Archives/edgar/data/21344/000112760210031056/0001127602-10-031056-index.htm,"Statement of changes in beneficial ownership of securities
Acc-no: 0001127602-10-031056 Size: 6 KB",12/17/2010
4,https://www.sec.gov/Archives/edgar/data/21344/000112760210031055/0001127602-10-031055-index.htm,"Statement of changes in beneficial ownership of securities
Acc-no: 0001127602-10-031055 Size: 7 KB",12/17/2010
4,https://www.sec.gov/Archives/edgar/data/21344/000112760210031054/0001127602-10-031054-index.htm,"Statement of changes in beneficial ownership of securities
Acc-no: 0001127602-10-031054 Size: 7 KB",12/17/2010
4,https://www.sec.gov/Archives/edgar/data/21344/000112760210031053/0001127602-10-031053-index.htm,"Statement of changes in beneficial ownership of securities
Acc-no: 0001127602-10-031053 Size: 6 KB",12/17/2010
4,https://www.sec.gov/Archives/edgar/data/21344/000112760210031052/0001127602-10-031052-index.htm,"Statement of changes in beneficial ownership of securities
Acc-no: 0001127602-10-031052 Size: 6 KB",12/17/2010
4,https://www.sec.gov/Archives/edgar/data/21344/000112760210031051/0001127602-10-031051-index.htm,"Statement of changes in beneficial ownership of securities
Acc-no: 0001127602-10-031051 Size: 11 KB",12/17/2010
4,https://www.sec.gov/Archives/edgar/data/21344/000112760210031050/0001127602-10-031050-index.htm,"Statement of changes in beneficial ownership of securities
Acc-no: 0001127602-10-031050 Size: 6 KB",12/17/2010
4,https://www.sec.gov/Archives/edgar/data/21344/000112760210031048/0001127602-10-031048-index.htm,"Statement of changes in beneficial ownership of securities
Acc-no: 0001127602-10-031048 Size: 12 KB",12/17/2010
4,https://www.sec.gov/Archives/edgar/data/21344/000112760210031047/0001127602-10-031047-index.htm,"Statement of changes in beneficial ownership of securities
Acc-no: 0001127602-10-031047 Size: 6 KB",12/17/2010
4,https://www.sec.gov/Archives/edgar/data/21344/000112760210031046/0001127602-10-031046-index.htm,"Statement of changes in beneficial ownership of securities
Acc-no: 0001127602-10-031046 Size: 7 KB",12/17/2010
4,https://www.sec.gov/Archives/edgar/data/21344/000112760210031045/0001127602-10-031045-index.htm,"Statement of changes in beneficial ownership of securities
Acc-no: 0001127602-10-031045 Size: 6 KB",12/17/2010
4,https://www.sec.gov/Archives/edgar/data/21344/000112760210031043/0001127602-10-031043-index.htm,"Statement of changes in beneficial ownership of securities
Acc-no: 0001127602-10-031043 Size: 6 KB",12/17/2010
4,https://www.sec.gov/Archives/edgar/data/21344/000112760210031042/0001127602-10-031042-index.htm,"Statement of changes in beneficial ownership of securities
Acc-no: 0001127602-10-031042 Size: 7 KB",12/17/2010
4,https://www.sec.gov/Archives/edgar/data/21344/000112760210031041/0001127602-10-031041-index.htm,"Statement of changes in beneficial ownership of securities
Acc-no: 0001127602-10-031041 Size: 7 KB",12/17/2010
8-K,https://www.sec.gov/Archives/edgar/data/21344/000110465910062845/0001104659-10-062845-index.htm,"Current report, items 8.01 and 9.01
Acc-no: 0001104659-10-062845 (34 Act)  Size: 72 KB",12/15/2010
8-K/A,https://www.sec.gov/Archives/edgar/data/21344/000002134410000015/0000021344-10-000015-index.htm,"[Amend] Current report, items 5.02 and 9.01
Acc-no: 0000021344-10-000015 (34 Act)  Size: 91 KB",12/15/2010
4,https://www.sec.gov/Archives/edgar/data/21344/000112760210030326/0001127602-10-030326-index.htm,"Statement of changes in beneficial ownership of securities
Acc-no: 0001127602-10-030326 Size: 6 KB",12/13/2010
3,https://www.sec.gov/Archives/edgar/data/21344/000112760210030322/0001127602-10-030322-index.htm,"Initial statement of beneficial ownership of securities
Acc-no: 0001127602-10-030322 Size: 13 KB",12/13/2010
8-K,https://www.sec.gov/Archives/edgar/data/21344/000002134410000013/0000021344-10-000013-index.htm,"Current report, items 5.02 and 9.01
Acc-no: 0000021344-10-000013 (34 Act)  Size: 76 KB",12/9/2010
4,https://www.sec.gov/Archives/edgar/data/21344/000112760210029603/0001127602-10-029603-index.htm,"Statement of changes in beneficial ownership of securities
Acc-no: 0001127602-10-029603 Size: 11 KB",12/3/2010
8-K,https://www.sec.gov/Archives/edgar/data/21344/000002134410000010/0000021344-10-000010-index.htm,"Current report, item 9.01
Acc-no: 0000021344-10-000010 (34 Act)  Size: 36 KB",12/1/2010
8-K,https://www.sec.gov/Archives/edgar/data/21344/000110465910059789/0001104659-10-059789-index.htm,"Current report, items 8.01 and 9.01
Acc-no: 0001104659-10-059789 (34 Act)  Size: 115 KB",11/23/2010
8-K,https://www.sec.gov/Archives/edgar/data/21344/000110465910059174/0001104659-10-059174-index.htm,"Current report, items 8.01 and 9.01
Acc-no: 0001104659-10-059174 (34 Act)  Size: 383 KB",11/18/2010
8-K,https://www.sec.gov/Archives/edgar/data/21344/000002134410000007/0000021344-10-000007-index.htm,"Current report, items 5.02 and 9.01
Acc-no: 0000021344-10-000007 (34 Act)  Size: 54 KB",11/16/2010
SC 13E3/A,https://www.sec.gov/Archives/edgar/data/21344/000119312510258979/0001193125-10-258979-index.htm,"[Amend] Going private transaction by certain issuers
Acc-no: 0001193125-10-258979 Size: 46 KB",11/12/2010
4,https://www.sec.gov/Archives/edgar/data/21344/000112760210027743/0001127602-10-027743-index.htm,"Statement of changes in beneficial ownership of securities
Acc-no: 0001127602-10-027743 Size: 6 KB",11/12/2010
4,https://www.sec.gov/Archives/edgar/data/21344/000112760210027525/0001127602-10-027525-index.htm,"Statement of changes in beneficial ownership of securities
Acc-no: 0001127602-10-027525 Size: 7 KB",11/9/2010
8-K,https://www.sec.gov/Archives/edgar/data/21344/000110465910056919/0001104659-10-056919-index.htm,"Current report, items 8.01 and 9.01
Acc-no: 0001104659-10-056919 (34 Act)  Size: 280 KB",11/8/2010
424B2,https://www.sec.gov/Archives/edgar/data/21344/000104746910009339/0001047469-10-009339-index.htm,"Prospectus [Rule 424(b)(2)]
Acc-no: 0001047469-10-009339 (33 Act)  Size: 571 KB",11/8/2010
4,https://www.sec.gov/Archives/edgar/data/21344/000112760210027110/0001127602-10-027110-index.htm,"Statement of changes in beneficial ownership of securities
Acc-no: 0001127602-10-027110 Size: 12 KB",11/5/2010
4,https://www.sec.gov/Archives/edgar/data/21344/000112760210027109/0001127602-10-027109-index.htm,"Statement of changes in beneficial ownership of securities
Acc-no: 0001127602-10-027109 Size: 11 KB",11/5/2010
FWP,https://www.sec.gov/Archives/edgar/data/21344/000104746910009257/0001047469-10-009257-index.htm,"Filing under Securities Act Rules 163/433 of free writing prospectuses
Acc-no: 0001047469-10-009257 (34 Act)  Size: 12 KB",11/5/2010
FWP,https://www.sec.gov/Archives/edgar/data/21344/000104746910009256/0001047469-10-009256-index.htm,"Filing under Securities Act Rules 163/433 of free writing prospectuses
Acc-no: 0001047469-10-009256 (34 Act)  Size: 14 KB",11/5/2010
8-K,https://www.sec.gov/Archives/edgar/data/21344/000110465910055938/0001104659-10-055938-index.htm,"Current report, items 8.01 and 9.01
Acc-no: 0001104659-10-055938 (34 Act)  Size: 150 KB",11/4/2010
424B5,https://www.sec.gov/Archives/edgar/data/21344/000104746910009180/0001047469-10-009180-index.htm,"Prospectus [Rule 424(b)(5)]
Acc-no: 0001047469-10-009180 (33 Act)  Size: 551 KB",11/4/2010
S-3ASR,https://www.sec.gov/Archives/edgar/data/21344/000104746910009177/0001047469-10-009177-index.htm,"Automatic shelf registration statement of securities of well-known seasoned issuers
Acc-no: 0001047469-10-009177 (33 Act)  Size: 919 KB",11/4/2010
4,https://www.sec.gov/Archives/edgar/data/21344/000112760210026790/0001127602-10-026790-index.htm,"Statement of changes in beneficial ownership of securities
Acc-no: 0001127602-10-026790 Size: 12 KB",11/3/2010
4,https://www.sec.gov/Archives/edgar/data/21344/000112760210026789/0001127602-10-026789-index.htm,"Statement of changes in beneficial ownership of securities
Acc-no: 0001127602-10-026789 Size: 11 KB",11/3/2010
4,https://www.sec.gov/Archives/edgar/data/21344/000112760210026788/0001127602-10-026788-index.htm,"Statement of changes in beneficial ownership of securities
Acc-no: 0001127602-10-026788 Size: 9 KB",11/3/2010
4,https://www.sec.gov/Archives/edgar/data/21344/000112760210026513/0001127602-10-026513-index.htm,"Statement of changes in beneficial ownership of securities
Acc-no: 0001127602-10-026513 Size: 6 KB",11/2/2010
4,https://www.sec.gov/Archives/edgar/data/21344/000112760210026162/0001127602-10-026162-index.htm,"Statement of changes in beneficial ownership of securities
Acc-no: 0001127602-10-026162 Size: 24 KB",10/29/2010
4,https://www.sec.gov/Archives/edgar/data/21344/000112760210026051/0001127602-10-026051-index.htm,"Statement of changes in beneficial ownership of securities
Acc-no: 0001127602-10-026051 Size: 22 KB",10/27/2010
4,https://www.sec.gov/Archives/edgar/data/21344/000112760210025797/0001127602-10-025797-index.htm,"Statement of changes in beneficial ownership of securities
Acc-no: 0001127602-10-025797 Size: 22 KB",10/20/2010
4,https://www.sec.gov/Archives/edgar/data/21344/000112760210025795/0001127602-10-025795-index.htm,"Statement of changes in beneficial ownership of securities
Acc-no: 0001127602-10-025795 Size: 7 KB",10/20/2010
4,https://www.sec.gov/Archives/edgar/data/21344/000112760210025794/0001127602-10-025794-index.htm,"Statement of changes in beneficial ownership of securities
Acc-no: 0001127602-10-025794 Size: 11 KB",10/20/2010
8-K,https://www.sec.gov/Archives/edgar/data/21344/000110465910052708/0001104659-10-052708-index.htm,"Current report, items 2.02 and 9.01
Acc-no: 0001104659-10-052708 (34 Act)  Size: 1 MB",10/19/2010
3,https://www.sec.gov/Archives/edgar/data/21344/000112760210025327/0001127602-10-025327-index.htm,"Initial statement of beneficial ownership of securities
Acc-no: 0001127602-10-025327 Size: 21 KB",10/12/2010
4,https://www.sec.gov/Archives/edgar/data/21344/000112760210025163/0001127602-10-025163-index.htm,"Statement of changes in beneficial ownership of securities
Acc-no: 0001127602-10-025163 Size: 26 KB",10/7/2010
4,https://www.sec.gov/Archives/edgar/data/21344/000112760210024923/0001127602-10-024923-index.htm,"Statement of changes in beneficial ownership of securities
Acc-no: 0001127602-10-024923 Size: 6 KB",10/5/2010
4,https://www.sec.gov/Archives/edgar/data/21344/000112760210024920/0001127602-10-024920-index.htm,"Statement of changes in beneficial ownership of securities
Acc-no: 0001127602-10-024920 Size: 6 KB",10/5/2010
4,https://www.sec.gov/Archives/edgar/data/21344/000112760210024919/0001127602-10-024919-index.htm,"Statement of changes in beneficial ownership of securities
Acc-no: 0001127602-10-024919 Size: 6 KB",10/5/2010
4,https://www.sec.gov/Archives/edgar/data/21344/000112760210024914/0001127602-10-024914-index.htm,"Statement of changes in beneficial ownership of securities
Acc-no: 0001127602-10-024914 Size: 7 KB",10/5/2010
4,https://www.sec.gov/Archives/edgar/data/21344/000112760210024912/0001127602-10-024912-index.htm,"Statement of changes in beneficial ownership of securities
Acc-no: 0001127602-10-024912 Size: 7 KB",10/5/2010
4,https://www.sec.gov/Archives/edgar/data/21344/000112760210024910/0001127602-10-024910-index.htm,"Statement of changes in beneficial ownership of securities
Acc-no: 0001127602-10-024910 Size: 6 KB",10/5/2010
4,https://www.sec.gov/Archives/edgar/data/21344/000112760210024909/0001127602-10-024909-index.htm,"Statement of changes in beneficial ownership of securities
Acc-no: 0001127602-10-024909 Size: 6 KB",10/5/2010
4,https://www.sec.gov/Archives/edgar/data/21344/000112760210024907/0001127602-10-024907-index.htm,"Statement of changes in beneficial ownership of securities
Acc-no: 0001127602-10-024907 Size: 8 KB",10/5/2010
4,https://www.sec.gov/Archives/edgar/data/21344/000112760210024906/0001127602-10-024906-index.htm,"Statement of changes in beneficial ownership of securities
Acc-no: 0001127602-10-024906 Size: 6 KB",10/5/2010
4,https://www.sec.gov/Archives/edgar/data/21344/000112760210024904/0001127602-10-024904-index.htm,"Statement of changes in beneficial ownership of securities
Acc-no: 0001127602-10-024904 Size: 6 KB",10/5/2010
4,https://www.sec.gov/Archives/edgar/data/21344/000112760210024902/0001127602-10-024902-index.htm,"Statement of changes in beneficial ownership of securities
Acc-no: 0001127602-10-024902 Size: 6 KB",10/5/2010
4,https://www.sec.gov/Archives/edgar/data/21344/000112760210024901/0001127602-10-024901-index.htm,"Statement of changes in beneficial ownership of securities
Acc-no: 0001127602-10-024901 Size: 7 KB",10/5/2010
4,https://www.sec.gov/Archives/edgar/data/21344/000112760210024900/0001127602-10-024900-index.htm,"Statement of changes in beneficial ownership of securities
Acc-no: 0001127602-10-024900 Size: 7 KB",10/5/2010
8-K,https://www.sec.gov/Archives/edgar/data/21344/000134100410001678/0001341004-10-001678-index.htm,"Current report, items 1.01, 2.01, 2.03, and 9.01
Acc-no: 0001341004-10-001678 (34 Act)  Size: 875 KB",10/5/2010
S-3ASR,https://www.sec.gov/Archives/edgar/data/21344/000104746910008401/0001047469-10-008401-index.htm,"Automatic shelf registration statement of securities of well-known seasoned issuers
Acc-no: 0001047469-10-008401 (33 Act)  Size: 347 KB",10/1/2010
S-8,https://www.sec.gov/Archives/edgar/data/21344/000110465910050960/0001104659-10-050960-index.htm,"Securities to be offered to employees in employee benefit plans
Acc-no: 0001104659-10-050960 (33 Act)  Size: 563 KB",10/1/2010
8-K,https://www.sec.gov/Archives/edgar/data/21344/000134100410001640/0001341004-10-001640-index.htm,"Current report, items 8.01 and 9.01
Acc-no: 0001341004-10-001640 (34 Act)  Size: 88 KB",9/27/2010
8-K,https://www.sec.gov/Archives/edgar/data/21344/000134100410001532/0001341004-10-001532-index.htm,"Current report, items 1.01 and 8.01
Acc-no: 0001341004-10-001532 (34 Act)  Size: 101 KB",9/7/2010
8-K,https://www.sec.gov/Archives/edgar/data/21344/000134100410001481/0001341004-10-001481-index.htm,"Current report, item 8.01
Acc-no: 0001341004-10-001481 (34 Act)  Size: 65 KB",8/27/2010
SC 13E3/A,https://www.sec.gov/Archives/edgar/data/21344/000119312510196208/0001193125-10-196208-index.htm,"[Amend] Going private transaction by certain issuers
Acc-no: 0001193125-10-196208 Size: 129 KB",8/25/2010
8-K,https://www.sec.gov/Archives/edgar/data/21344/000134100410001457/0001341004-10-001457-index.htm,"Current report, items 8.01 and 9.01
Acc-no: 0001341004-10-001457 (34 Act)  Size: 114 KB",8/24/2010
SC 13E3/A,https://www.sec.gov/Archives/edgar/data/21344/000119312510192958/0001193125-10-192958-index.htm,"[Amend] Going private transaction by certain issuers
Acc-no: 0001193125-10-192958 Size: 129 KB",8/19/2010
SC 13E3/A,https://www.sec.gov/Archives/edgar/data/21344/000119312510177445/0001193125-10-177445-index.htm,"[Amend] Going private transaction by certain issuers
Acc-no: 0001193125-10-177445 Size: 126 KB",8/4/2010
8-K,https://www.sec.gov/Archives/edgar/data/21344/000134100410001299/0001341004-10-001299-index.htm,"Current report, items 8.01 and 9.01
Acc-no: 0001341004-10-001299 (34 Act)  Size: 98 KB",7/30/2010
8-K,https://www.sec.gov/Archives/edgar/data/21344/000110465910038783/0001104659-10-038783-index.htm,"Current report, items 2.02 and 9.01
Acc-no: 0001104659-10-038783 (34 Act)  Size: 1 MB",7/21/2010
SC 13E3/A,https://www.sec.gov/Archives/edgar/data/21344/000119312510155365/0001193125-10-155365-index.htm,"[Amend] Going private transaction by certain issuers
Acc-no: 0001193125-10-155365 Size: 124 KB",7/8/2010
4,https://www.sec.gov/Archives/edgar/data/21344/000112760210018817/0001127602-10-018817-index.htm,"Statement of changes in beneficial ownership of securities
Acc-no: 0001127602-10-018817 Size: 9 KB",7/6/2010
4,https://www.sec.gov/Archives/edgar/data/21344/000112760210018804/0001127602-10-018804-index.htm,"Statement of changes in beneficial ownership of securities
Acc-no: 0001127602-10-018804 Size: 6 KB",7/6/2010
4,https://www.sec.gov/Archives/edgar/data/21344/000112760210018803/0001127602-10-018803-index.htm,"Statement of changes in beneficial ownership of securities
Acc-no: 0001127602-10-018803 Size: 7 KB",7/6/2010
4,https://www.sec.gov/Archives/edgar/data/21344/000112760210018800/0001127602-10-018800-index.htm,"Statement of changes in beneficial ownership of securities
Acc-no: 0001127602-10-018800 Size: 7 KB",7/6/2010
4,https://www.sec.gov/Archives/edgar/data/21344/000112760210018799/0001127602-10-018799-index.htm,"Statement of changes in beneficial ownership of securities
Acc-no: 0001127602-10-018799 Size: 9 KB",7/6/2010
